Date,Store,Product,Sales,Price,Promotion
2023-01-01,Store_1,Product_1,66,124,0
2023-01-01,Store_1,Product_2,45,180,0
2023-01-01,Store_1,Product_3,22,179,0
2023-01-01,Store_1,Product_4,41,107,0
2023-01-01,Store_1,Product_5,56,64,0
2023-01-01,Store_1,Product_6,69,100,0
2023-01-01,Store_1,Product_7,89,184,0
2023-01-01,Store_1,Product_8,69,67,1
2023-01-01,Store_1,Product_9,69,139,0
2023-01-01,Store_1,Product_10,85,57,0
2023-01-01,Store_2,Product_1,91,181,0
2023-01-01,Store_2,Product_2,23,103,0
2023-01-01,Store_2,Product_3,62,63,0
2023-01-01,Store_2,Product_4,35,89,1
2023-01-01,Store_2,Product_5,74,173,0
2023-01-01,Store_2,Product_6,49,64,0
2023-01-01,Store_2,Product_7,81,185,0
2023-01-01,Store_2,Product_8,23,130,0
2023-01-01,Store_2,Product_9,60,184,1
2023-01-01,Store_2,Product_10,30,82,0
2023-01-01,Store_3,Product_1,48,153,0
2023-01-01,Store_3,Product_2,72,150,1
2023-01-01,Store_3,Product_3,24,191,0
2023-01-01,Store_3,Product_4,36,64,0
2023-01-01,Store_3,Product_5,97,101,0
2023-01-01,Store_3,Product_6,23,192,0
2023-01-01,Store_3,Product_7,67,135,1
2023-01-01,Store_3,Product_8,64,94,0
2023-01-01,Store_3,Product_9,21,133,1
2023-01-01,Store_3,Product_10,112,177,1
2023-01-01,Store_4,Product_1,96,170,1
2023-01-01,Store_4,Product_2,20,152,0
2023-01-01,Store_4,Product_3,39,100,0
2023-01-01,Store_4,Product_4,41,108,0
2023-01-01,Store_4,Product_5,72,101,0
2023-01-01,Store_4,Product_6,58,179,0
2023-01-01,Store_4,Product_7,76,179,0
2023-01-01,Store_4,Product_8,18,196,0
2023-01-01,Store_4,Product_9,74,117,0
2023-01-01,Store_4,Product_10,75,172,0
2023-01-01,Store_5,Product_1,77,188,1
2023-01-01,Store_5,Product_2,28,146,0
2023-01-01,Store_5,Product_3,87,196,0
2023-01-01,Store_5,Product_4,43,197,0
2023-01-01,Store_5,Product_5,85,88,1
2023-01-01,Store_5,Product_6,23,60,0
2023-01-01,Store_5,Product_7,88,139,1
2023-01-01,Store_5,Product_8,73,162,0
2023-01-01,Store_5,Product_9,67,58,0
2023-01-01,Store_5,Product_10,49,97,1
2023-01-02,Store_1,Product_1,41,165,0
2023-01-02,Store_1,Product_2,93,153,0
2023-01-02,Store_1,Product_3,54,117,0
2023-01-02,Store_1,Product_4,43,97,0
2023-01-02,Store_1,Product_5,29,82,0
2023-01-02,Store_1,Product_6,83,164,0
2023-01-02,Store_1,Product_7,46,76,0
2023-01-02,Store_1,Product_8,39,79,0
2023-01-02,Store_1,Product_9,81,97,0
2023-01-02,Store_1,Product_10,57,98,0
2023-01-02,Store_2,Product_1,75,86,1
2023-01-02,Store_2,Product_2,83,144,1
2023-01-02,Store_2,Product_3,78,116,0
2023-01-02,Store_2,Product_4,41,103,0
2023-01-02,Store_2,Product_5,66,135,0
2023-01-02,Store_2,Product_6,42,179,0
2023-01-02,Store_2,Product_7,54,88,0
2023-01-02,Store_2,Product_8,42,148,0
2023-01-02,Store_2,Product_9,43,106,0
2023-01-02,Store_2,Product_10,44,114,0
2023-01-02,Store_3,Product_1,36,81,0
2023-01-02,Store_3,Product_2,82,112,1
2023-01-02,Store_3,Product_3,39,119,0
2023-01-02,Store_3,Product_4,80,150,0
2023-01-02,Store_3,Product_5,78,165,0
2023-01-02,Store_3,Product_6,74,101,0
2023-01-02,Store_3,Product_7,49,68,0
2023-01-02,Store_3,Product_8,72,139,0
2023-01-02,Store_3,Product_9,84,178,0
2023-01-02,Store_3,Product_10,25,83,0
2023-01-02,Store_4,Product_1,69,118,0
2023-01-02,Store_4,Product_2,98,125,0
2023-01-02,Store_4,Product_3,69,134,0
2023-01-02,Store_4,Product_4,62,150,0
2023-01-02,Store_4,Product_5,29,118,0
2023-01-02,Store_4,Product_6,47,73,1
2023-01-02,Store_4,Product_7,22,133,0
2023-01-02,Store_4,Product_8,67,173,0
2023-01-02,Store_4,Product_9,101,116,1
2023-01-02,Store_4,Product_10,60,123,0
2023-01-02,Store_5,Product_1,46,57,0
2023-01-02,Store_5,Product_2,94,139,0
2023-01-02,Store_5,Product_3,34,124,1
2023-01-02,Store_5,Product_4,62,70,1
2023-01-02,Store_5,Product_5,58,148,0
2023-01-02,Store_5,Product_6,40,86,0
2023-01-02,Store_5,Product_7,78,154,0
2023-01-02,Store_5,Product_8,102,133,1
2023-01-02,Store_5,Product_9,37,189,1
2023-01-02,Store_5,Product_10,43,125,0
2023-01-03,Store_1,Product_1,57,166,0
2023-01-03,Store_1,Product_2,37,74,0
2023-01-03,Store_1,Product_3,91,158,1
2023-01-03,Store_1,Product_4,81,191,0
2023-01-03,Store_1,Product_5,26,124,0
2023-01-03,Store_1,Product_6,104,58,0
2023-01-03,Store_1,Product_7,34,76,0
2023-01-03,Store_1,Product_8,26,78,0
2023-01-03,Store_1,Product_9,24,194,1
2023-01-03,Store_1,Product_10,57,181,0
2023-01-03,Store_2,Product_1,39,140,0
2023-01-03,Store_2,Product_2,37,88,0
2023-01-03,Store_2,Product_3,64,107,0
2023-01-03,Store_2,Product_4,108,110,1
2023-01-03,Store_2,Product_5,61,162,0
2023-01-03,Store_2,Product_6,72,166,1
2023-01-03,Store_2,Product_7,76,96,1
2023-01-03,Store_2,Product_8,116,196,1
2023-01-03,Store_2,Product_9,35,192,0
2023-01-03,Store_2,Product_10,71,167,0
2023-01-03,Store_3,Product_1,76,166,0
2023-01-03,Store_3,Product_2,53,139,0
2023-01-03,Store_3,Product_3,76,90,0
2023-01-03,Store_3,Product_4,47,194,0
2023-01-03,Store_3,Product_5,92,95,0
2023-01-03,Store_3,Product_6,28,131,0
2023-01-03,Store_3,Product_7,98,105,1
2023-01-03,Store_3,Product_8,34,168,0
2023-01-03,Store_3,Product_9,86,60,0
2023-01-03,Store_3,Product_10,99,135,1
2023-01-03,Store_4,Product_1,68,148,0
2023-01-03,Store_4,Product_2,56,104,1
2023-01-03,Store_4,Product_3,96,132,0
2023-01-03,Store_4,Product_4,99,159,0
2023-01-03,Store_4,Product_5,58,162,0
2023-01-03,Store_4,Product_6,56,141,0
2023-01-03,Store_4,Product_7,72,167,1
2023-01-03,Store_4,Product_8,96,61,1
2023-01-03,Store_4,Product_9,22,134,0
2023-01-03,Store_4,Product_10,107,152,0
2023-01-03,Store_5,Product_1,66,128,0
2023-01-03,Store_5,Product_2,89,101,0
2023-01-03,Store_5,Product_3,107,100,0
2023-01-03,Store_5,Product_4,42,181,0
2023-01-03,Store_5,Product_5,34,118,1
2023-01-03,Store_5,Product_6,72,175,0
2023-01-03,Store_5,Product_7,96,153,0
2023-01-03,Store_5,Product_8,40,145,0
2023-01-03,Store_5,Product_9,59,196,1
2023-01-03,Store_5,Product_10,59,110,0
2023-01-04,Store_1,Product_1,107,139,1
2023-01-04,Store_1,Product_2,64,127,0
2023-01-04,Store_1,Product_3,43,143,0
2023-01-04,Store_1,Product_4,69,110,0
2023-01-04,Store_1,Product_5,59,96,0
2023-01-04,Store_1,Product_6,37,77,0
2023-01-04,Store_1,Product_7,31,160,1
2023-01-04,Store_1,Product_8,33,87,0
2023-01-04,Store_1,Product_9,36,77,0
2023-01-04,Store_1,Product_10,74,66,0
2023-01-04,Store_2,Product_1,60,74,0
2023-01-04,Store_2,Product_2,81,158,0
2023-01-04,Store_2,Product_3,64,132,0
2023-01-04,Store_2,Product_4,33,75,0
2023-01-04,Store_2,Product_5,72,199,0
2023-01-04,Store_2,Product_6,93,161,0
2023-01-04,Store_2,Product_7,115,124,1
2023-01-04,Store_2,Product_8,30,167,0
2023-01-04,Store_2,Product_9,74,185,0
2023-01-04,Store_2,Product_10,69,93,0
2023-01-04,Store_3,Product_1,42,69,0
2023-01-04,Store_3,Product_2,58,50,0
2023-01-04,Store_3,Product_3,84,149,0
2023-01-04,Store_3,Product_4,18,183,0
2023-01-04,Store_3,Product_5,40,179,0
2023-01-04,Store_3,Product_6,32,133,0
2023-01-04,Store_3,Product_7,95,87,0
2023-01-04,Store_3,Product_8,91,118,1
2023-01-04,Store_3,Product_9,72,186,0
2023-01-04,Store_3,Product_10,52,50,0
2023-01-04,Store_4,Product_1,44,109,0
2023-01-04,Store_4,Product_2,60,54,0
2023-01-04,Store_4,Product_3,87,91,0
2023-01-04,Store_4,Product_4,61,121,0
2023-01-04,Store_4,Product_5,35,146,0
2023-01-04,Store_4,Product_6,46,194,1
2023-01-04,Store_4,Product_7,90,88,0
2023-01-04,Store_4,Product_8,26,116,0
2023-01-04,Store_4,Product_9,87,160,0
2023-01-04,Store_4,Product_10,49,87,0
2023-01-04,Store_5,Product_1,54,172,0
2023-01-04,Store_5,Product_2,60,190,0
2023-01-04,Store_5,Product_3,78,54,0
2023-01-04,Store_5,Product_4,85,125,0
2023-01-04,Store_5,Product_5,54,85,0
2023-01-04,Store_5,Product_6,62,118,1
2023-01-04,Store_5,Product_7,88,72,0
2023-01-04,Store_5,Product_8,62,156,0
2023-01-04,Store_5,Product_9,44,149,1
2023-01-04,Store_5,Product_10,20,169,0
2023-01-05,Store_1,Product_1,44,78,0
2023-01-05,Store_1,Product_2,70,60,0
2023-01-05,Store_1,Product_3,63,106,0
2023-01-05,Store_1,Product_4,71,104,0
2023-01-05,Store_1,Product_5,32,186,0
2023-01-05,Store_1,Product_6,76,166,0
2023-01-05,Store_1,Product_7,71,124,1
2023-01-05,Store_1,Product_8,15,140,0
2023-01-05,Store_1,Product_9,65,137,0
2023-01-05,Store_1,Product_10,41,112,0
2023-01-05,Store_2,Product_1,53,112,1
2023-01-05,Store_2,Product_2,63,120,0
2023-01-05,Store_2,Product_3,26,111,0
2023-01-05,Store_2,Product_4,39,98,0
2023-01-05,Store_2,Product_5,51,50,0
2023-01-05,Store_2,Product_6,73,162,0
2023-01-05,Store_2,Product_7,67,57,1
2023-01-05,Store_2,Product_8,24,81,0
2023-01-05,Store_2,Product_9,52,81,0
2023-01-05,Store_2,Product_10,28,114,0
2023-01-05,Store_3,Product_1,90,121,0
2023-01-05,Store_3,Product_2,81,100,0
2023-01-05,Store_3,Product_3,27,127,0
2023-01-05,Store_3,Product_4,64,193,0
2023-01-05,Store_3,Product_5,67,104,1
2023-01-05,Store_3,Product_6,22,123,0
2023-01-05,Store_3,Product_7,53,131,1
2023-01-05,Store_3,Product_8,71,197,0
2023-01-05,Store_3,Product_9,20,69,0
2023-01-05,Store_3,Product_10,57,186,0
2023-01-05,Store_4,Product_1,75,169,1
2023-01-05,Store_4,Product_2,35,58,0
2023-01-05,Store_4,Product_3,42,53,0
2023-01-05,Store_4,Product_4,47,158,0
2023-01-05,Store_4,Product_5,58,83,0
2023-01-05,Store_4,Product_6,40,171,0
2023-01-05,Store_4,Product_7,55,102,0
2023-01-05,Store_4,Product_8,73,194,0
2023-01-05,Store_4,Product_9,79,103,0
2023-01-05,Store_4,Product_10,71,85,0
2023-01-05,Store_5,Product_1,41,162,0
2023-01-05,Store_5,Product_2,70,147,0
2023-01-05,Store_5,Product_3,44,82,0
2023-01-05,Store_5,Product_4,41,130,0
2023-01-05,Store_5,Product_5,91,89,0
2023-01-05,Store_5,Product_6,82,153,0
2023-01-05,Store_5,Product_7,64,98,0
2023-01-05,Store_5,Product_8,91,106,0
2023-01-05,Store_5,Product_9,70,130,0
2023-01-05,Store_5,Product_10,128,74,1
2023-01-06,Store_1,Product_1,34,75,0
2023-01-06,Store_1,Product_2,28,63,0
2023-01-06,Store_1,Product_3,35,108,1
2023-01-06,Store_1,Product_4,58,195,0
2023-01-06,Store_1,Product_5,31,157,0
2023-01-06,Store_1,Product_6,30,86,0
2023-01-06,Store_1,Product_7,82,169,0
2023-01-06,Store_1,Product_8,36,190,0
2023-01-06,Store_1,Product_9,41,104,0
2023-01-06,Store_1,Product_10,53,62,0
2023-01-06,Store_2,Product_1,65,170,0
2023-01-06,Store_2,Product_2,42,152,0
2023-01-06,Store_2,Product_3,83,191,0
2023-01-06,Store_2,Product_4,87,195,0
2023-01-06,Store_2,Product_5,47,122,0
2023-01-06,Store_2,Product_6,104,189,1
2023-01-06,Store_2,Product_7,62,95,0
2023-01-06,Store_2,Product_8,97,126,1
2023-01-06,Store_2,Product_9,110,166,1
2023-01-06,Store_2,Product_10,96,156,0
2023-01-06,Store_3,Product_1,77,55,1
2023-01-06,Store_3,Product_2,71,96,0
2023-01-06,Store_3,Product_3,27,131,0
2023-01-06,Store_3,Product_4,17,62,0
2023-01-06,Store_3,Product_5,82,172,0
2023-01-06,Store_3,Product_6,25,125,0
2023-01-06,Store_3,Product_7,102,173,0
2023-01-06,Store_3,Product_8,102,182,0
2023-01-06,Store_3,Product_9,35,130,0
2023-01-06,Store_3,Product_10,66,111,0
2023-01-06,Store_4,Product_1,87,89,0
2023-01-06,Store_4,Product_2,57,55,0
2023-01-06,Store_4,Product_3,105,108,0
2023-01-06,Store_4,Product_4,35,156,0
2023-01-06,Store_4,Product_5,94,56,1
2023-01-06,Store_4,Product_6,73,107,0
2023-01-06,Store_4,Product_7,50,156,0
2023-01-06,Store_4,Product_8,72,131,1
2023-01-06,Store_4,Product_9,94,62,0
2023-01-06,Store_4,Product_10,41,153,0
2023-01-06,Store_5,Product_1,78,123,0
2023-01-06,Store_5,Product_2,80,109,0
2023-01-06,Store_5,Product_3,55,66,0
2023-01-06,Store_5,Product_4,38,187,0
2023-01-06,Store_5,Product_5,48,99,1
2023-01-06,Store_5,Product_6,68,78,0
2023-01-06,Store_5,Product_7,80,107,0
2023-01-06,Store_5,Product_8,79,78,1
2023-01-06,Store_5,Product_9,33,78,0
2023-01-06,Store_5,Product_10,58,179,0
2023-01-07,Store_1,Product_1,44,150,0
2023-01-07,Store_1,Product_2,27,196,0
2023-01-07,Store_1,Product_3,18,64,0
2023-01-07,Store_1,Product_4,59,113,1
2023-01-07,Store_1,Product_5,59,76,1
2023-01-07,Store_1,Product_6,64,194,0
2023-01-07,Store_1,Product_7,31,180,0
2023-01-07,Store_1,Product_8,80,73,1
2023-01-07,Store_1,Product_9,22,66,0
2023-01-07,Store_1,Product_10,22,112,0
2023-01-07,Store_2,Product_1,19,121,0
2023-01-07,Store_2,Product_2,89,131,0
2023-01-07,Store_2,Product_3,76,82,1
2023-01-07,Store_2,Product_4,56,185,0
2023-01-07,Store_2,Product_5,70,170,0
2023-01-07,Store_2,Product_6,97,129,0
2023-01-07,Store_2,Product_7,46,146,0
2023-01-07,Store_2,Product_8,50,126,0
2023-01-07,Store_2,Product_9,45,192,0
2023-01-07,Store_2,Product_10,71,98,1
2023-01-07,Store_3,Product_1,108,57,1
2023-01-07,Store_3,Product_2,84,133,0
2023-01-07,Store_3,Product_3,37,183,1
2023-01-07,Store_3,Product_4,56,176,0
2023-01-07,Store_3,Product_5,60,61,0
2023-01-07,Store_3,Product_6,33,74,1
2023-01-07,Store_3,Product_7,42,81,0
2023-01-07,Store_3,Product_8,87,195,0
2023-01-07,Store_3,Product_9,52,84,0
2023-01-07,Store_3,Product_10,92,146,1
2023-01-07,Store_4,Product_1,71,73,0
2023-01-07,Store_4,Product_2,27,157,0
2023-01-07,Store_4,Product_3,72,166,0
2023-01-07,Store_4,Product_4,115,128,1
2023-01-07,Store_4,Product_5,22,180,0
2023-01-07,Store_4,Product_6,53,70,0
2023-01-07,Store_4,Product_7,49,136,0
2023-01-07,Store_4,Product_8,36,127,0
2023-01-07,Store_4,Product_9,57,111,0
2023-01-07,Store_4,Product_10,40,133,0
2023-01-07,Store_5,Product_1,84,77,0
2023-01-07,Store_5,Product_2,31,94,0
2023-01-07,Store_5,Product_3,52,59,0
2023-01-07,Store_5,Product_4,15,182,0
2023-01-07,Store_5,Product_5,57,156,0
2023-01-07,Store_5,Product_6,106,98,1
2023-01-07,Store_5,Product_7,70,183,0
2023-01-07,Store_5,Product_8,80,197,0
2023-01-07,Store_5,Product_9,21,75,0
2023-01-07,Store_5,Product_10,53,108,0
2023-01-08,Store_1,Product_1,76,87,0
2023-01-08,Store_1,Product_2,67,101,0
2023-01-08,Store_1,Product_3,30,54,1
2023-01-08,Store_1,Product_4,77,83,0
2023-01-08,Store_1,Product_5,76,194,1
2023-01-08,Store_1,Product_6,77,162,0
2023-01-08,Store_1,Product_7,95,191,0
2023-01-08,Store_1,Product_8,90,154,0
2023-01-08,Store_1,Product_9,86,62,0
2023-01-08,Store_1,Product_10,99,117,0
2023-01-08,Store_2,Product_1,36,131,1
2023-01-08,Store_2,Product_2,55,132,1
2023-01-08,Store_2,Product_3,22,138,0
2023-01-08,Store_2,Product_4,80,125,0
2023-01-08,Store_2,Product_5,31,98,0
2023-01-08,Store_2,Product_6,63,151,0
2023-01-08,Store_2,Product_7,98,58,0
2023-01-08,Store_2,Product_8,54,121,0
2023-01-08,Store_2,Product_9,82,64,0
2023-01-08,Store_2,Product_10,91,95,0
2023-01-08,Store_3,Product_1,62,100,0
2023-01-08,Store_3,Product_2,43,190,0
2023-01-08,Store_3,Product_3,56,166,0
2023-01-08,Store_3,Product_4,42,84,0
2023-01-08,Store_3,Product_5,53,126,0
2023-01-08,Store_3,Product_6,103,56,0
2023-01-08,Store_3,Product_7,92,105,0
2023-01-08,Store_3,Product_8,101,91,1
2023-01-08,Store_3,Product_9,109,96,1
2023-01-08,Store_3,Product_10,31,167,0
2023-01-08,Store_4,Product_1,32,171,0
2023-01-08,Store_4,Product_2,68,121,0
2023-01-08,Store_4,Product_3,73,99,0
2023-01-08,Store_4,Product_4,77,138,0
2023-01-08,Store_4,Product_5,55,118,0
2023-01-08,Store_4,Product_6,48,168,0
2023-01-08,Store_4,Product_7,43,60,0
2023-01-08,Store_4,Product_8,98,126,0
2023-01-08,Store_4,Product_9,41,167,0
2023-01-08,Store_4,Product_10,70,73,0
2023-01-08,Store_5,Product_1,31,81,0
2023-01-08,Store_5,Product_2,62,146,0
2023-01-08,Store_5,Product_3,88,62,0
2023-01-08,Store_5,Product_4,19,54,0
2023-01-08,Store_5,Product_5,58,99,0
2023-01-08,Store_5,Product_6,65,174,0
2023-01-08,Store_5,Product_7,90,151,0
2023-01-08,Store_5,Product_8,48,165,0
2023-01-08,Store_5,Product_9,71,104,0
2023-01-08,Store_5,Product_10,103,170,1
2023-01-09,Store_1,Product_1,47,52,1
2023-01-09,Store_1,Product_2,45,141,1
2023-01-09,Store_1,Product_3,36,114,1
2023-01-09,Store_1,Product_4,45,133,0
2023-01-09,Store_1,Product_5,90,65,0
2023-01-09,Store_1,Product_6,36,85,0
2023-01-09,Store_1,Product_7,95,124,1
2023-01-09,Store_1,Product_8,77,104,0
2023-01-09,Store_1,Product_9,44,150,0
2023-01-09,Store_1,Product_10,33,98,0
2023-01-09,Store_2,Product_1,70,183,0
2023-01-09,Store_2,Product_2,26,63,0
2023-01-09,Store_2,Product_3,45,74,0
2023-01-09,Store_2,Product_4,54,144,0
2023-01-09,Store_2,Product_5,117,180,1
2023-01-09,Store_2,Product_6,29,74,0
2023-01-09,Store_2,Product_7,40,128,1
2023-01-09,Store_2,Product_8,76,61,1
2023-01-09,Store_2,Product_9,37,142,0
2023-01-09,Store_2,Product_10,20,109,0
2023-01-09,Store_3,Product_1,48,60,0
2023-01-09,Store_3,Product_2,51,105,0
2023-01-09,Store_3,Product_3,26,129,0
2023-01-09,Store_3,Product_4,28,53,1
2023-01-09,Store_3,Product_5,34,101,0
2023-01-09,Store_3,Product_6,55,112,0
2023-01-09,Store_3,Product_7,77,56,0
2023-01-09,Store_3,Product_8,40,135,1
2023-01-09,Store_3,Product_9,73,128,0
2023-01-09,Store_3,Product_10,66,169,0
2023-01-09,Store_4,Product_1,90,131,0
2023-01-09,Store_4,Product_2,50,188,0
2023-01-09,Store_4,Product_3,69,83,0
2023-01-09,Store_4,Product_4,70,91,0
2023-01-09,Store_4,Product_5,36,179,0
2023-01-09,Store_4,Product_6,60,146,1
2023-01-09,Store_4,Product_7,83,77,0
2023-01-09,Store_4,Product_8,61,57,1
2023-01-09,Store_4,Product_9,94,136,0
2023-01-09,Store_4,Product_10,88,136,0
2023-01-09,Store_5,Product_1,124,66,1
2023-01-09,Store_5,Product_2,44,107,0
2023-01-09,Store_5,Product_3,28,54,0
2023-01-09,Store_5,Product_4,35,113,0
2023-01-09,Store_5,Product_5,32,98,0
2023-01-09,Store_5,Product_6,95,127,0
2023-01-09,Store_5,Product_7,81,189,0
2023-01-09,Store_5,Product_8,26,167,0
2023-01-09,Store_5,Product_9,56,173,0
2023-01-09,Store_5,Product_10,34,64,0
2023-01-10,Store_1,Product_1,36,108,0
2023-01-10,Store_1,Product_2,36,81,0
2023-01-10,Store_1,Product_3,55,168,1
2023-01-10,Store_1,Product_4,30,67,0
2023-01-10,Store_1,Product_5,35,135,0
2023-01-10,Store_1,Product_6,44,141,0
2023-01-10,Store_1,Product_7,30,76,1
2023-01-10,Store_1,Product_8,96,137,0
2023-01-10,Store_1,Product_9,54,52,0
2023-01-10,Store_1,Product_10,45,72,0
2023-01-10,Store_2,Product_1,65,160,0
2023-01-10,Store_2,Product_2,96,193,1
2023-01-10,Store_2,Product_3,29,113,1
2023-01-10,Store_2,Product_4,34,198,0
2023-01-10,Store_2,Product_5,43,186,0
2023-01-10,Store_2,Product_6,103,103,1
2023-01-10,Store_2,Product_7,110,119,1
2023-01-10,Store_2,Product_8,73,181,0
2023-01-10,Store_2,Product_9,28,86,0
2023-01-10,Store_2,Product_10,76,152,0
2023-01-10,Store_3,Product_1,57,69,0
2023-01-10,Store_3,Product_2,90,53,0
2023-01-10,Store_3,Product_3,24,104,0
2023-01-10,Store_3,Product_4,41,131,0
2023-01-10,Store_3,Product_5,81,159,0
2023-01-10,Store_3,Product_6,51,158,0
2023-01-10,Store_3,Product_7,83,68,0
2023-01-10,Store_3,Product_8,79,162,0
2023-01-10,Store_3,Product_9,43,96,1
2023-01-10,Store_3,Product_10,65,194,0
2023-01-10,Store_4,Product_1,47,96,1
2023-01-10,Store_4,Product_2,97,152,0
2023-01-10,Store_4,Product_3,38,187,0
2023-01-10,Store_4,Product_4,91,156,0
2023-01-10,Store_4,Product_5,81,196,0
2023-01-10,Store_4,Product_6,81,118,1
2023-01-10,Store_4,Product_7,44,54,0
2023-01-10,Store_4,Product_8,21,175,0
2023-01-10,Store_4,Product_9,64,119,0
2023-01-10,Store_4,Product_10,64,109,0
2023-01-10,Store_5,Product_1,82,85,0
2023-01-10,Store_5,Product_2,51,157,0
2023-01-10,Store_5,Product_3,35,169,1
2023-01-10,Store_5,Product_4,43,155,1
2023-01-10,Store_5,Product_5,91,156,0
2023-01-10,Store_5,Product_6,74,70,0
2023-01-10,Store_5,Product_7,53,192,0
2023-01-10,Store_5,Product_8,96,197,0
2023-01-10,Store_5,Product_9,61,106,0
2023-01-10,Store_5,Product_10,39,131,0
2023-01-11,Store_1,Product_1,61,138,1
2023-01-11,Store_1,Product_2,45,166,0
2023-01-11,Store_1,Product_3,94,110,0
2023-01-11,Store_1,Product_4,58,92,0
2023-01-11,Store_1,Product_5,66,147,0
2023-01-11,Store_1,Product_6,26,51,0
2023-01-11,Store_1,Product_7,76,161,0
2023-01-11,Store_1,Product_8,70,135,0
2023-01-11,Store_1,Product_9,59,148,0
2023-01-11,Store_1,Product_10,80,98,0
2023-01-11,Store_2,Product_1,29,117,0
2023-01-11,Store_2,Product_2,41,169,0
2023-01-11,Store_2,Product_3,98,107,0
2023-01-11,Store_2,Product_4,76,115,0
2023-01-11,Store_2,Product_5,24,55,0
2023-01-11,Store_2,Product_6,48,138,0
2023-01-11,Store_2,Product_7,64,90,0
2023-01-11,Store_2,Product_8,86,104,0
2023-01-11,Store_2,Product_9,36,91,0
2023-01-11,Store_2,Product_10,95,61,0
2023-01-11,Store_3,Product_1,119,57,1
2023-01-11,Store_3,Product_2,67,156,0
2023-01-11,Store_3,Product_3,111,168,1
2023-01-11,Store_3,Product_4,97,158,1
2023-01-11,Store_3,Product_5,45,151,1
2023-01-11,Store_3,Product_6,86,177,0
2023-01-11,Store_3,Product_7,52,182,1
2023-01-11,Store_3,Product_8,39,165,1
2023-01-11,Store_3,Product_9,26,188,1
2023-01-11,Store_3,Product_10,119,180,1
2023-01-11,Store_4,Product_1,54,83,0
2023-01-11,Store_4,Product_2,64,131,0
2023-01-11,Store_4,Product_3,105,66,1
2023-01-11,Store_4,Product_4,29,143,1
2023-01-11,Store_4,Product_5,54,96,0
2023-01-11,Store_4,Product_6,91,197,0
2023-01-11,Store_4,Product_7,97,96,0
2023-01-11,Store_4,Product_8,82,70,0
2023-01-11,Store_4,Product_9,76,194,0
2023-01-11,Store_4,Product_10,119,164,1
2023-01-11,Store_5,Product_1,42,95,0
2023-01-11,Store_5,Product_2,87,84,0
2023-01-11,Store_5,Product_3,97,137,0
2023-01-11,Store_5,Product_4,51,132,1
2023-01-11,Store_5,Product_5,28,120,0
2023-01-11,Store_5,Product_6,116,173,1
2023-01-11,Store_5,Product_7,42,79,0
2023-01-11,Store_5,Product_8,63,169,0
2023-01-11,Store_5,Product_9,27,127,0
2023-01-11,Store_5,Product_10,111,117,1
2023-01-12,Store_1,Product_1,28,169,0
2023-01-12,Store_1,Product_2,85,65,0
2023-01-12,Store_1,Product_3,69,113,0
2023-01-12,Store_1,Product_4,40,118,0
2023-01-12,Store_1,Product_5,97,186,0
2023-01-12,Store_1,Product_6,86,57,0
2023-01-12,Store_1,Product_7,75,196,1
2023-01-12,Store_1,Product_8,43,70,0
2023-01-12,Store_1,Product_9,44,104,0
2023-01-12,Store_1,Product_10,55,53,0
2023-01-12,Store_2,Product_1,65,154,0
2023-01-12,Store_2,Product_2,60,55,1
2023-01-12,Store_2,Product_3,39,76,0
2023-01-12,Store_2,Product_4,84,142,0
2023-01-12,Store_2,Product_5,48,133,0
2023-01-12,Store_2,Product_6,27,98,0
2023-01-12,Store_2,Product_7,85,146,0
2023-01-12,Store_2,Product_8,71,111,0
2023-01-12,Store_2,Product_9,74,86,0
2023-01-12,Store_2,Product_10,41,137,0
2023-01-12,Store_3,Product_1,85,190,0
2023-01-12,Store_3,Product_2,40,188,0
2023-01-12,Store_3,Product_3,65,68,0
2023-01-12,Store_3,Product_4,87,158,0
2023-01-12,Store_3,Product_5,52,133,0
2023-01-12,Store_3,Product_6,88,117,0
2023-01-12,Store_3,Product_7,63,133,1
2023-01-12,Store_3,Product_8,96,171,0
2023-01-12,Store_3,Product_9,63,154,0
2023-01-12,Store_3,Product_10,74,124,0
2023-01-12,Store_4,Product_1,39,170,0
2023-01-12,Store_4,Product_2,25,133,0
2023-01-12,Store_4,Product_3,29,143,0
2023-01-12,Store_4,Product_4,63,61,0
2023-01-12,Store_4,Product_5,85,150,0
2023-01-12,Store_4,Product_6,66,176,0
2023-01-12,Store_4,Product_7,49,148,0
2023-01-12,Store_4,Product_8,92,171,0
2023-01-12,Store_4,Product_9,54,128,0
2023-01-12,Store_4,Product_10,54,153,1
2023-01-12,Store_5,Product_1,60,149,0
2023-01-12,Store_5,Product_2,37,83,0
2023-01-12,Store_5,Product_3,56,114,0
2023-01-12,Store_5,Product_4,42,68,0
2023-01-12,Store_5,Product_5,87,188,0
2023-01-12,Store_5,Product_6,57,113,0
2023-01-12,Store_5,Product_7,56,114,0
2023-01-12,Store_5,Product_8,77,118,0
2023-01-12,Store_5,Product_9,74,156,0
2023-01-12,Store_5,Product_10,73,99,0
2023-01-13,Store_1,Product_1,31,171,0
2023-01-13,Store_1,Product_2,63,173,0
2023-01-13,Store_1,Product_3,33,162,0
2023-01-13,Store_1,Product_4,82,175,0
2023-01-13,Store_1,Product_5,37,98,0
2023-01-13,Store_1,Product_6,90,172,1
2023-01-13,Store_1,Product_7,19,100,0
2023-01-13,Store_1,Product_8,63,176,0
2023-01-13,Store_1,Product_9,66,178,0
2023-01-13,Store_1,Product_10,52,174,0
2023-01-13,Store_2,Product_1,42,148,1
2023-01-13,Store_2,Product_2,42,68,0
2023-01-13,Store_2,Product_3,29,167,0
2023-01-13,Store_2,Product_4,99,140,1
2023-01-13,Store_2,Product_5,29,198,0
2023-01-13,Store_2,Product_6,16,69,0
2023-01-13,Store_2,Product_7,34,101,1
2023-01-13,Store_2,Product_8,76,151,0
2023-01-13,Store_2,Product_9,80,131,0
2023-01-13,Store_2,Product_10,90,53,1
2023-01-13,Store_3,Product_1,55,165,0
2023-01-13,Store_3,Product_2,92,196,0
2023-01-13,Store_3,Product_3,91,80,0
2023-01-13,Store_3,Product_4,29,142,0
2023-01-13,Store_3,Product_5,84,175,0
2023-01-13,Store_3,Product_6,99,84,0
2023-01-13,Store_3,Product_7,78,86,0
2023-01-13,Store_3,Product_8,56,190,0
2023-01-13,Store_3,Product_9,34,50,1
2023-01-13,Store_3,Product_10,90,153,0
2023-01-13,Store_4,Product_1,54,151,0
2023-01-13,Store_4,Product_2,89,52,0
2023-01-13,Store_4,Product_3,98,65,0
2023-01-13,Store_4,Product_4,50,168,1
2023-01-13,Store_4,Product_5,31,62,0
2023-01-13,Store_4,Product_6,52,83,0
2023-01-13,Store_4,Product_7,30,104,1
2023-01-13,Store_4,Product_8,72,88,0
2023-01-13,Store_4,Product_9,52,102,0
2023-01-13,Store_4,Product_10,57,80,1
2023-01-13,Store_5,Product_1,44,103,0
2023-01-13,Store_5,Product_2,59,163,0
2023-01-13,Store_5,Product_3,45,128,0
2023-01-13,Store_5,Product_4,79,53,0
2023-01-13,Store_5,Product_5,29,83,0
2023-01-13,Store_5,Product_6,87,154,0
2023-01-13,Store_5,Product_7,125,87,1
2023-01-13,Store_5,Product_8,76,57,0
2023-01-13,Store_5,Product_9,109,149,1
2023-01-13,Store_5,Product_10,67,190,0
2023-01-14,Store_1,Product_1,93,194,0
2023-01-14,Store_1,Product_2,50,109,0
2023-01-14,Store_1,Product_3,81,73,0
2023-01-14,Store_1,Product_4,45,74,0
2023-01-14,Store_1,Product_5,54,86,0
2023-01-14,Store_1,Product_6,67,152,0
2023-01-14,Store_1,Product_7,57,154,0
2023-01-14,Store_1,Product_8,34,190,0
2023-01-14,Store_1,Product_9,32,103,1
2023-01-14,Store_1,Product_10,61,186,0
2023-01-14,Store_2,Product_1,30,119,0
2023-01-14,Store_2,Product_2,39,77,0
2023-01-14,Store_2,Product_3,71,62,0
2023-01-14,Store_2,Product_4,76,187,0
2023-01-14,Store_2,Product_5,61,130,0
2023-01-14,Store_2,Product_6,26,180,0
2023-01-14,Store_2,Product_7,37,78,0
2023-01-14,Store_2,Product_8,84,139,0
2023-01-14,Store_2,Product_9,54,141,1
2023-01-14,Store_2,Product_10,45,183,0
2023-01-14,Store_3,Product_1,47,106,0
2023-01-14,Store_3,Product_2,45,92,0
2023-01-14,Store_3,Product_3,102,94,0
2023-01-14,Store_3,Product_4,29,153,0
2023-01-14,Store_3,Product_5,50,128,0
2023-01-14,Store_3,Product_6,69,53,1
2023-01-14,Store_3,Product_7,38,124,1
2023-01-14,Store_3,Product_8,41,71,0
2023-01-14,Store_3,Product_9,101,75,1
2023-01-14,Store_3,Product_10,74,132,0
2023-01-14,Store_4,Product_1,79,144,0
2023-01-14,Store_4,Product_2,104,98,1
2023-01-14,Store_4,Product_3,80,75,0
2023-01-14,Store_4,Product_4,26,133,0
2023-01-14,Store_4,Product_5,96,64,0
2023-01-14,Store_4,Product_6,40,95,0
2023-01-14,Store_4,Product_7,53,52,0
2023-01-14,Store_4,Product_8,36,157,1
2023-01-14,Store_4,Product_9,99,119,0
2023-01-14,Store_4,Product_10,91,148,0
2023-01-14,Store_5,Product_1,83,138,1
2023-01-14,Store_5,Product_2,79,151,0
2023-01-14,Store_5,Product_3,52,66,1
2023-01-14,Store_5,Product_4,108,57,0
2023-01-14,Store_5,Product_5,26,143,0
2023-01-14,Store_5,Product_6,66,130,0
2023-01-14,Store_5,Product_7,82,153,1
2023-01-14,Store_5,Product_8,92,140,0
2023-01-14,Store_5,Product_9,48,190,0
2023-01-14,Store_5,Product_10,34,83,1
2023-01-15,Store_1,Product_1,39,116,0
2023-01-15,Store_1,Product_2,80,148,1
2023-01-15,Store_1,Product_3,106,131,0
2023-01-15,Store_1,Product_4,16,107,1
2023-01-15,Store_1,Product_5,42,90,0
2023-01-15,Store_1,Product_6,82,194,0
2023-01-15,Store_1,Product_7,63,188,0
2023-01-15,Store_1,Product_8,45,148,0
2023-01-15,Store_1,Product_9,47,120,1
2023-01-15,Store_1,Product_10,21,198,0
2023-01-15,Store_2,Product_1,43,165,0
2023-01-15,Store_2,Product_2,12,90,0
2023-01-15,Store_2,Product_3,65,73,1
2023-01-15,Store_2,Product_4,86,73,0
2023-01-15,Store_2,Product_5,20,72,1
2023-01-15,Store_2,Product_6,76,111,0
2023-01-15,Store_2,Product_7,78,187,0
2023-01-15,Store_2,Product_8,60,134,0
2023-01-15,Store_2,Product_9,22,190,0
2023-01-15,Store_2,Product_10,67,79,0
2023-01-15,Store_3,Product_1,42,175,0
2023-01-15,Store_3,Product_2,64,167,0
2023-01-15,Store_3,Product_3,35,198,0
2023-01-15,Store_3,Product_4,45,108,0
2023-01-15,Store_3,Product_5,59,58,0
2023-01-15,Store_3,Product_6,34,66,0
2023-01-15,Store_3,Product_7,69,150,0
2023-01-15,Store_3,Product_8,88,100,0
2023-01-15,Store_3,Product_9,112,172,1
2023-01-15,Store_3,Product_10,50,171,0
2023-01-15,Store_4,Product_1,83,122,0
2023-01-15,Store_4,Product_2,29,133,1
2023-01-15,Store_4,Product_3,26,161,0
2023-01-15,Store_4,Product_4,74,114,0
2023-01-15,Store_4,Product_5,24,195,0
2023-01-15,Store_4,Product_6,65,165,0
2023-01-15,Store_4,Product_7,92,108,0
2023-01-15,Store_4,Product_8,26,170,0
2023-01-15,Store_4,Product_9,62,76,0
2023-01-15,Store_4,Product_10,31,113,0
2023-01-15,Store_5,Product_1,36,138,0
2023-01-15,Store_5,Product_2,106,51,1
2023-01-15,Store_5,Product_3,75,168,0
2023-01-15,Store_5,Product_4,41,132,0
2023-01-15,Store_5,Product_5,100,61,0
2023-01-15,Store_5,Product_6,94,182,0
2023-01-15,Store_5,Product_7,38,127,0
2023-01-15,Store_5,Product_8,84,82,0
2023-01-15,Store_5,Product_9,38,96,0
2023-01-15,Store_5,Product_10,56,190,0
2023-01-16,Store_1,Product_1,23,196,0
2023-01-16,Store_1,Product_2,44,78,0
2023-01-16,Store_1,Product_3,86,111,0
2023-01-16,Store_1,Product_4,46,115,1
2023-01-16,Store_1,Product_5,91,131,0
2023-01-16,Store_1,Product_6,65,120,0
2023-01-16,Store_1,Product_7,40,51,0
2023-01-16,Store_1,Product_8,96,71,0
2023-01-16,Store_1,Product_9,76,197,0
2023-01-16,Store_1,Product_10,89,102,0
2023-01-16,Store_2,Product_1,94,122,0
2023-01-16,Store_2,Product_2,60,119,0
2023-01-16,Store_2,Product_3,86,114,0
2023-01-16,Store_2,Product_4,40,102,1
2023-01-16,Store_2,Product_5,47,74,0
2023-01-16,Store_2,Product_6,93,162,0
2023-01-16,Store_2,Product_7,27,178,0
2023-01-16,Store_2,Product_8,87,95,0
2023-01-16,Store_2,Product_9,57,123,0
2023-01-16,Store_2,Product_10,84,134,1
2023-01-16,Store_3,Product_1,51,172,0
2023-01-16,Store_3,Product_2,49,196,0
2023-01-16,Store_3,Product_3,49,88,0
2023-01-16,Store_3,Product_4,47,160,0
2023-01-16,Store_3,Product_5,68,159,0
2023-01-16,Store_3,Product_6,69,83,0
2023-01-16,Store_3,Product_7,76,124,0
2023-01-16,Store_3,Product_8,81,187,1
2023-01-16,Store_3,Product_9,32,180,0
2023-01-16,Store_3,Product_10,104,169,1
2023-01-16,Store_4,Product_1,29,122,0
2023-01-16,Store_4,Product_2,69,162,1
2023-01-16,Store_4,Product_3,74,107,0
2023-01-16,Store_4,Product_4,89,163,0
2023-01-16,Store_4,Product_5,57,112,0
2023-01-16,Store_4,Product_6,40,53,0
2023-01-16,Store_4,Product_7,29,117,0
2023-01-16,Store_4,Product_8,19,104,0
2023-01-16,Store_4,Product_9,53,87,0
2023-01-16,Store_4,Product_10,55,182,0
2023-01-16,Store_5,Product_1,47,96,0
2023-01-16,Store_5,Product_2,62,118,0
2023-01-16,Store_5,Product_3,34,72,0
2023-01-16,Store_5,Product_4,74,112,0
2023-01-16,Store_5,Product_5,53,104,1
2023-01-16,Store_5,Product_6,61,159,0
2023-01-16,Store_5,Product_7,79,158,0
2023-01-16,Store_5,Product_8,39,167,0
2023-01-16,Store_5,Product_9,100,106,0
2023-01-16,Store_5,Product_10,98,78,0
2023-01-17,Store_1,Product_1,31,161,0
2023-01-17,Store_1,Product_2,56,153,1
2023-01-17,Store_1,Product_3,25,82,0
2023-01-17,Store_1,Product_4,59,171,0
2023-01-17,Store_1,Product_5,57,60,0
2023-01-17,Store_1,Product_6,67,176,0
2023-01-17,Store_1,Product_7,39,156,0
2023-01-17,Store_1,Product_8,77,82,0
2023-01-17,Store_1,Product_9,37,147,0
2023-01-17,Store_1,Product_10,31,142,0
2023-01-17,Store_2,Product_1,99,110,0
2023-01-17,Store_2,Product_2,58,66,0
2023-01-17,Store_2,Product_3,95,107,0
2023-01-17,Store_2,Product_4,80,111,0
2023-01-17,Store_2,Product_5,42,78,0
2023-01-17,Store_2,Product_6,62,75,0
2023-01-17,Store_2,Product_7,62,105,1
2023-01-17,Store_2,Product_8,107,157,0
2023-01-17,Store_2,Product_9,86,64,0
2023-01-17,Store_2,Product_10,74,79,0
2023-01-17,Store_3,Product_1,48,185,1
2023-01-17,Store_3,Product_2,118,153,1
2023-01-17,Store_3,Product_3,94,126,1
2023-01-17,Store_3,Product_4,123,69,1
2023-01-17,Store_3,Product_5,86,113,0
2023-01-17,Store_3,Product_6,71,111,0
2023-01-17,Store_3,Product_7,104,156,1
2023-01-17,Store_3,Product_8,58,179,0
2023-01-17,Store_3,Product_9,78,110,0
2023-01-17,Store_3,Product_10,63,185,0
2023-01-17,Store_4,Product_1,83,88,0
2023-01-17,Store_4,Product_2,90,93,0
2023-01-17,Store_4,Product_3,87,183,0
2023-01-17,Store_4,Product_4,45,193,0
2023-01-17,Store_4,Product_5,32,111,0
2023-01-17,Store_4,Product_6,62,62,0
2023-01-17,Store_4,Product_7,35,89,0
2023-01-17,Store_4,Product_8,23,143,1
2023-01-17,Store_4,Product_9,25,130,0
2023-01-17,Store_4,Product_10,72,189,0
2023-01-17,Store_5,Product_1,50,177,0
2023-01-17,Store_5,Product_2,92,110,0
2023-01-17,Store_5,Product_3,66,159,0
2023-01-17,Store_5,Product_4,35,71,0
2023-01-17,Store_5,Product_5,93,72,1
2023-01-17,Store_5,Product_6,101,77,0
2023-01-17,Store_5,Product_7,57,54,0
2023-01-17,Store_5,Product_8,70,183,0
2023-01-17,Store_5,Product_9,90,153,0
2023-01-17,Store_5,Product_10,40,51,0
2023-01-18,Store_1,Product_1,88,193,0
2023-01-18,Store_1,Product_2,51,198,0
2023-01-18,Store_1,Product_3,110,148,1
2023-01-18,Store_1,Product_4,97,134,0
2023-01-18,Store_1,Product_5,48,68,0
2023-01-18,Store_1,Product_6,93,110,0
2023-01-18,Store_1,Product_7,57,188,1
2023-01-18,Store_1,Product_8,78,77,0
2023-01-18,Store_1,Product_9,68,99,0
2023-01-18,Store_1,Product_10,57,63,0
2023-01-18,Store_2,Product_1,37,169,1
2023-01-18,Store_2,Product_2,48,182,0
2023-01-18,Store_2,Product_3,86,199,0
2023-01-18,Store_2,Product_4,93,120,0
2023-01-18,Store_2,Product_5,30,191,0
2023-01-18,Store_2,Product_6,83,161,0
2023-01-18,Store_2,Product_7,85,167,0
2023-01-18,Store_2,Product_8,63,180,0
2023-01-18,Store_2,Product_9,44,115,1
2023-01-18,Store_2,Product_10,42,124,0
2023-01-18,Store_3,Product_1,70,78,0
2023-01-18,Store_3,Product_2,56,177,0
2023-01-18,Store_3,Product_3,79,56,0
2023-01-18,Store_3,Product_4,102,137,1
2023-01-18,Store_3,Product_5,96,168,0
2023-01-18,Store_3,Product_6,105,144,0
2023-01-18,Store_3,Product_7,46,61,1
2023-01-18,Store_3,Product_8,92,91,1
2023-01-18,Store_3,Product_9,48,120,0
2023-01-18,Store_3,Product_10,57,69,0
2023-01-18,Store_4,Product_1,38,133,1
2023-01-18,Store_4,Product_2,58,121,0
2023-01-18,Store_4,Product_3,76,185,0
2023-01-18,Store_4,Product_4,91,109,1
2023-01-18,Store_4,Product_5,57,85,0
2023-01-18,Store_4,Product_6,20,131,0
2023-01-18,Store_4,Product_7,41,95,1
2023-01-18,Store_4,Product_8,90,59,0
2023-01-18,Store_4,Product_9,39,136,0
2023-01-18,Store_4,Product_10,83,155,0
2023-01-18,Store_5,Product_1,28,67,0
2023-01-18,Store_5,Product_2,68,194,1
2023-01-18,Store_5,Product_3,45,89,0
2023-01-18,Store_5,Product_4,101,125,0
2023-01-18,Store_5,Product_5,87,67,0
2023-01-18,Store_5,Product_6,59,138,0
2023-01-18,Store_5,Product_7,52,139,1
2023-01-18,Store_5,Product_8,92,181,1
2023-01-18,Store_5,Product_9,101,169,0
2023-01-18,Store_5,Product_10,83,180,0
2023-01-19,Store_1,Product_1,104,121,0
2023-01-19,Store_1,Product_2,27,81,0
2023-01-19,Store_1,Product_3,28,108,1
2023-01-19,Store_1,Product_4,95,101,0
2023-01-19,Store_1,Product_5,64,133,0
2023-01-19,Store_1,Product_6,36,181,0
2023-01-19,Store_1,Product_7,67,130,0
2023-01-19,Store_1,Product_8,29,192,0
2023-01-19,Store_1,Product_9,60,158,1
2023-01-19,Store_1,Product_10,113,57,1
2023-01-19,Store_2,Product_1,85,168,0
2023-01-19,Store_2,Product_2,53,79,1
2023-01-19,Store_2,Product_3,41,161,0
2023-01-19,Store_2,Product_4,66,165,0
2023-01-19,Store_2,Product_5,77,177,0
2023-01-19,Store_2,Product_6,75,106,0
2023-01-19,Store_2,Product_7,72,81,0
2023-01-19,Store_2,Product_8,104,185,0
2023-01-19,Store_2,Product_9,89,91,0
2023-01-19,Store_2,Product_10,41,152,0
2023-01-19,Store_3,Product_1,49,134,1
2023-01-19,Store_3,Product_2,71,183,0
2023-01-19,Store_3,Product_3,57,164,0
2023-01-19,Store_3,Product_4,95,198,1
2023-01-19,Store_3,Product_5,86,66,0
2023-01-19,Store_3,Product_6,91,77,1
2023-01-19,Store_3,Product_7,61,92,0
2023-01-19,Store_3,Product_8,38,101,0
2023-01-19,Store_3,Product_9,79,77,0
2023-01-19,Store_3,Product_10,69,89,0
2023-01-19,Store_4,Product_1,96,181,0
2023-01-19,Store_4,Product_2,43,186,0
2023-01-19,Store_4,Product_3,73,191,0
2023-01-19,Store_4,Product_4,58,116,0
2023-01-19,Store_4,Product_5,99,59,0
2023-01-19,Store_4,Product_6,50,54,0
2023-01-19,Store_4,Product_7,52,75,0
2023-01-19,Store_4,Product_8,67,133,0
2023-01-19,Store_4,Product_9,32,178,0
2023-01-19,Store_4,Product_10,83,180,0
2023-01-19,Store_5,Product_1,69,165,0
2023-01-19,Store_5,Product_2,39,159,0
2023-01-19,Store_5,Product_3,74,171,0
2023-01-19,Store_5,Product_4,94,140,1
2023-01-19,Store_5,Product_5,42,187,0
2023-01-19,Store_5,Product_6,103,110,0
2023-01-19,Store_5,Product_7,70,151,0
2023-01-19,Store_5,Product_8,95,108,0
2023-01-19,Store_5,Product_9,92,60,0
2023-01-19,Store_5,Product_10,106,139,0
2023-01-20,Store_1,Product_1,96,171,0
2023-01-20,Store_1,Product_2,80,80,0
2023-01-20,Store_1,Product_3,91,150,0
2023-01-20,Store_1,Product_4,88,198,0
2023-01-20,Store_1,Product_5,34,57,0
2023-01-20,Store_1,Product_6,38,66,0
2023-01-20,Store_1,Product_7,42,127,1
2023-01-20,Store_1,Product_8,53,159,0
2023-01-20,Store_1,Product_9,97,76,0
2023-01-20,Store_1,Product_10,56,109,0
2023-01-20,Store_2,Product_1,98,75,1
2023-01-20,Store_2,Product_2,52,183,0
2023-01-20,Store_2,Product_3,94,63,1
2023-01-20,Store_2,Product_4,35,177,0
2023-01-20,Store_2,Product_5,40,130,0
2023-01-20,Store_2,Product_6,43,149,0
2023-01-20,Store_2,Product_7,70,174,0
2023-01-20,Store_2,Product_8,71,114,0
2023-01-20,Store_2,Product_9,67,191,0
2023-01-20,Store_2,Product_10,97,117,0
2023-01-20,Store_3,Product_1,96,80,0
2023-01-20,Store_3,Product_2,35,73,1
2023-01-20,Store_3,Product_3,55,106,0
2023-01-20,Store_3,Product_4,56,195,0
2023-01-20,Store_3,Product_5,65,143,0
2023-01-20,Store_3,Product_6,35,142,1
2023-01-20,Store_3,Product_7,47,171,0
2023-01-20,Store_3,Product_8,94,55,0
2023-01-20,Store_3,Product_9,111,182,1
2023-01-20,Store_3,Product_10,107,84,1
2023-01-20,Store_4,Product_1,49,52,1
2023-01-20,Store_4,Product_2,103,136,0
2023-01-20,Store_4,Product_3,43,118,0
2023-01-20,Store_4,Product_4,47,74,0
2023-01-20,Store_4,Product_5,51,107,0
2023-01-20,Store_4,Product_6,68,74,0
2023-01-20,Store_4,Product_7,82,60,1
2023-01-20,Store_4,Product_8,64,184,0
2023-01-20,Store_4,Product_9,82,170,0
2023-01-20,Store_4,Product_10,72,124,0
2023-01-20,Store_5,Product_1,43,193,0
2023-01-20,Store_5,Product_2,73,97,0
2023-01-20,Store_5,Product_3,84,179,0
2023-01-20,Store_5,Product_4,49,76,0
2023-01-20,Store_5,Product_5,93,112,0
2023-01-20,Store_5,Product_6,46,190,1
2023-01-20,Store_5,Product_7,43,85,1
2023-01-20,Store_5,Product_8,86,139,0
2023-01-20,Store_5,Product_9,51,150,0
2023-01-20,Store_5,Product_10,36,63,0
2023-01-21,Store_1,Product_1,60,192,0
2023-01-21,Store_1,Product_2,67,68,0
2023-01-21,Store_1,Product_3,47,78,0
2023-01-21,Store_1,Product_4,96,112,0
2023-01-21,Store_1,Product_5,44,149,0
2023-01-21,Store_1,Product_6,41,83,0
2023-01-21,Store_1,Product_7,78,122,0
2023-01-21,Store_1,Product_8,36,87,0
2023-01-21,Store_1,Product_9,104,181,0
2023-01-21,Store_1,Product_10,32,197,0
2023-01-21,Store_2,Product_1,105,93,0
2023-01-21,Store_2,Product_2,59,186,0
2023-01-21,Store_2,Product_3,43,134,1
2023-01-21,Store_2,Product_4,72,81,0
2023-01-21,Store_2,Product_5,23,66,0
2023-01-21,Store_2,Product_6,35,95,0
2023-01-21,Store_2,Product_7,58,168,0
2023-01-21,Store_2,Product_8,116,160,1
2023-01-21,Store_2,Product_9,101,179,0
2023-01-21,Store_2,Product_10,23,157,0
2023-01-21,Store_3,Product_1,95,76,0
2023-01-21,Store_3,Product_2,93,98,0
2023-01-21,Store_3,Product_3,86,126,0
2023-01-21,Store_3,Product_4,64,96,0
2023-01-21,Store_3,Product_5,101,156,0
2023-01-21,Store_3,Product_6,121,138,1
2023-01-21,Store_3,Product_7,69,69,0
2023-01-21,Store_3,Product_8,91,114,0
2023-01-21,Store_3,Product_9,67,106,1
2023-01-21,Store_3,Product_10,57,64,1
2023-01-21,Store_4,Product_1,54,150,0
2023-01-21,Store_4,Product_2,31,177,1
2023-01-21,Store_4,Product_3,47,71,0
2023-01-21,Store_4,Product_4,99,149,0
2023-01-21,Store_4,Product_5,57,87,0
2023-01-21,Store_4,Product_6,44,198,0
2023-01-21,Store_4,Product_7,98,189,0
2023-01-21,Store_4,Product_8,36,110,0
2023-01-21,Store_4,Product_9,54,54,0
2023-01-21,Store_4,Product_10,102,128,1
2023-01-21,Store_5,Product_1,56,159,0
2023-01-21,Store_5,Product_2,54,190,1
2023-01-21,Store_5,Product_3,58,144,0
2023-01-21,Store_5,Product_4,72,118,0
2023-01-21,Store_5,Product_5,93,136,0
2023-01-21,Store_5,Product_6,58,103,0
2023-01-21,Store_5,Product_7,51,176,0
2023-01-21,Store_5,Product_8,28,130,0
2023-01-21,Store_5,Product_9,101,180,0
2023-01-21,Store_5,Product_10,95,157,0
2023-01-22,Store_1,Product_1,45,68,0
2023-01-22,Store_1,Product_2,70,190,0
2023-01-22,Store_1,Product_3,93,158,1
2023-01-22,Store_1,Product_4,86,91,0
2023-01-22,Store_1,Product_5,43,186,0
2023-01-22,Store_1,Product_6,57,61,0
2023-01-22,Store_1,Product_7,81,60,0
2023-01-22,Store_1,Product_8,59,68,0
2023-01-22,Store_1,Product_9,93,114,1
2023-01-22,Store_1,Product_10,100,101,0
2023-01-22,Store_2,Product_1,27,189,0
2023-01-22,Store_2,Product_2,55,100,1
2023-01-22,Store_2,Product_3,70,62,0
2023-01-22,Store_2,Product_4,78,165,0
2023-01-22,Store_2,Product_5,99,171,0
2023-01-22,Store_2,Product_6,79,72,0
2023-01-22,Store_2,Product_7,77,146,0
2023-01-22,Store_2,Product_8,100,84,0
2023-01-22,Store_2,Product_9,41,151,0
2023-01-22,Store_2,Product_10,70,113,0
2023-01-22,Store_3,Product_1,49,56,0
2023-01-22,Store_3,Product_2,58,123,0
2023-01-22,Store_3,Product_3,25,101,0
2023-01-22,Store_3,Product_4,76,53,0
2023-01-22,Store_3,Product_5,61,120,0
2023-01-22,Store_3,Product_6,99,84,0
2023-01-22,Store_3,Product_7,48,172,0
2023-01-22,Store_3,Product_8,62,127,0
2023-01-22,Store_3,Product_9,56,96,1
2023-01-22,Store_3,Product_10,51,53,0
2023-01-22,Store_4,Product_1,68,71,0
2023-01-22,Store_4,Product_2,36,85,0
2023-01-22,Store_4,Product_3,94,176,1
2023-01-22,Store_4,Product_4,24,119,0
2023-01-22,Store_4,Product_5,59,144,1
2023-01-22,Store_4,Product_6,40,82,0
2023-01-22,Store_4,Product_7,32,166,0
2023-01-22,Store_4,Product_8,79,166,0
2023-01-22,Store_4,Product_9,45,157,0
2023-01-22,Store_4,Product_10,35,117,0
2023-01-22,Store_5,Product_1,96,71,0
2023-01-22,Store_5,Product_2,26,74,0
2023-01-22,Store_5,Product_3,81,168,0
2023-01-22,Store_5,Product_4,79,199,0
2023-01-22,Store_5,Product_5,92,123,0
2023-01-22,Store_5,Product_6,46,172,0
2023-01-22,Store_5,Product_7,30,55,0
2023-01-22,Store_5,Product_8,65,126,1
2023-01-22,Store_5,Product_9,95,133,0
2023-01-22,Store_5,Product_10,72,134,0
2023-01-23,Store_1,Product_1,39,58,0
2023-01-23,Store_1,Product_2,109,120,0
2023-01-23,Store_1,Product_3,64,50,0
2023-01-23,Store_1,Product_4,107,159,0
2023-01-23,Store_1,Product_5,72,161,0
2023-01-23,Store_1,Product_6,58,170,0
2023-01-23,Store_1,Product_7,37,67,1
2023-01-23,Store_1,Product_8,67,127,0
2023-01-23,Store_1,Product_9,76,160,0
2023-01-23,Store_1,Product_10,120,95,1
2023-01-23,Store_2,Product_1,90,73,0
2023-01-23,Store_2,Product_2,70,62,0
2023-01-23,Store_2,Product_3,45,115,0
2023-01-23,Store_2,Product_4,65,163,0
2023-01-23,Store_2,Product_5,118,196,1
2023-01-23,Store_2,Product_6,89,75,1
2023-01-23,Store_2,Product_7,65,100,0
2023-01-23,Store_2,Product_8,39,68,0
2023-01-23,Store_2,Product_9,99,82,1
2023-01-23,Store_2,Product_10,70,175,0
2023-01-23,Store_3,Product_1,50,129,0
2023-01-23,Store_3,Product_2,81,199,0
2023-01-23,Store_3,Product_3,53,134,0
2023-01-23,Store_3,Product_4,46,114,0
2023-01-23,Store_3,Product_5,91,145,0
2023-01-23,Store_3,Product_6,46,136,0
2023-01-23,Store_3,Product_7,57,94,0
2023-01-23,Store_3,Product_8,63,184,0
2023-01-23,Store_3,Product_9,35,106,0
2023-01-23,Store_3,Product_10,59,161,0
2023-01-23,Store_4,Product_1,70,166,0
2023-01-23,Store_4,Product_2,48,74,0
2023-01-23,Store_4,Product_3,55,87,0
2023-01-23,Store_4,Product_4,98,191,0
2023-01-23,Store_4,Product_5,25,68,0
2023-01-23,Store_4,Product_6,51,50,0
2023-01-23,Store_4,Product_7,63,138,0
2023-01-23,Store_4,Product_8,42,74,0
2023-01-23,Store_4,Product_9,90,129,0
2023-01-23,Store_4,Product_10,79,195,0
2023-01-23,Store_5,Product_1,72,145,1
2023-01-23,Store_5,Product_2,71,80,0
2023-01-23,Store_5,Product_3,56,137,0
2023-01-23,Store_5,Product_4,104,64,0
2023-01-23,Store_5,Product_5,68,181,0
2023-01-23,Store_5,Product_6,41,148,0
2023-01-23,Store_5,Product_7,124,195,1
2023-01-23,Store_5,Product_8,34,53,1
2023-01-23,Store_5,Product_9,95,116,0
2023-01-23,Store_5,Product_10,30,166,0
2023-01-24,Store_1,Product_1,65,61,0
2023-01-24,Store_1,Product_2,102,101,0
2023-01-24,Store_1,Product_3,80,113,0
2023-01-24,Store_1,Product_4,49,138,0
2023-01-24,Store_1,Product_5,46,179,1
2023-01-24,Store_1,Product_6,92,148,0
2023-01-24,Store_1,Product_7,81,175,0
2023-01-24,Store_1,Product_8,57,177,1
2023-01-24,Store_1,Product_9,105,84,1
2023-01-24,Store_1,Product_10,77,151,0
2023-01-24,Store_2,Product_1,51,160,0
2023-01-24,Store_2,Product_2,73,121,0
2023-01-24,Store_2,Product_3,125,56,1
2023-01-24,Store_2,Product_4,58,85,0
2023-01-24,Store_2,Product_5,45,124,0
2023-01-24,Store_2,Product_6,50,180,0
2023-01-24,Store_2,Product_7,108,108,1
2023-01-24,Store_2,Product_8,37,161,0
2023-01-24,Store_2,Product_9,94,84,1
2023-01-24,Store_2,Product_10,37,76,1
2023-01-24,Store_3,Product_1,122,90,1
2023-01-24,Store_3,Product_2,70,166,0
2023-01-24,Store_3,Product_3,86,176,0
2023-01-24,Store_3,Product_4,96,182,1
2023-01-24,Store_3,Product_5,23,165,0
2023-01-24,Store_3,Product_6,103,144,1
2023-01-24,Store_3,Product_7,49,128,0
2023-01-24,Store_3,Product_8,54,64,1
2023-01-24,Store_3,Product_9,36,154,0
2023-01-24,Store_3,Product_10,91,165,0
2023-01-24,Store_4,Product_1,18,131,0
2023-01-24,Store_4,Product_2,55,87,0
2023-01-24,Store_4,Product_3,64,138,0
2023-01-24,Store_4,Product_4,77,71,0
2023-01-24,Store_4,Product_5,41,66,0
2023-01-24,Store_4,Product_6,29,181,0
2023-01-24,Store_4,Product_7,40,118,1
2023-01-24,Store_4,Product_8,37,100,0
2023-01-24,Store_4,Product_9,89,58,0
2023-01-24,Store_4,Product_10,102,71,1
2023-01-24,Store_5,Product_1,54,146,0
2023-01-24,Store_5,Product_2,28,53,0
2023-01-24,Store_5,Product_3,57,77,0
2023-01-24,Store_5,Product_4,71,119,0
2023-01-24,Store_5,Product_5,56,67,0
2023-01-24,Store_5,Product_6,76,88,1
2023-01-24,Store_5,Product_7,106,79,0
2023-01-24,Store_5,Product_8,104,116,1
2023-01-24,Store_5,Product_9,51,98,1
2023-01-24,Store_5,Product_10,44,198,0
2023-01-25,Store_1,Product_1,43,177,1
2023-01-25,Store_1,Product_2,47,121,0
2023-01-25,Store_1,Product_3,40,112,0
2023-01-25,Store_1,Product_4,84,148,0
2023-01-25,Store_1,Product_5,46,80,0
2023-01-25,Store_1,Product_6,50,171,0
2023-01-25,Store_1,Product_7,42,71,0
2023-01-25,Store_1,Product_8,44,106,0
2023-01-25,Store_1,Product_9,69,70,1
2023-01-25,Store_1,Product_10,78,103,0
2023-01-25,Store_2,Product_1,122,72,1
2023-01-25,Store_2,Product_2,76,120,0
2023-01-25,Store_2,Product_3,50,127,0
2023-01-25,Store_2,Product_4,34,51,0
2023-01-25,Store_2,Product_5,38,133,0
2023-01-25,Store_2,Product_6,85,195,0
2023-01-25,Store_2,Product_7,51,104,0
2023-01-25,Store_2,Product_8,85,118,0
2023-01-25,Store_2,Product_9,78,87,0
2023-01-25,Store_2,Product_10,108,84,0
2023-01-25,Store_3,Product_1,70,184,1
2023-01-25,Store_3,Product_2,87,63,0
2023-01-25,Store_3,Product_3,24,198,0
2023-01-25,Store_3,Product_4,95,164,0
2023-01-25,Store_3,Product_5,69,90,0
2023-01-25,Store_3,Product_6,86,77,0
2023-01-25,Store_3,Product_7,80,85,0
2023-01-25,Store_3,Product_8,39,64,0
2023-01-25,Store_3,Product_9,81,150,0
2023-01-25,Store_3,Product_10,60,90,0
2023-01-25,Store_4,Product_1,64,106,0
2023-01-25,Store_4,Product_2,78,186,0
2023-01-25,Store_4,Product_3,43,198,0
2023-01-25,Store_4,Product_4,48,123,0
2023-01-25,Store_4,Product_5,37,94,0
2023-01-25,Store_4,Product_6,102,63,0
2023-01-25,Store_4,Product_7,32,58,0
2023-01-25,Store_4,Product_8,51,64,0
2023-01-25,Store_4,Product_9,42,141,0
2023-01-25,Store_4,Product_10,72,180,0
2023-01-25,Store_5,Product_1,67,125,1
2023-01-25,Store_5,Product_2,89,180,0
2023-01-25,Store_5,Product_3,80,95,0
2023-01-25,Store_5,Product_4,46,103,0
2023-01-25,Store_5,Product_5,79,141,0
2023-01-25,Store_5,Product_6,34,129,0
2023-01-25,Store_5,Product_7,94,75,0
2023-01-25,Store_5,Product_8,87,117,0
2023-01-25,Store_5,Product_9,125,98,1
2023-01-25,Store_5,Product_10,69,62,0
2023-01-26,Store_1,Product_1,36,115,0
2023-01-26,Store_1,Product_2,104,72,0
2023-01-26,Store_1,Product_3,65,95,0
2023-01-26,Store_1,Product_4,36,89,0
2023-01-26,Store_1,Product_5,92,183,0
2023-01-26,Store_1,Product_6,50,67,0
2023-01-26,Store_1,Product_7,76,68,0
2023-01-26,Store_1,Product_8,44,102,0
2023-01-26,Store_1,Product_9,78,192,0
2023-01-26,Store_1,Product_10,87,72,0
2023-01-26,Store_2,Product_1,26,66,0
2023-01-26,Store_2,Product_2,118,198,1
2023-01-26,Store_2,Product_3,63,84,0
2023-01-26,Store_2,Product_4,50,59,1
2023-01-26,Store_2,Product_5,55,164,0
2023-01-26,Store_2,Product_6,24,190,0
2023-01-26,Store_2,Product_7,22,61,0
2023-01-26,Store_2,Product_8,30,185,0
2023-01-26,Store_2,Product_9,41,122,0
2023-01-26,Store_2,Product_10,43,173,0
2023-01-26,Store_3,Product_1,30,85,0
2023-01-26,Store_3,Product_2,124,63,1
2023-01-26,Store_3,Product_3,43,186,0
2023-01-26,Store_3,Product_4,66,87,0
2023-01-26,Store_3,Product_5,72,171,0
2023-01-26,Store_3,Product_6,72,87,0
2023-01-26,Store_3,Product_7,27,119,0
2023-01-26,Store_3,Product_8,69,82,0
2023-01-26,Store_3,Product_9,78,97,0
2023-01-26,Store_3,Product_10,127,159,1
2023-01-26,Store_4,Product_1,66,124,0
2023-01-26,Store_4,Product_2,77,175,0
2023-01-26,Store_4,Product_3,54,51,0
2023-01-26,Store_4,Product_4,53,133,0
2023-01-26,Store_4,Product_5,42,174,1
2023-01-26,Store_4,Product_6,71,187,0
2023-01-26,Store_4,Product_7,74,89,0
2023-01-26,Store_4,Product_8,70,196,0
2023-01-26,Store_4,Product_9,39,114,0
2023-01-26,Store_4,Product_10,53,102,0
2023-01-26,Store_5,Product_1,42,62,0
2023-01-26,Store_5,Product_2,30,139,0
2023-01-26,Store_5,Product_3,92,157,1
2023-01-26,Store_5,Product_4,101,51,0
2023-01-26,Store_5,Product_5,31,65,0
2023-01-26,Store_5,Product_6,87,122,0
2023-01-26,Store_5,Product_7,40,126,0
2023-01-26,Store_5,Product_8,75,192,0
2023-01-26,Store_5,Product_9,34,192,0
2023-01-26,Store_5,Product_10,99,114,0
2023-01-27,Store_1,Product_1,41,172,0
2023-01-27,Store_1,Product_2,99,117,1
2023-01-27,Store_1,Product_3,61,146,0
2023-01-27,Store_1,Product_4,41,118,1
2023-01-27,Store_1,Product_5,73,159,0
2023-01-27,Store_1,Product_6,83,127,0
2023-01-27,Store_1,Product_7,57,105,0
2023-01-27,Store_1,Product_8,68,123,0
2023-01-27,Store_1,Product_9,38,132,0
2023-01-27,Store_1,Product_10,41,189,1
2023-01-27,Store_2,Product_1,49,147,1
2023-01-27,Store_2,Product_2,106,58,1
2023-01-27,Store_2,Product_3,43,170,0
2023-01-27,Store_2,Product_4,110,53,0
2023-01-27,Store_2,Product_5,64,129,0
2023-01-27,Store_2,Product_6,87,147,0
2023-01-27,Store_2,Product_7,70,140,1
2023-01-27,Store_2,Product_8,71,139,0
2023-01-27,Store_2,Product_9,78,179,1
2023-01-27,Store_2,Product_10,56,160,1
2023-01-27,Store_3,Product_1,80,173,0
2023-01-27,Store_3,Product_2,81,160,0
2023-01-27,Store_3,Product_3,43,162,0
2023-01-27,Store_3,Product_4,59,125,0
2023-01-27,Store_3,Product_5,83,136,0
2023-01-27,Store_3,Product_6,104,65,0
2023-01-27,Store_3,Product_7,109,196,0
2023-01-27,Store_3,Product_8,42,111,0
2023-01-27,Store_3,Product_9,97,104,1
2023-01-27,Store_3,Product_10,63,90,0
2023-01-27,Store_4,Product_1,84,177,0
2023-01-27,Store_4,Product_2,36,141,1
2023-01-27,Store_4,Product_3,101,89,0
2023-01-27,Store_4,Product_4,81,196,0
2023-01-27,Store_4,Product_5,58,92,0
2023-01-27,Store_4,Product_6,35,144,1
2023-01-27,Store_4,Product_7,29,141,1
2023-01-27,Store_4,Product_8,87,165,0
2023-01-27,Store_4,Product_9,76,70,0
2023-01-27,Store_4,Product_10,96,106,0
2023-01-27,Store_5,Product_1,95,89,0
2023-01-27,Store_5,Product_2,96,158,1
2023-01-27,Store_5,Product_3,83,136,0
2023-01-27,Store_5,Product_4,96,68,1
2023-01-27,Store_5,Product_5,40,108,0
2023-01-27,Store_5,Product_6,47,76,0
2023-01-27,Store_5,Product_7,110,118,1
2023-01-27,Store_5,Product_8,118,130,1
2023-01-27,Store_5,Product_9,63,78,0
2023-01-27,Store_5,Product_10,80,63,0
2023-01-28,Store_1,Product_1,72,148,0
2023-01-28,Store_1,Product_2,22,128,0
2023-01-28,Store_1,Product_3,32,76,0
2023-01-28,Store_1,Product_4,107,197,0
2023-01-28,Store_1,Product_5,69,172,0
2023-01-28,Store_1,Product_6,90,152,0
2023-01-28,Store_1,Product_7,56,131,1
2023-01-28,Store_1,Product_8,84,120,0
2023-01-28,Store_1,Product_9,64,84,0
2023-01-28,Store_1,Product_10,36,53,1
2023-01-28,Store_2,Product_1,78,199,0
2023-01-28,Store_2,Product_2,69,197,0
2023-01-28,Store_2,Product_3,78,50,0
2023-01-28,Store_2,Product_4,33,155,0
2023-01-28,Store_2,Product_5,97,157,1
2023-01-28,Store_2,Product_6,92,120,0
2023-01-28,Store_2,Product_7,58,107,0
2023-01-28,Store_2,Product_8,54,93,0
2023-01-28,Store_2,Product_9,93,52,0
2023-01-28,Store_2,Product_10,104,100,0
2023-01-28,Store_3,Product_1,92,62,0
2023-01-28,Store_3,Product_2,27,187,0
2023-01-28,Store_3,Product_3,45,186,0
2023-01-28,Store_3,Product_4,49,73,1
2023-01-28,Store_3,Product_5,42,157,0
2023-01-28,Store_3,Product_6,96,117,0
2023-01-28,Store_3,Product_7,44,148,0
2023-01-28,Store_3,Product_8,20,126,0
2023-01-28,Store_3,Product_9,77,71,0
2023-01-28,Store_3,Product_10,78,116,0
2023-01-28,Store_4,Product_1,99,62,1
2023-01-28,Store_4,Product_2,76,89,0
2023-01-28,Store_4,Product_3,78,166,0
2023-01-28,Store_4,Product_4,58,116,0
2023-01-28,Store_4,Product_5,90,119,0
2023-01-28,Store_4,Product_6,53,69,0
2023-01-28,Store_4,Product_7,100,88,1
2023-01-28,Store_4,Product_8,25,119,0
2023-01-28,Store_4,Product_9,97,133,0
2023-01-28,Store_4,Product_10,94,98,0
2023-01-28,Store_5,Product_1,43,67,0
2023-01-28,Store_5,Product_2,64,113,0
2023-01-28,Store_5,Product_3,64,151,0
2023-01-28,Store_5,Product_4,51,51,0
2023-01-28,Store_5,Product_5,80,141,1
2023-01-28,Store_5,Product_6,67,197,0
2023-01-28,Store_5,Product_7,75,56,0
2023-01-28,Store_5,Product_8,79,87,0
2023-01-28,Store_5,Product_9,79,144,0
2023-01-28,Store_5,Product_10,110,142,1
2023-01-29,Store_1,Product_1,68,113,0
2023-01-29,Store_1,Product_2,27,146,1
2023-01-29,Store_1,Product_3,123,151,1
2023-01-29,Store_1,Product_4,62,160,0
2023-01-29,Store_1,Product_5,104,152,0
2023-01-29,Store_1,Product_6,72,133,0
2023-01-29,Store_1,Product_7,81,58,0
2023-01-29,Store_1,Product_8,86,59,0
2023-01-29,Store_1,Product_9,67,119,1
2023-01-29,Store_1,Product_10,27,182,0
2023-01-29,Store_2,Product_1,89,75,0
2023-01-29,Store_2,Product_2,44,172,0
2023-01-29,Store_2,Product_3,54,144,1
2023-01-29,Store_2,Product_4,105,104,0
2023-01-29,Store_2,Product_5,95,111,0
2023-01-29,Store_2,Product_6,72,188,0
2023-01-29,Store_2,Product_7,94,142,0
2023-01-29,Store_2,Product_8,45,143,0
2023-01-29,Store_2,Product_9,56,158,0
2023-01-29,Store_2,Product_10,97,142,0
2023-01-29,Store_3,Product_1,51,166,0
2023-01-29,Store_3,Product_2,96,140,0
2023-01-29,Store_3,Product_3,57,121,0
2023-01-29,Store_3,Product_4,36,91,0
2023-01-29,Store_3,Product_5,65,115,0
2023-01-29,Store_3,Product_6,45,178,0
2023-01-29,Store_3,Product_7,67,119,0
2023-01-29,Store_3,Product_8,106,131,1
2023-01-29,Store_3,Product_9,100,73,0
2023-01-29,Store_3,Product_10,99,178,0
2023-01-29,Store_4,Product_1,27,94,1
2023-01-29,Store_4,Product_2,92,73,0
2023-01-29,Store_4,Product_3,62,193,0
2023-01-29,Store_4,Product_4,31,128,0
2023-01-29,Store_4,Product_5,81,187,0
2023-01-29,Store_4,Product_6,59,108,0
2023-01-29,Store_4,Product_7,123,150,1
2023-01-29,Store_4,Product_8,24,176,0
2023-01-29,Store_4,Product_9,37,81,0
2023-01-29,Store_4,Product_10,27,105,0
2023-01-29,Store_5,Product_1,53,114,0
2023-01-29,Store_5,Product_2,70,71,0
2023-01-29,Store_5,Product_3,73,195,0
2023-01-29,Store_5,Product_4,45,149,0
2023-01-29,Store_5,Product_5,76,122,0
2023-01-29,Store_5,Product_6,72,150,0
2023-01-29,Store_5,Product_7,75,90,0
2023-01-29,Store_5,Product_8,37,181,0
2023-01-29,Store_5,Product_9,32,81,1
2023-01-29,Store_5,Product_10,94,94,0
2023-01-30,Store_1,Product_1,72,58,0
2023-01-30,Store_1,Product_2,53,174,0
2023-01-30,Store_1,Product_3,53,128,0
2023-01-30,Store_1,Product_4,76,124,0
2023-01-30,Store_1,Product_5,108,69,1
2023-01-30,Store_1,Product_6,82,168,0
2023-01-30,Store_1,Product_7,76,182,0
2023-01-30,Store_1,Product_8,71,94,1
2023-01-30,Store_1,Product_9,57,163,0
2023-01-30,Store_1,Product_10,36,79,0
2023-01-30,Store_2,Product_1,26,74,0
2023-01-30,Store_2,Product_2,68,104,0
2023-01-30,Store_2,Product_3,27,179,0
2023-01-30,Store_2,Product_4,96,159,0
2023-01-30,Store_2,Product_5,69,176,0
2023-01-30,Store_2,Product_6,54,120,0
2023-01-30,Store_2,Product_7,84,92,0
2023-01-30,Store_2,Product_8,90,91,1
2023-01-30,Store_2,Product_9,92,195,0
2023-01-30,Store_2,Product_10,75,95,0
2023-01-30,Store_3,Product_1,73,174,0
2023-01-30,Store_3,Product_2,29,147,0
2023-01-30,Store_3,Product_3,100,68,0
2023-01-30,Store_3,Product_4,99,177,0
2023-01-30,Store_3,Product_5,51,132,0
2023-01-30,Store_3,Product_6,64,82,0
2023-01-30,Store_3,Product_7,42,61,0
2023-01-30,Store_3,Product_8,99,75,0
2023-01-30,Store_3,Product_9,105,72,0
2023-01-30,Store_3,Product_10,46,166,0
2023-01-30,Store_4,Product_1,48,179,1
2023-01-30,Store_4,Product_2,79,99,0
2023-01-30,Store_4,Product_3,41,123,0
2023-01-30,Store_4,Product_4,119,119,1
2023-01-30,Store_4,Product_5,34,191,0
2023-01-30,Store_4,Product_6,47,153,0
2023-01-30,Store_4,Product_7,30,58,0
2023-01-30,Store_4,Product_8,30,62,1
2023-01-30,Store_4,Product_9,102,169,1
2023-01-30,Store_4,Product_10,59,196,0
2023-01-30,Store_5,Product_1,99,188,0
2023-01-30,Store_5,Product_2,87,178,0
2023-01-30,Store_5,Product_3,83,90,0
2023-01-30,Store_5,Product_4,68,73,0
2023-01-30,Store_5,Product_5,30,192,0
2023-01-30,Store_5,Product_6,69,92,0
2023-01-30,Store_5,Product_7,73,51,0
2023-01-30,Store_5,Product_8,109,80,1
2023-01-30,Store_5,Product_9,51,195,0
2023-01-30,Store_5,Product_10,41,114,0
2023-01-31,Store_1,Product_1,110,77,1
2023-01-31,Store_1,Product_2,77,180,1
2023-01-31,Store_1,Product_3,101,118,0
2023-01-31,Store_1,Product_4,28,118,0
2023-01-31,Store_1,Product_5,102,143,0
2023-01-31,Store_1,Product_6,90,80,0
2023-01-31,Store_1,Product_7,27,107,0
2023-01-31,Store_1,Product_8,66,134,0
2023-01-31,Store_1,Product_9,86,179,0
2023-01-31,Store_1,Product_10,48,116,0
2023-01-31,Store_2,Product_1,73,97,0
2023-01-31,Store_2,Product_2,61,125,0
2023-01-31,Store_2,Product_3,48,118,0
2023-01-31,Store_2,Product_4,53,65,0
2023-01-31,Store_2,Product_5,99,186,0
2023-01-31,Store_2,Product_6,89,126,1
2023-01-31,Store_2,Product_7,51,123,1
2023-01-31,Store_2,Product_8,80,195,1
2023-01-31,Store_2,Product_9,92,78,0
2023-01-31,Store_2,Product_10,33,128,0
2023-01-31,Store_3,Product_1,49,191,0
2023-01-31,Store_3,Product_2,47,68,0
2023-01-31,Store_3,Product_3,90,82,1
2023-01-31,Store_3,Product_4,26,122,0
2023-01-31,Store_3,Product_5,87,119,0
2023-01-31,Store_3,Product_6,59,133,0
2023-01-31,Store_3,Product_7,94,176,0
2023-01-31,Store_3,Product_8,34,65,1
2023-01-31,Store_3,Product_9,36,70,1
2023-01-31,Store_3,Product_10,45,81,0
2023-01-31,Store_4,Product_1,47,141,0
2023-01-31,Store_4,Product_2,65,52,0
2023-01-31,Store_4,Product_3,87,75,1
2023-01-31,Store_4,Product_4,96,95,1
2023-01-31,Store_4,Product_5,58,155,0
2023-01-31,Store_4,Product_6,44,73,1
2023-01-31,Store_4,Product_7,49,159,0
2023-01-31,Store_4,Product_8,50,186,0
2023-01-31,Store_4,Product_9,81,141,0
2023-01-31,Store_4,Product_10,105,60,1
2023-01-31,Store_5,Product_1,41,150,0
2023-01-31,Store_5,Product_2,49,163,0
2023-01-31,Store_5,Product_3,34,99,0
2023-01-31,Store_5,Product_4,90,139,0
2023-01-31,Store_5,Product_5,48,188,0
2023-01-31,Store_5,Product_6,78,99,0
2023-01-31,Store_5,Product_7,101,157,0
2023-01-31,Store_5,Product_8,78,127,0
2023-01-31,Store_5,Product_9,96,135,0
2023-01-31,Store_5,Product_10,91,190,1
2023-02-01,Store_1,Product_1,95,150,0
2023-02-01,Store_1,Product_2,41,146,0
2023-02-01,Store_1,Product_3,58,192,0
2023-02-01,Store_1,Product_4,35,191,0
2023-02-01,Store_1,Product_5,53,55,0
2023-02-01,Store_1,Product_6,53,151,0
2023-02-01,Store_1,Product_7,86,165,1
2023-02-01,Store_1,Product_8,57,172,0
2023-02-01,Store_1,Product_9,52,102,0
2023-02-01,Store_1,Product_10,31,98,0
2023-02-01,Store_2,Product_1,89,86,0
2023-02-01,Store_2,Product_2,68,141,1
2023-02-01,Store_2,Product_3,101,56,0
2023-02-01,Store_2,Product_4,90,116,0
2023-02-01,Store_2,Product_5,50,153,1
2023-02-01,Store_2,Product_6,26,159,0
2023-02-01,Store_2,Product_7,48,90,0
2023-02-01,Store_2,Product_8,53,165,0
2023-02-01,Store_2,Product_9,43,129,0
2023-02-01,Store_2,Product_10,98,117,0
2023-02-01,Store_3,Product_1,57,187,0
2023-02-01,Store_3,Product_2,49,52,0
2023-02-01,Store_3,Product_3,97,172,0
2023-02-01,Store_3,Product_4,102,160,0
2023-02-01,Store_3,Product_5,107,150,0
2023-02-01,Store_3,Product_6,43,176,1
2023-02-01,Store_3,Product_7,40,82,0
2023-02-01,Store_3,Product_8,56,66,0
2023-02-01,Store_3,Product_9,80,136,0
2023-02-01,Store_3,Product_10,111,103,1
2023-02-01,Store_4,Product_1,54,95,0
2023-02-01,Store_4,Product_2,66,57,0
2023-02-01,Store_4,Product_3,56,103,0
2023-02-01,Store_4,Product_4,71,83,0
2023-02-01,Store_4,Product_5,41,167,0
2023-02-01,Store_4,Product_6,46,82,1
2023-02-01,Store_4,Product_7,111,59,0
2023-02-01,Store_4,Product_8,42,114,0
2023-02-01,Store_4,Product_9,80,188,0
2023-02-01,Store_4,Product_10,46,60,0
2023-02-01,Store_5,Product_1,52,105,0
2023-02-01,Store_5,Product_2,81,167,0
2023-02-01,Store_5,Product_3,61,151,1
2023-02-01,Store_5,Product_4,94,101,0
2023-02-01,Store_5,Product_5,55,107,0
2023-02-01,Store_5,Product_6,33,56,0
2023-02-01,Store_5,Product_7,78,139,0
2023-02-01,Store_5,Product_8,109,168,0
2023-02-01,Store_5,Product_9,49,142,0
2023-02-01,Store_5,Product_10,89,192,0
2023-02-02,Store_1,Product_1,97,161,0
2023-02-02,Store_1,Product_2,52,126,0
2023-02-02,Store_1,Product_3,61,96,0
2023-02-02,Store_1,Product_4,83,116,1
2023-02-02,Store_1,Product_5,66,175,0
2023-02-02,Store_1,Product_6,68,140,0
2023-02-02,Store_1,Product_7,76,185,0
2023-02-02,Store_1,Product_8,79,172,0
2023-02-02,Store_1,Product_9,45,169,0
2023-02-02,Store_1,Product_10,64,87,0
2023-02-02,Store_2,Product_1,60,194,0
2023-02-02,Store_2,Product_2,61,189,0
2023-02-02,Store_2,Product_3,39,165,0
2023-02-02,Store_2,Product_4,83,111,0
2023-02-02,Store_2,Product_5,37,139,0
2023-02-02,Store_2,Product_6,72,187,1
2023-02-02,Store_2,Product_7,101,197,0
2023-02-02,Store_2,Product_8,30,107,0
2023-02-02,Store_2,Product_9,110,57,0
2023-02-02,Store_2,Product_10,80,127,0
2023-02-02,Store_3,Product_1,66,83,0
2023-02-02,Store_3,Product_2,100,72,1
2023-02-02,Store_3,Product_3,32,162,0
2023-02-02,Store_3,Product_4,64,66,1
2023-02-02,Store_3,Product_5,48,111,1
2023-02-02,Store_3,Product_6,92,187,0
2023-02-02,Store_3,Product_7,95,153,0
2023-02-02,Store_3,Product_8,68,68,0
2023-02-02,Store_3,Product_9,77,195,0
2023-02-02,Store_3,Product_10,60,88,0
2023-02-02,Store_4,Product_1,37,104,0
2023-02-02,Store_4,Product_2,59,70,0
2023-02-02,Store_4,Product_3,43,142,0
2023-02-02,Store_4,Product_4,113,171,1
2023-02-02,Store_4,Product_5,98,72,0
2023-02-02,Store_4,Product_6,64,137,0
2023-02-02,Store_4,Product_7,38,80,0
2023-02-02,Store_4,Product_8,44,106,0
2023-02-02,Store_4,Product_9,96,65,0
2023-02-02,Store_4,Product_10,58,130,0
2023-02-02,Store_5,Product_1,51,90,1
2023-02-02,Store_5,Product_2,91,110,0
2023-02-02,Store_5,Product_3,91,68,0
2023-02-02,Store_5,Product_4,94,162,0
2023-02-02,Store_5,Product_5,85,176,0
2023-02-02,Store_5,Product_6,22,67,0
2023-02-02,Store_5,Product_7,37,133,0
2023-02-02,Store_5,Product_8,81,80,0
2023-02-02,Store_5,Product_9,81,51,0
2023-02-02,Store_5,Product_10,34,53,0
2023-02-03,Store_1,Product_1,35,138,0
2023-02-03,Store_1,Product_2,69,63,0
2023-02-03,Store_1,Product_3,45,57,0
2023-02-03,Store_1,Product_4,49,146,1
2023-02-03,Store_1,Product_5,94,140,0
2023-02-03,Store_1,Product_6,38,126,0
2023-02-03,Store_1,Product_7,98,112,0
2023-02-03,Store_1,Product_8,65,61,0
2023-02-03,Store_1,Product_9,87,106,1
2023-02-03,Store_1,Product_10,101,170,0
2023-02-03,Store_2,Product_1,99,92,0
2023-02-03,Store_2,Product_2,46,86,0
2023-02-03,Store_2,Product_3,41,174,0
2023-02-03,Store_2,Product_4,98,100,0
2023-02-03,Store_2,Product_5,131,109,1
2023-02-03,Store_2,Product_6,77,60,0
2023-02-03,Store_2,Product_7,70,80,0
2023-02-03,Store_2,Product_8,41,107,0
2023-02-03,Store_2,Product_9,98,59,0
2023-02-03,Store_2,Product_10,44,52,0
2023-02-03,Store_3,Product_1,93,64,0
2023-02-03,Store_3,Product_2,44,96,1
2023-02-03,Store_3,Product_3,94,154,0
2023-02-03,Store_3,Product_4,61,120,0
2023-02-03,Store_3,Product_5,69,169,0
2023-02-03,Store_3,Product_6,35,197,0
2023-02-03,Store_3,Product_7,42,71,0
2023-02-03,Store_3,Product_8,31,79,0
2023-02-03,Store_3,Product_9,55,73,1
2023-02-03,Store_3,Product_10,83,73,0
2023-02-03,Store_4,Product_1,85,114,0
2023-02-03,Store_4,Product_2,88,92,0
2023-02-03,Store_4,Product_3,75,78,0
2023-02-03,Store_4,Product_4,31,191,0
2023-02-03,Store_4,Product_5,68,75,0
2023-02-03,Store_4,Product_6,87,171,0
2023-02-03,Store_4,Product_7,63,159,1
2023-02-03,Store_4,Product_8,91,133,0
2023-02-03,Store_4,Product_9,64,199,0
2023-02-03,Store_4,Product_10,57,183,0
2023-02-03,Store_5,Product_1,44,164,0
2023-02-03,Store_5,Product_2,57,174,0
2023-02-03,Store_5,Product_3,104,115,1
2023-02-03,Store_5,Product_4,43,131,0
2023-02-03,Store_5,Product_5,94,181,0
2023-02-03,Store_5,Product_6,119,195,1
2023-02-03,Store_5,Product_7,93,77,0
2023-02-03,Store_5,Product_8,38,114,1
2023-02-03,Store_5,Product_9,25,199,0
2023-02-03,Store_5,Product_10,92,105,0
2023-02-04,Store_1,Product_1,48,58,0
2023-02-04,Store_1,Product_2,72,100,0
2023-02-04,Store_1,Product_3,66,142,0
2023-02-04,Store_1,Product_4,57,128,0
2023-02-04,Store_1,Product_5,55,100,0
2023-02-04,Store_1,Product_6,69,150,0
2023-02-04,Store_1,Product_7,34,88,0
2023-02-04,Store_1,Product_8,37,181,0
2023-02-04,Store_1,Product_9,47,147,0
2023-02-04,Store_1,Product_10,36,133,0
2023-02-04,Store_2,Product_1,24,77,1
2023-02-04,Store_2,Product_2,46,162,0
2023-02-04,Store_2,Product_3,37,148,0
2023-02-04,Store_2,Product_4,104,80,1
2023-02-04,Store_2,Product_5,88,108,0
2023-02-04,Store_2,Product_6,91,79,0
2023-02-04,Store_2,Product_7,99,86,0
2023-02-04,Store_2,Product_8,103,171,1
2023-02-04,Store_2,Product_9,44,83,1
2023-02-04,Store_2,Product_10,49,119,0
2023-02-04,Store_3,Product_1,85,50,0
2023-02-04,Store_3,Product_2,73,99,0
2023-02-04,Store_3,Product_3,80,118,0
2023-02-04,Store_3,Product_4,62,172,0
2023-02-04,Store_3,Product_5,66,117,0
2023-02-04,Store_3,Product_6,106,127,1
2023-02-04,Store_3,Product_7,46,119,0
2023-02-04,Store_3,Product_8,108,153,0
2023-02-04,Store_3,Product_9,86,62,0
2023-02-04,Store_3,Product_10,92,193,0
2023-02-04,Store_4,Product_1,97,134,0
2023-02-04,Store_4,Product_2,97,108,0
2023-02-04,Store_4,Product_3,90,171,0
2023-02-04,Store_4,Product_4,83,123,0
2023-02-04,Store_4,Product_5,54,78,1
2023-02-04,Store_4,Product_6,38,103,0
2023-02-04,Store_4,Product_7,67,74,0
2023-02-04,Store_4,Product_8,51,185,0
2023-02-04,Store_4,Product_9,106,194,1
2023-02-04,Store_4,Product_10,40,143,0
2023-02-04,Store_5,Product_1,55,185,0
2023-02-04,Store_5,Product_2,76,151,0
2023-02-04,Store_5,Product_3,81,133,1
2023-02-04,Store_5,Product_4,37,174,0
2023-02-04,Store_5,Product_5,106,151,0
2023-02-04,Store_5,Product_6,59,107,0
2023-02-04,Store_5,Product_7,102,115,0
2023-02-04,Store_5,Product_8,99,107,0
2023-02-04,Store_5,Product_9,37,145,0
2023-02-04,Store_5,Product_10,49,190,0
2023-02-05,Store_1,Product_1,59,52,0
2023-02-05,Store_1,Product_2,34,127,0
2023-02-05,Store_1,Product_3,74,100,0
2023-02-05,Store_1,Product_4,55,125,0
2023-02-05,Store_1,Product_5,46,111,0
2023-02-05,Store_1,Product_6,45,95,0
2023-02-05,Store_1,Product_7,77,124,0
2023-02-05,Store_1,Product_8,76,101,0
2023-02-05,Store_1,Product_9,99,82,1
2023-02-05,Store_1,Product_10,97,122,1
2023-02-05,Store_2,Product_1,25,65,0
2023-02-05,Store_2,Product_2,73,64,0
2023-02-05,Store_2,Product_3,37,116,0
2023-02-05,Store_2,Product_4,94,106,0
2023-02-05,Store_2,Product_5,26,142,0
2023-02-05,Store_2,Product_6,107,69,0
2023-02-05,Store_2,Product_7,95,179,0
2023-02-05,Store_2,Product_8,54,58,1
2023-02-05,Store_2,Product_9,58,87,0
2023-02-05,Store_2,Product_10,39,100,0
2023-02-05,Store_3,Product_1,73,93,1
2023-02-05,Store_3,Product_2,68,177,1
2023-02-05,Store_3,Product_3,49,189,1
2023-02-05,Store_3,Product_4,98,133,0
2023-02-05,Store_3,Product_5,65,175,1
2023-02-05,Store_3,Product_6,68,63,0
2023-02-05,Store_3,Product_7,67,154,1
2023-02-05,Store_3,Product_8,47,58,0
2023-02-05,Store_3,Product_9,74,50,0
2023-02-05,Store_3,Product_10,46,139,0
2023-02-05,Store_4,Product_1,103,192,0
2023-02-05,Store_4,Product_2,60,179,0
2023-02-05,Store_4,Product_3,107,166,0
2023-02-05,Store_4,Product_4,84,117,0
2023-02-05,Store_4,Product_5,87,173,0
2023-02-05,Store_4,Product_6,43,64,0
2023-02-05,Store_4,Product_7,48,187,0
2023-02-05,Store_4,Product_8,74,87,0
2023-02-05,Store_4,Product_9,95,69,0
2023-02-05,Store_4,Product_10,34,107,0
2023-02-05,Store_5,Product_1,40,86,1
2023-02-05,Store_5,Product_2,73,101,0
2023-02-05,Store_5,Product_3,104,158,0
2023-02-05,Store_5,Product_4,78,65,0
2023-02-05,Store_5,Product_5,101,120,1
2023-02-05,Store_5,Product_6,96,119,0
2023-02-05,Store_5,Product_7,56,106,0
2023-02-05,Store_5,Product_8,55,120,0
2023-02-05,Store_5,Product_9,79,170,0
2023-02-05,Store_5,Product_10,35,158,0
2023-02-06,Store_1,Product_1,66,167,1
2023-02-06,Store_1,Product_2,105,127,0
2023-02-06,Store_1,Product_3,35,147,0
2023-02-06,Store_1,Product_4,81,122,0
2023-02-06,Store_1,Product_5,77,141,0
2023-02-06,Store_1,Product_6,52,92,1
2023-02-06,Store_1,Product_7,41,73,0
2023-02-06,Store_1,Product_8,59,169,0
2023-02-06,Store_1,Product_9,52,110,0
2023-02-06,Store_1,Product_10,86,123,0
2023-02-06,Store_2,Product_1,100,75,1
2023-02-06,Store_2,Product_2,59,138,0
2023-02-06,Store_2,Product_3,28,90,0
2023-02-06,Store_2,Product_4,38,57,0
2023-02-06,Store_2,Product_5,85,151,0
2023-02-06,Store_2,Product_6,68,132,0
2023-02-06,Store_2,Product_7,94,72,0
2023-02-06,Store_2,Product_8,72,55,0
2023-02-06,Store_2,Product_9,73,120,1
2023-02-06,Store_2,Product_10,107,159,0
2023-02-06,Store_3,Product_1,60,162,1
2023-02-06,Store_3,Product_2,49,92,0
2023-02-06,Store_3,Product_3,25,109,0
2023-02-06,Store_3,Product_4,83,63,0
2023-02-06,Store_3,Product_5,40,73,0
2023-02-06,Store_3,Product_6,62,75,0
2023-02-06,Store_3,Product_7,31,123,0
2023-02-06,Store_3,Product_8,60,105,0
2023-02-06,Store_3,Product_9,45,119,1
2023-02-06,Store_3,Product_10,93,105,0
2023-02-06,Store_4,Product_1,60,177,0
2023-02-06,Store_4,Product_2,88,85,0
2023-02-06,Store_4,Product_3,89,130,0
2023-02-06,Store_4,Product_4,83,190,0
2023-02-06,Store_4,Product_5,66,108,1
2023-02-06,Store_4,Product_6,66,106,0
2023-02-06,Store_4,Product_7,97,61,0
2023-02-06,Store_4,Product_8,34,138,0
2023-02-06,Store_4,Product_9,31,51,1
2023-02-06,Store_4,Product_10,36,159,0
2023-02-06,Store_5,Product_1,39,180,0
2023-02-06,Store_5,Product_2,91,86,1
2023-02-06,Store_5,Product_3,36,197,0
2023-02-06,Store_5,Product_4,93,167,0
2023-02-06,Store_5,Product_5,94,194,0
2023-02-06,Store_5,Product_6,84,64,0
2023-02-06,Store_5,Product_7,56,80,0
2023-02-06,Store_5,Product_8,77,81,0
2023-02-06,Store_5,Product_9,78,103,0
2023-02-06,Store_5,Product_10,36,124,0
2023-02-07,Store_1,Product_1,53,76,0
2023-02-07,Store_1,Product_2,64,181,0
2023-02-07,Store_1,Product_3,63,130,1
2023-02-07,Store_1,Product_4,53,168,1
2023-02-07,Store_1,Product_5,63,115,0
2023-02-07,Store_1,Product_6,52,134,0
2023-02-07,Store_1,Product_7,97,172,0
2023-02-07,Store_1,Product_8,97,175,0
2023-02-07,Store_1,Product_9,78,190,0
2023-02-07,Store_1,Product_10,32,103,0
2023-02-07,Store_2,Product_1,95,80,0
2023-02-07,Store_2,Product_2,108,60,0
2023-02-07,Store_2,Product_3,32,175,0
2023-02-07,Store_2,Product_4,124,156,1
2023-02-07,Store_2,Product_5,25,130,0
2023-02-07,Store_2,Product_6,53,103,0
2023-02-07,Store_2,Product_7,115,52,1
2023-02-07,Store_2,Product_8,93,106,0
2023-02-07,Store_2,Product_9,85,70,0
2023-02-07,Store_2,Product_10,90,131,1
2023-02-07,Store_3,Product_1,88,118,0
2023-02-07,Store_3,Product_2,56,165,0
2023-02-07,Store_3,Product_3,38,123,0
2023-02-07,Store_3,Product_4,82,72,0
2023-02-07,Store_3,Product_5,59,108,0
2023-02-07,Store_3,Product_6,22,116,0
2023-02-07,Store_3,Product_7,55,63,0
2023-02-07,Store_3,Product_8,59,199,0
2023-02-07,Store_3,Product_9,50,75,0
2023-02-07,Store_3,Product_10,61,137,0
2023-02-07,Store_4,Product_1,57,196,1
2023-02-07,Store_4,Product_2,45,127,0
2023-02-07,Store_4,Product_3,40,189,0
2023-02-07,Store_4,Product_4,69,78,0
2023-02-07,Store_4,Product_5,56,95,0
2023-02-07,Store_4,Product_6,83,187,0
2023-02-07,Store_4,Product_7,65,163,0
2023-02-07,Store_4,Product_8,79,136,0
2023-02-07,Store_4,Product_9,41,118,1
2023-02-07,Store_4,Product_10,95,120,0
2023-02-07,Store_5,Product_1,83,145,0
2023-02-07,Store_5,Product_2,34,146,1
2023-02-07,Store_5,Product_3,98,170,0
2023-02-07,Store_5,Product_4,38,178,0
2023-02-07,Store_5,Product_5,80,69,0
2023-02-07,Store_5,Product_6,75,176,0
2023-02-07,Store_5,Product_7,90,114,0
2023-02-07,Store_5,Product_8,18,164,0
2023-02-07,Store_5,Product_9,80,190,0
2023-02-07,Store_5,Product_10,61,196,1
2023-02-08,Store_1,Product_1,53,134,0
2023-02-08,Store_1,Product_2,117,91,1
2023-02-08,Store_1,Product_3,51,119,0
2023-02-08,Store_1,Product_4,93,143,0
2023-02-08,Store_1,Product_5,76,57,0
2023-02-08,Store_1,Product_6,76,170,0
2023-02-08,Store_1,Product_7,72,159,0
2023-02-08,Store_1,Product_8,89,82,0
2023-02-08,Store_1,Product_9,51,106,1
2023-02-08,Store_1,Product_10,42,165,0
2023-02-08,Store_2,Product_1,34,113,0
2023-02-08,Store_2,Product_2,74,129,0
2023-02-08,Store_2,Product_3,45,94,0
2023-02-08,Store_2,Product_4,38,174,0
2023-02-08,Store_2,Product_5,30,54,0
2023-02-08,Store_2,Product_6,51,131,1
2023-02-08,Store_2,Product_7,74,166,0
2023-02-08,Store_2,Product_8,46,174,0
2023-02-08,Store_2,Product_9,43,184,0
2023-02-08,Store_2,Product_10,96,112,1
2023-02-08,Store_3,Product_1,50,101,0
2023-02-08,Store_3,Product_2,118,194,1
2023-02-08,Store_3,Product_3,39,52,0
2023-02-08,Store_3,Product_4,81,186,0
2023-02-08,Store_3,Product_5,76,66,0
2023-02-08,Store_3,Product_6,80,116,1
2023-02-08,Store_3,Product_7,110,103,1
2023-02-08,Store_3,Product_8,101,65,0
2023-02-08,Store_3,Product_9,77,167,0
2023-02-08,Store_3,Product_10,96,51,0
2023-02-08,Store_4,Product_1,78,61,0
2023-02-08,Store_4,Product_2,106,144,0
2023-02-08,Store_4,Product_3,36,118,0
2023-02-08,Store_4,Product_4,101,55,0
2023-02-08,Store_4,Product_5,109,86,0
2023-02-08,Store_4,Product_6,105,81,0
2023-02-08,Store_4,Product_7,106,59,0
2023-02-08,Store_4,Product_8,68,54,0
2023-02-08,Store_4,Product_9,30,64,0
2023-02-08,Store_4,Product_10,49,152,0
2023-02-08,Store_5,Product_1,63,123,0
2023-02-08,Store_5,Product_2,39,52,0
2023-02-08,Store_5,Product_3,40,158,0
2023-02-08,Store_5,Product_4,56,133,0
2023-02-08,Store_5,Product_5,34,63,0
2023-02-08,Store_5,Product_6,79,103,0
2023-02-08,Store_5,Product_7,34,109,0
2023-02-08,Store_5,Product_8,98,161,0
2023-02-08,Store_5,Product_9,50,99,0
2023-02-08,Store_5,Product_10,26,89,0
2023-02-09,Store_1,Product_1,114,156,1
2023-02-09,Store_1,Product_2,93,124,0
2023-02-09,Store_1,Product_3,29,139,0
2023-02-09,Store_1,Product_4,50,121,0
2023-02-09,Store_1,Product_5,86,169,1
2023-02-09,Store_1,Product_6,72,74,0
2023-02-09,Store_1,Product_7,92,125,0
2023-02-09,Store_1,Product_8,57,110,0
2023-02-09,Store_1,Product_9,92,129,0
2023-02-09,Store_1,Product_10,108,62,0
2023-02-09,Store_2,Product_1,93,62,0
2023-02-09,Store_2,Product_2,106,78,1
2023-02-09,Store_2,Product_3,58,150,1
2023-02-09,Store_2,Product_4,65,190,1
2023-02-09,Store_2,Product_5,85,135,0
2023-02-09,Store_2,Product_6,46,50,0
2023-02-09,Store_2,Product_7,86,140,0
2023-02-09,Store_2,Product_8,67,119,1
2023-02-09,Store_2,Product_9,94,193,1
2023-02-09,Store_2,Product_10,90,126,0
2023-02-09,Store_3,Product_1,96,79,0
2023-02-09,Store_3,Product_2,50,148,0
2023-02-09,Store_3,Product_3,71,80,0
2023-02-09,Store_3,Product_4,21,146,0
2023-02-09,Store_3,Product_5,82,120,0
2023-02-09,Store_3,Product_6,94,84,0
2023-02-09,Store_3,Product_7,65,133,0
2023-02-09,Store_3,Product_8,30,50,0
2023-02-09,Store_3,Product_9,87,154,0
2023-02-09,Store_3,Product_10,45,92,0
2023-02-09,Store_4,Product_1,108,193,0
2023-02-09,Store_4,Product_2,72,91,0
2023-02-09,Store_4,Product_3,41,161,0
2023-02-09,Store_4,Product_4,112,174,0
2023-02-09,Store_4,Product_5,80,176,0
2023-02-09,Store_4,Product_6,28,113,0
2023-02-09,Store_4,Product_7,72,159,0
2023-02-09,Store_4,Product_8,69,199,0
2023-02-09,Store_4,Product_9,31,66,0
2023-02-09,Store_4,Product_10,53,193,0
2023-02-09,Store_5,Product_1,47,161,1
2023-02-09,Store_5,Product_2,44,165,0
2023-02-09,Store_5,Product_3,63,186,0
2023-02-09,Store_5,Product_4,50,101,0
2023-02-09,Store_5,Product_5,80,176,0
2023-02-09,Store_5,Product_6,109,141,0
2023-02-09,Store_5,Product_7,86,50,0
2023-02-09,Store_5,Product_8,63,145,0
2023-02-09,Store_5,Product_9,72,189,1
2023-02-09,Store_5,Product_10,48,168,1
2023-02-10,Store_1,Product_1,57,160,0
2023-02-10,Store_1,Product_2,41,149,0
2023-02-10,Store_1,Product_3,102,176,0
2023-02-10,Store_1,Product_4,85,73,0
2023-02-10,Store_1,Product_5,30,194,0
2023-02-10,Store_1,Product_6,73,104,0
2023-02-10,Store_1,Product_7,29,180,1
2023-02-10,Store_1,Product_8,127,144,1
2023-02-10,Store_1,Product_9,78,117,1
2023-02-10,Store_1,Product_10,68,182,0
2023-02-10,Store_2,Product_1,70,86,1
2023-02-10,Store_2,Product_2,95,52,1
2023-02-10,Store_2,Product_3,67,122,0
2023-02-10,Store_2,Product_4,106,176,0
2023-02-10,Store_2,Product_5,51,187,0
2023-02-10,Store_2,Product_6,53,110,0
2023-02-10,Store_2,Product_7,57,198,0
2023-02-10,Store_2,Product_8,23,180,0
2023-02-10,Store_2,Product_9,99,155,0
2023-02-10,Store_2,Product_10,37,72,0
2023-02-10,Store_3,Product_1,71,127,0
2023-02-10,Store_3,Product_2,39,177,0
2023-02-10,Store_3,Product_3,88,70,0
2023-02-10,Store_3,Product_4,53,180,0
2023-02-10,Store_3,Product_5,92,150,0
2023-02-10,Store_3,Product_6,114,120,1
2023-02-10,Store_3,Product_7,109,137,1
2023-02-10,Store_3,Product_8,38,61,0
2023-02-10,Store_3,Product_9,106,111,1
2023-02-10,Store_3,Product_10,70,125,0
2023-02-10,Store_4,Product_1,64,112,1
2023-02-10,Store_4,Product_2,28,119,0
2023-02-10,Store_4,Product_3,44,72,0
2023-02-10,Store_4,Product_4,24,175,0
2023-02-10,Store_4,Product_5,36,194,0
2023-02-10,Store_4,Product_6,99,83,0
2023-02-10,Store_4,Product_7,96,147,0
2023-02-10,Store_4,Product_8,46,64,1
2023-02-10,Store_4,Product_9,78,58,0
2023-02-10,Store_4,Product_10,96,85,0
2023-02-10,Store_5,Product_1,95,55,0
2023-02-10,Store_5,Product_2,34,101,0
2023-02-10,Store_5,Product_3,96,125,0
2023-02-10,Store_5,Product_4,108,117,1
2023-02-10,Store_5,Product_5,35,115,0
2023-02-10,Store_5,Product_6,68,63,0
2023-02-10,Store_5,Product_7,72,122,0
2023-02-10,Store_5,Product_8,38,103,0
2023-02-10,Store_5,Product_9,48,172,1
2023-02-10,Store_5,Product_10,85,149,0
2023-02-11,Store_1,Product_1,43,135,0
2023-02-11,Store_1,Product_2,103,58,0
2023-02-11,Store_1,Product_3,49,110,0
2023-02-11,Store_1,Product_4,36,111,1
2023-02-11,Store_1,Product_5,98,112,0
2023-02-11,Store_1,Product_6,83,100,0
2023-02-11,Store_1,Product_7,32,123,1
2023-02-11,Store_1,Product_8,98,159,0
2023-02-11,Store_1,Product_9,72,162,0
2023-02-11,Store_1,Product_10,56,152,0
2023-02-11,Store_2,Product_1,52,75,0
2023-02-11,Store_2,Product_2,87,168,0
2023-02-11,Store_2,Product_3,30,132,0
2023-02-11,Store_2,Product_4,47,105,1
2023-02-11,Store_2,Product_5,94,173,0
2023-02-11,Store_2,Product_6,80,119,0
2023-02-11,Store_2,Product_7,61,167,0
2023-02-11,Store_2,Product_8,100,129,0
2023-02-11,Store_2,Product_9,31,139,0
2023-02-11,Store_2,Product_10,85,50,0
2023-02-11,Store_3,Product_1,61,56,0
2023-02-11,Store_3,Product_2,64,61,0
2023-02-11,Store_3,Product_3,42,61,0
2023-02-11,Store_3,Product_4,108,107,1
2023-02-11,Store_3,Product_5,63,108,0
2023-02-11,Store_3,Product_6,21,137,0
2023-02-11,Store_3,Product_7,59,181,0
2023-02-11,Store_3,Product_8,81,73,0
2023-02-11,Store_3,Product_9,94,86,0
2023-02-11,Store_3,Product_10,23,84,0
2023-02-11,Store_4,Product_1,47,97,0
2023-02-11,Store_4,Product_2,75,184,0
2023-02-11,Store_4,Product_3,64,189,0
2023-02-11,Store_4,Product_4,87,123,0
2023-02-11,Store_4,Product_5,52,165,0
2023-02-11,Store_4,Product_6,103,78,0
2023-02-11,Store_4,Product_7,94,144,0
2023-02-11,Store_4,Product_8,62,58,0
2023-02-11,Store_4,Product_9,49,188,0
2023-02-11,Store_4,Product_10,78,91,0
2023-02-11,Store_5,Product_1,107,137,0
2023-02-11,Store_5,Product_2,43,148,1
2023-02-11,Store_5,Product_3,76,177,0
2023-02-11,Store_5,Product_4,35,50,0
2023-02-11,Store_5,Product_5,66,172,0
2023-02-11,Store_5,Product_6,45,107,0
2023-02-11,Store_5,Product_7,31,112,0
2023-02-11,Store_5,Product_8,53,121,0
2023-02-11,Store_5,Product_9,62,111,0
2023-02-11,Store_5,Product_10,100,191,0
2023-02-12,Store_1,Product_1,67,121,0
2023-02-12,Store_1,Product_2,50,163,0
2023-02-12,Store_1,Product_3,81,166,1
2023-02-12,Store_1,Product_4,74,183,0
2023-02-12,Store_1,Product_5,96,65,0
2023-02-12,Store_1,Product_6,94,123,0
2023-02-12,Store_1,Product_7,35,90,0
2023-02-12,Store_1,Product_8,101,108,0
2023-02-12,Store_1,Product_9,88,129,0
2023-02-12,Store_1,Product_10,35,141,0
2023-02-12,Store_2,Product_1,36,101,0
2023-02-12,Store_2,Product_2,82,148,0
2023-02-12,Store_2,Product_3,68,121,0
2023-02-12,Store_2,Product_4,94,94,0
2023-02-12,Store_2,Product_5,47,71,1
2023-02-12,Store_2,Product_6,96,126,0
2023-02-12,Store_2,Product_7,81,97,1
2023-02-12,Store_2,Product_8,84,168,0
2023-02-12,Store_2,Product_9,33,184,0
2023-02-12,Store_2,Product_10,43,87,0
2023-02-12,Store_3,Product_1,106,101,1
2023-02-12,Store_3,Product_2,33,156,0
2023-02-12,Store_3,Product_3,31,145,1
2023-02-12,Store_3,Product_4,84,172,0
2023-02-12,Store_3,Product_5,62,60,0
2023-02-12,Store_3,Product_6,59,81,1
2023-02-12,Store_3,Product_7,101,111,0
2023-02-12,Store_3,Product_8,65,154,0
2023-02-12,Store_3,Product_9,95,191,1
2023-02-12,Store_3,Product_10,43,129,0
2023-02-12,Store_4,Product_1,128,104,1
2023-02-12,Store_4,Product_2,78,105,0
2023-02-12,Store_4,Product_3,86,57,0
2023-02-12,Store_4,Product_4,70,89,0
2023-02-12,Store_4,Product_5,53,129,1
2023-02-12,Store_4,Product_6,67,93,0
2023-02-12,Store_4,Product_7,42,71,0
2023-02-12,Store_4,Product_8,79,78,0
2023-02-12,Store_4,Product_9,102,62,0
2023-02-12,Store_4,Product_10,92,171,0
2023-02-12,Store_5,Product_1,86,175,0
2023-02-12,Store_5,Product_2,54,117,0
2023-02-12,Store_5,Product_3,56,100,0
2023-02-12,Store_5,Product_4,75,172,0
2023-02-12,Store_5,Product_5,64,174,1
2023-02-12,Store_5,Product_6,73,188,0
2023-02-12,Store_5,Product_7,65,148,0
2023-02-12,Store_5,Product_8,82,125,0
2023-02-12,Store_5,Product_9,69,57,0
2023-02-12,Store_5,Product_10,18,70,0
2023-02-13,Store_1,Product_1,58,91,0
2023-02-13,Store_1,Product_2,106,191,1
2023-02-13,Store_1,Product_3,73,79,1
2023-02-13,Store_1,Product_4,38,85,0
2023-02-13,Store_1,Product_5,96,192,1
2023-02-13,Store_1,Product_6,77,70,0
2023-02-13,Store_1,Product_7,66,112,0
2023-02-13,Store_1,Product_8,96,101,1
2023-02-13,Store_1,Product_9,84,92,0
2023-02-13,Store_1,Product_10,85,53,1
2023-02-13,Store_2,Product_1,95,51,0
2023-02-13,Store_2,Product_2,46,92,0
2023-02-13,Store_2,Product_3,90,131,0
2023-02-13,Store_2,Product_4,95,149,0
2023-02-13,Store_2,Product_5,73,83,0
2023-02-13,Store_2,Product_6,96,64,0
2023-02-13,Store_2,Product_7,54,94,0
2023-02-13,Store_2,Product_8,101,58,0
2023-02-13,Store_2,Product_9,103,75,1
2023-02-13,Store_2,Product_10,45,121,0
2023-02-13,Store_3,Product_1,104,123,1
2023-02-13,Store_3,Product_2,89,136,1
2023-02-13,Store_3,Product_3,38,121,1
2023-02-13,Store_3,Product_4,53,76,0
2023-02-13,Store_3,Product_5,72,164,0
2023-02-13,Store_3,Product_6,79,83,0
2023-02-13,Store_3,Product_7,84,160,0
2023-02-13,Store_3,Product_8,61,177,1
2023-02-13,Store_3,Product_9,64,187,0
2023-02-13,Store_3,Product_10,40,160,0
2023-02-13,Store_4,Product_1,42,62,0
2023-02-13,Store_4,Product_2,60,97,0
2023-02-13,Store_4,Product_3,95,93,0
2023-02-13,Store_4,Product_4,65,127,0
2023-02-13,Store_4,Product_5,59,168,0
2023-02-13,Store_4,Product_6,24,158,0
2023-02-13,Store_4,Product_7,31,77,0
2023-02-13,Store_4,Product_8,73,53,0
2023-02-13,Store_4,Product_9,92,123,0
2023-02-13,Store_4,Product_10,52,196,0
2023-02-13,Store_5,Product_1,45,99,0
2023-02-13,Store_5,Product_2,35,71,0
2023-02-13,Store_5,Product_3,63,89,0
2023-02-13,Store_5,Product_4,21,123,0
2023-02-13,Store_5,Product_5,87,59,0
2023-02-13,Store_5,Product_6,71,157,0
2023-02-13,Store_5,Product_7,103,150,1
2023-02-13,Store_5,Product_8,86,97,0
2023-02-13,Store_5,Product_9,45,161,0
2023-02-13,Store_5,Product_10,53,179,0
2023-02-14,Store_1,Product_1,58,170,0
2023-02-14,Store_1,Product_2,53,188,0
2023-02-14,Store_1,Product_3,98,69,0
2023-02-14,Store_1,Product_4,104,127,0
2023-02-14,Store_1,Product_5,70,84,0
2023-02-14,Store_1,Product_6,37,179,0
2023-02-14,Store_1,Product_7,96,118,0
2023-02-14,Store_1,Product_8,73,132,0
2023-02-14,Store_1,Product_9,104,103,1
2023-02-14,Store_1,Product_10,59,151,0
2023-02-14,Store_2,Product_1,71,70,1
2023-02-14,Store_2,Product_2,54,170,0
2023-02-14,Store_2,Product_3,49,96,0
2023-02-14,Store_2,Product_4,77,103,0
2023-02-14,Store_2,Product_5,104,155,1
2023-02-14,Store_2,Product_6,58,102,0
2023-02-14,Store_2,Product_7,43,155,0
2023-02-14,Store_2,Product_8,79,145,0
2023-02-14,Store_2,Product_9,40,161,0
2023-02-14,Store_2,Product_10,36,107,0
2023-02-14,Store_3,Product_1,69,99,0
2023-02-14,Store_3,Product_2,90,137,0
2023-02-14,Store_3,Product_3,39,129,0
2023-02-14,Store_3,Product_4,102,127,0
2023-02-14,Store_3,Product_5,62,56,0
2023-02-14,Store_3,Product_6,121,73,1
2023-02-14,Store_3,Product_7,79,81,0
2023-02-14,Store_3,Product_8,91,102,0
2023-02-14,Store_3,Product_9,105,126,0
2023-02-14,Store_3,Product_10,62,98,0
2023-02-14,Store_4,Product_1,37,74,0
2023-02-14,Store_4,Product_2,56,54,1
2023-02-14,Store_4,Product_3,44,62,0
2023-02-14,Store_4,Product_4,31,137,0
2023-02-14,Store_4,Product_5,68,143,0
2023-02-14,Store_4,Product_6,53,95,0
2023-02-14,Store_4,Product_7,76,121,0
2023-02-14,Store_4,Product_8,58,136,0
2023-02-14,Store_4,Product_9,102,124,0
2023-02-14,Store_4,Product_10,100,108,0
2023-02-14,Store_5,Product_1,80,162,1
2023-02-14,Store_5,Product_2,56,146,0
2023-02-14,Store_5,Product_3,41,53,0
2023-02-14,Store_5,Product_4,109,144,1
2023-02-14,Store_5,Product_5,32,136,0
2023-02-14,Store_5,Product_6,122,179,1
2023-02-14,Store_5,Product_7,40,172,1
2023-02-14,Store_5,Product_8,62,185,0
2023-02-14,Store_5,Product_9,54,63,1
2023-02-14,Store_5,Product_10,85,61,0
2023-02-15,Store_1,Product_1,47,136,0
2023-02-15,Store_1,Product_2,65,175,1
2023-02-15,Store_1,Product_3,46,183,0
2023-02-15,Store_1,Product_4,73,89,0
2023-02-15,Store_1,Product_5,32,106,1
2023-02-15,Store_1,Product_6,43,136,0
2023-02-15,Store_1,Product_7,84,62,0
2023-02-15,Store_1,Product_8,124,111,1
2023-02-15,Store_1,Product_9,54,117,0
2023-02-15,Store_1,Product_10,35,136,0
2023-02-15,Store_2,Product_1,27,138,0
2023-02-15,Store_2,Product_2,41,199,0
2023-02-15,Store_2,Product_3,80,103,0
2023-02-15,Store_2,Product_4,54,82,0
2023-02-15,Store_2,Product_5,96,156,0
2023-02-15,Store_2,Product_6,112,123,0
2023-02-15,Store_2,Product_7,40,145,1
2023-02-15,Store_2,Product_8,51,178,0
2023-02-15,Store_2,Product_9,89,65,0
2023-02-15,Store_2,Product_10,69,134,0
2023-02-15,Store_3,Product_1,66,110,0
2023-02-15,Store_3,Product_2,109,83,0
2023-02-15,Store_3,Product_3,56,178,0
2023-02-15,Store_3,Product_4,61,55,1
2023-02-15,Store_3,Product_5,54,136,0
2023-02-15,Store_3,Product_6,71,106,0
2023-02-15,Store_3,Product_7,60,75,0
2023-02-15,Store_3,Product_8,44,58,0
2023-02-15,Store_3,Product_9,72,57,0
2023-02-15,Store_3,Product_10,48,58,0
2023-02-15,Store_4,Product_1,39,75,0
2023-02-15,Store_4,Product_2,40,97,0
2023-02-15,Store_4,Product_3,84,130,0
2023-02-15,Store_4,Product_4,40,111,0
2023-02-15,Store_4,Product_5,69,153,0
2023-02-15,Store_4,Product_6,116,190,1
2023-02-15,Store_4,Product_7,33,135,0
2023-02-15,Store_4,Product_8,53,83,0
2023-02-15,Store_4,Product_9,54,163,0
2023-02-15,Store_4,Product_10,77,107,0
2023-02-15,Store_5,Product_1,105,70,0
2023-02-15,Store_5,Product_2,46,70,0
2023-02-15,Store_5,Product_3,65,177,1
2023-02-15,Store_5,Product_4,94,169,0
2023-02-15,Store_5,Product_5,74,51,1
2023-02-15,Store_5,Product_6,93,119,0
2023-02-15,Store_5,Product_7,86,152,0
2023-02-15,Store_5,Product_8,95,97,0
2023-02-15,Store_5,Product_9,81,60,0
2023-02-15,Store_5,Product_10,83,139,0
2023-02-16,Store_1,Product_1,47,101,0
2023-02-16,Store_1,Product_2,46,146,0
2023-02-16,Store_1,Product_3,96,195,1
2023-02-16,Store_1,Product_4,108,155,1
2023-02-16,Store_1,Product_5,44,144,0
2023-02-16,Store_1,Product_6,36,115,0
2023-02-16,Store_1,Product_7,63,146,0
2023-02-16,Store_1,Product_8,121,174,1
2023-02-16,Store_1,Product_9,31,195,1
2023-02-16,Store_1,Product_10,100,89,0
2023-02-16,Store_2,Product_1,67,114,0
2023-02-16,Store_2,Product_2,35,182,0
2023-02-16,Store_2,Product_3,87,52,0
2023-02-16,Store_2,Product_4,47,100,1
2023-02-16,Store_2,Product_5,39,154,0
2023-02-16,Store_2,Product_6,82,83,0
2023-02-16,Store_2,Product_7,41,189,0
2023-02-16,Store_2,Product_8,76,116,0
2023-02-16,Store_2,Product_9,120,191,1
2023-02-16,Store_2,Product_10,107,180,0
2023-02-16,Store_3,Product_1,98,118,0
2023-02-16,Store_3,Product_2,63,190,0
2023-02-16,Store_3,Product_3,82,158,0
2023-02-16,Store_3,Product_4,95,82,0
2023-02-16,Store_3,Product_5,67,189,0
2023-02-16,Store_3,Product_6,50,155,0
2023-02-16,Store_3,Product_7,52,69,0
2023-02-16,Store_3,Product_8,55,70,0
2023-02-16,Store_3,Product_9,39,198,0
2023-02-16,Store_3,Product_10,63,174,0
2023-02-16,Store_4,Product_1,54,109,0
2023-02-16,Store_4,Product_2,56,79,0
2023-02-16,Store_4,Product_3,67,165,0
2023-02-16,Store_4,Product_4,38,52,0
2023-02-16,Store_4,Product_5,132,182,1
2023-02-16,Store_4,Product_6,44,99,0
2023-02-16,Store_4,Product_7,91,127,0
2023-02-16,Store_4,Product_8,34,97,0
2023-02-16,Store_4,Product_9,74,87,1
2023-02-16,Store_4,Product_10,101,170,1
2023-02-16,Store_5,Product_1,68,105,0
2023-02-16,Store_5,Product_2,47,70,0
2023-02-16,Store_5,Product_3,99,116,1
2023-02-16,Store_5,Product_4,59,85,0
2023-02-16,Store_5,Product_5,47,150,0
2023-02-16,Store_5,Product_6,58,115,0
2023-02-16,Store_5,Product_7,36,86,0
2023-02-16,Store_5,Product_8,34,50,0
2023-02-16,Store_5,Product_9,77,112,0
2023-02-16,Store_5,Product_10,98,76,0
2023-02-17,Store_1,Product_1,44,167,1
2023-02-17,Store_1,Product_2,106,164,0
2023-02-17,Store_1,Product_3,39,96,0
2023-02-17,Store_1,Product_4,73,140,0
2023-02-17,Store_1,Product_5,90,166,0
2023-02-17,Store_1,Product_6,92,159,0
2023-02-17,Store_1,Product_7,88,180,0
2023-02-17,Store_1,Product_8,84,149,1
2023-02-17,Store_1,Product_9,88,161,0
2023-02-17,Store_1,Product_10,83,50,0
2023-02-17,Store_2,Product_1,82,157,0
2023-02-17,Store_2,Product_2,78,91,0
2023-02-17,Store_2,Product_3,45,109,0
2023-02-17,Store_2,Product_4,91,191,0
2023-02-17,Store_2,Product_5,95,153,1
2023-02-17,Store_2,Product_6,36,75,0
2023-02-17,Store_2,Product_7,82,149,0
2023-02-17,Store_2,Product_8,52,186,0
2023-02-17,Store_2,Product_9,107,56,1
2023-02-17,Store_2,Product_10,94,187,0
2023-02-17,Store_3,Product_1,88,140,0
2023-02-17,Store_3,Product_2,56,162,0
2023-02-17,Store_3,Product_3,52,130,0
2023-02-17,Store_3,Product_4,67,143,0
2023-02-17,Store_3,Product_5,48,138,0
2023-02-17,Store_3,Product_6,43,162,0
2023-02-17,Store_3,Product_7,29,52,0
2023-02-17,Store_3,Product_8,32,94,0
2023-02-17,Store_3,Product_9,112,98,1
2023-02-17,Store_3,Product_10,58,109,0
2023-02-17,Store_4,Product_1,61,182,1
2023-02-17,Store_4,Product_2,70,106,0
2023-02-17,Store_4,Product_3,75,86,0
2023-02-17,Store_4,Product_4,75,97,0
2023-02-17,Store_4,Product_5,37,72,1
2023-02-17,Store_4,Product_6,37,96,0
2023-02-17,Store_4,Product_7,54,170,0
2023-02-17,Store_4,Product_8,72,199,0
2023-02-17,Store_4,Product_9,105,80,1
2023-02-17,Store_4,Product_10,57,80,0
2023-02-17,Store_5,Product_1,45,139,1
2023-02-17,Store_5,Product_2,31,79,1
2023-02-17,Store_5,Product_3,34,65,0
2023-02-17,Store_5,Product_4,115,97,1
2023-02-17,Store_5,Product_5,84,59,0
2023-02-17,Store_5,Product_6,73,136,0
2023-02-17,Store_5,Product_7,98,149,0
2023-02-17,Store_5,Product_8,81,94,0
2023-02-17,Store_5,Product_9,106,156,1
2023-02-17,Store_5,Product_10,59,131,1
2023-02-18,Store_1,Product_1,42,192,0
2023-02-18,Store_1,Product_2,77,114,0
2023-02-18,Store_1,Product_3,79,131,0
2023-02-18,Store_1,Product_4,99,133,0
2023-02-18,Store_1,Product_5,70,165,0
2023-02-18,Store_1,Product_6,80,96,1
2023-02-18,Store_1,Product_7,77,93,0
2023-02-18,Store_1,Product_8,73,106,0
2023-02-18,Store_1,Product_9,84,84,0
2023-02-18,Store_1,Product_10,62,164,0
2023-02-18,Store_2,Product_1,98,168,0
2023-02-18,Store_2,Product_2,88,182,0
2023-02-18,Store_2,Product_3,109,142,0
2023-02-18,Store_2,Product_4,46,134,1
2023-02-18,Store_2,Product_5,27,143,0
2023-02-18,Store_2,Product_6,62,149,0
2023-02-18,Store_2,Product_7,89,104,0
2023-02-18,Store_2,Product_8,69,65,0
2023-02-18,Store_2,Product_9,42,111,0
2023-02-18,Store_2,Product_10,29,116,0
2023-02-18,Store_3,Product_1,102,71,0
2023-02-18,Store_3,Product_2,94,115,0
2023-02-18,Store_3,Product_3,44,159,1
2023-02-18,Store_3,Product_4,44,111,0
2023-02-18,Store_3,Product_5,40,73,0
2023-02-18,Store_3,Product_6,65,110,0
2023-02-18,Store_3,Product_7,105,171,0
2023-02-18,Store_3,Product_8,41,162,0
2023-02-18,Store_3,Product_9,57,130,0
2023-02-18,Store_3,Product_10,88,75,0
2023-02-18,Store_4,Product_1,57,164,0
2023-02-18,Store_4,Product_2,37,180,0
2023-02-18,Store_4,Product_3,61,172,1
2023-02-18,Store_4,Product_4,47,113,0
2023-02-18,Store_4,Product_5,130,116,1
2023-02-18,Store_4,Product_6,63,73,0
2023-02-18,Store_4,Product_7,62,55,0
2023-02-18,Store_4,Product_8,71,162,1
2023-02-18,Store_4,Product_9,85,125,0
2023-02-18,Store_4,Product_10,62,166,1
2023-02-18,Store_5,Product_1,79,70,0
2023-02-18,Store_5,Product_2,65,180,0
2023-02-18,Store_5,Product_3,104,109,0
2023-02-18,Store_5,Product_4,93,132,0
2023-02-18,Store_5,Product_5,52,179,1
2023-02-18,Store_5,Product_6,48,76,0
2023-02-18,Store_5,Product_7,82,181,0
2023-02-18,Store_5,Product_8,42,173,0
2023-02-18,Store_5,Product_9,102,190,0
2023-02-18,Store_5,Product_10,123,52,1
2023-02-19,Store_1,Product_1,96,153,0
2023-02-19,Store_1,Product_2,42,166,0
2023-02-19,Store_1,Product_3,45,95,1
2023-02-19,Store_1,Product_4,41,110,0
2023-02-19,Store_1,Product_5,31,190,0
2023-02-19,Store_1,Product_6,42,134,0
2023-02-19,Store_1,Product_7,100,63,0
2023-02-19,Store_1,Product_8,97,99,0
2023-02-19,Store_1,Product_9,96,55,0
2023-02-19,Store_1,Product_10,41,124,0
2023-02-19,Store_2,Product_1,94,67,0
2023-02-19,Store_2,Product_2,74,122,0
2023-02-19,Store_2,Product_3,92,129,0
2023-02-19,Store_2,Product_4,79,127,0
2023-02-19,Store_2,Product_5,97,171,0
2023-02-19,Store_2,Product_6,101,151,0
2023-02-19,Store_2,Product_7,103,108,0
2023-02-19,Store_2,Product_8,47,168,1
2023-02-19,Store_2,Product_9,98,183,0
2023-02-19,Store_2,Product_10,63,148,0
2023-02-19,Store_3,Product_1,59,196,0
2023-02-19,Store_3,Product_2,72,191,1
2023-02-19,Store_3,Product_3,71,158,0
2023-02-19,Store_3,Product_4,72,197,0
2023-02-19,Store_3,Product_5,54,115,0
2023-02-19,Store_3,Product_6,35,79,0
2023-02-19,Store_3,Product_7,88,112,0
2023-02-19,Store_3,Product_8,95,127,0
2023-02-19,Store_3,Product_9,53,74,0
2023-02-19,Store_3,Product_10,35,190,1
2023-02-19,Store_4,Product_1,74,121,0
2023-02-19,Store_4,Product_2,57,120,0
2023-02-19,Store_4,Product_3,85,128,0
2023-02-19,Store_4,Product_4,101,175,0
2023-02-19,Store_4,Product_5,36,179,0
2023-02-19,Store_4,Product_6,74,54,1
2023-02-19,Store_4,Product_7,38,135,0
2023-02-19,Store_4,Product_8,109,100,0
2023-02-19,Store_4,Product_9,78,125,0
2023-02-19,Store_4,Product_10,92,120,1
2023-02-19,Store_5,Product_1,64,96,1
2023-02-19,Store_5,Product_2,44,191,0
2023-02-19,Store_5,Product_3,106,55,1
2023-02-19,Store_5,Product_4,57,191,0
2023-02-19,Store_5,Product_5,108,67,0
2023-02-19,Store_5,Product_6,61,81,0
2023-02-19,Store_5,Product_7,90,82,0
2023-02-19,Store_5,Product_8,56,153,0
2023-02-19,Store_5,Product_9,119,190,1
2023-02-19,Store_5,Product_10,61,112,0
2023-02-20,Store_1,Product_1,87,67,1
2023-02-20,Store_1,Product_2,129,65,1
2023-02-20,Store_1,Product_3,38,58,0
2023-02-20,Store_1,Product_4,76,125,0
2023-02-20,Store_1,Product_5,85,106,0
2023-02-20,Store_1,Product_6,42,111,0
2023-02-20,Store_1,Product_7,82,127,0
2023-02-20,Store_1,Product_8,52,64,0
2023-02-20,Store_1,Product_9,57,146,0
2023-02-20,Store_1,Product_10,85,140,0
2023-02-20,Store_2,Product_1,74,97,1
2023-02-20,Store_2,Product_2,65,152,0
2023-02-20,Store_2,Product_3,49,79,0
2023-02-20,Store_2,Product_4,131,88,1
2023-02-20,Store_2,Product_5,100,102,0
2023-02-20,Store_2,Product_6,56,77,0
2023-02-20,Store_2,Product_7,42,155,0
2023-02-20,Store_2,Product_8,104,171,0
2023-02-20,Store_2,Product_9,44,131,0
2023-02-20,Store_2,Product_10,36,123,0
2023-02-20,Store_3,Product_1,71,163,0
2023-02-20,Store_3,Product_2,84,118,0
2023-02-20,Store_3,Product_3,100,197,0
2023-02-20,Store_3,Product_4,57,80,0
2023-02-20,Store_3,Product_5,52,141,0
2023-02-20,Store_3,Product_6,35,196,0
2023-02-20,Store_3,Product_7,56,152,0
2023-02-20,Store_3,Product_8,39,91,0
2023-02-20,Store_3,Product_9,90,145,0
2023-02-20,Store_3,Product_10,61,63,0
2023-02-20,Store_4,Product_1,60,132,0
2023-02-20,Store_4,Product_2,89,106,1
2023-02-20,Store_4,Product_3,29,60,0
2023-02-20,Store_4,Product_4,95,87,0
2023-02-20,Store_4,Product_5,33,154,0
2023-02-20,Store_4,Product_6,105,199,0
2023-02-20,Store_4,Product_7,47,156,0
2023-02-20,Store_4,Product_8,63,57,0
2023-02-20,Store_4,Product_9,93,121,0
2023-02-20,Store_4,Product_10,65,174,0
2023-02-20,Store_5,Product_1,82,69,0
2023-02-20,Store_5,Product_2,60,171,0
2023-02-20,Store_5,Product_3,71,138,0
2023-02-20,Store_5,Product_4,83,102,0
2023-02-20,Store_5,Product_5,98,62,0
2023-02-20,Store_5,Product_6,87,196,1
2023-02-20,Store_5,Product_7,79,76,0
2023-02-20,Store_5,Product_8,70,51,0
2023-02-20,Store_5,Product_9,58,144,0
2023-02-20,Store_5,Product_10,100,183,0
2023-02-21,Store_1,Product_1,38,81,0
2023-02-21,Store_1,Product_2,126,76,1
2023-02-21,Store_1,Product_3,98,98,0
2023-02-21,Store_1,Product_4,53,147,0
2023-02-21,Store_1,Product_5,56,135,0
2023-02-21,Store_1,Product_6,45,154,0
2023-02-21,Store_1,Product_7,58,196,0
2023-02-21,Store_1,Product_8,38,172,0
2023-02-21,Store_1,Product_9,107,76,1
2023-02-21,Store_1,Product_10,108,88,0
2023-02-21,Store_2,Product_1,41,105,0
2023-02-21,Store_2,Product_2,64,113,1
2023-02-21,Store_2,Product_3,90,90,0
2023-02-21,Store_2,Product_4,26,137,0
2023-02-21,Store_2,Product_5,82,126,0
2023-02-21,Store_2,Product_6,80,190,0
2023-02-21,Store_2,Product_7,127,70,1
2023-02-21,Store_2,Product_8,43,102,0
2023-02-21,Store_2,Product_9,94,193,0
2023-02-21,Store_2,Product_10,47,84,1
2023-02-21,Store_3,Product_1,81,132,0
2023-02-21,Store_3,Product_2,78,101,0
2023-02-21,Store_3,Product_3,77,143,0
2023-02-21,Store_3,Product_4,79,64,0
2023-02-21,Store_3,Product_5,109,164,0
2023-02-21,Store_3,Product_6,105,157,0
2023-02-21,Store_3,Product_7,72,85,0
2023-02-21,Store_3,Product_8,40,195,0
2023-02-21,Store_3,Product_9,97,68,0
2023-02-21,Store_3,Product_10,81,92,0
2023-02-21,Store_4,Product_1,73,121,0
2023-02-21,Store_4,Product_2,76,98,0
2023-02-21,Store_4,Product_3,92,78,0
2023-02-21,Store_4,Product_4,50,155,0
2023-02-21,Store_4,Product_5,73,51,0
2023-02-21,Store_4,Product_6,81,114,0
2023-02-21,Store_4,Product_7,85,172,0
2023-02-21,Store_4,Product_8,78,94,0
2023-02-21,Store_4,Product_9,43,184,0
2023-02-21,Store_4,Product_10,56,93,0
2023-02-21,Store_5,Product_1,58,62,1
2023-02-21,Store_5,Product_2,90,134,0
2023-02-21,Store_5,Product_3,74,179,0
2023-02-21,Store_5,Product_4,56,71,0
2023-02-21,Store_5,Product_5,55,114,1
2023-02-21,Store_5,Product_6,64,148,1
2023-02-21,Store_5,Product_7,28,91,0
2023-02-21,Store_5,Product_8,80,182,0
2023-02-21,Store_5,Product_9,66,198,0
2023-02-21,Store_5,Product_10,83,128,0
2023-02-22,Store_1,Product_1,62,72,1
2023-02-22,Store_1,Product_2,100,103,0
2023-02-22,Store_1,Product_3,57,148,0
2023-02-22,Store_1,Product_4,54,77,0
2023-02-22,Store_1,Product_5,45,79,1
2023-02-22,Store_1,Product_6,96,110,0
2023-02-22,Store_1,Product_7,79,139,0
2023-02-22,Store_1,Product_8,35,97,0
2023-02-22,Store_1,Product_9,82,157,0
2023-02-22,Store_1,Product_10,63,72,0
2023-02-22,Store_2,Product_1,77,170,0
2023-02-22,Store_2,Product_2,40,195,0
2023-02-22,Store_2,Product_3,41,160,0
2023-02-22,Store_2,Product_4,59,99,1
2023-02-22,Store_2,Product_5,108,107,0
2023-02-22,Store_2,Product_6,98,113,1
2023-02-22,Store_2,Product_7,47,63,0
2023-02-22,Store_2,Product_8,95,104,0
2023-02-22,Store_2,Product_9,104,180,0
2023-02-22,Store_2,Product_10,59,89,0
2023-02-22,Store_3,Product_1,118,196,1
2023-02-22,Store_3,Product_2,67,127,0
2023-02-22,Store_3,Product_3,77,193,0
2023-02-22,Store_3,Product_4,27,176,0
2023-02-22,Store_3,Product_5,46,181,1
2023-02-22,Store_3,Product_6,45,51,0
2023-02-22,Store_3,Product_7,40,70,0
2023-02-22,Store_3,Product_8,85,54,0
2023-02-22,Store_3,Product_9,48,123,0
2023-02-22,Store_3,Product_10,51,87,0
2023-02-22,Store_4,Product_1,80,72,0
2023-02-22,Store_4,Product_2,78,89,0
2023-02-22,Store_4,Product_3,92,117,1
2023-02-22,Store_4,Product_4,63,94,0
2023-02-22,Store_4,Product_5,55,183,0
2023-02-22,Store_4,Product_6,60,143,0
2023-02-22,Store_4,Product_7,71,152,0
2023-02-22,Store_4,Product_8,28,117,0
2023-02-22,Store_4,Product_9,68,75,0
2023-02-22,Store_4,Product_10,88,193,1
2023-02-22,Store_5,Product_1,109,169,1
2023-02-22,Store_5,Product_2,101,74,0
2023-02-22,Store_5,Product_3,31,151,0
2023-02-22,Store_5,Product_4,35,191,0
2023-02-22,Store_5,Product_5,93,145,0
2023-02-22,Store_5,Product_6,51,99,0
2023-02-22,Store_5,Product_7,71,100,0
2023-02-22,Store_5,Product_8,56,68,0
2023-02-22,Store_5,Product_9,42,118,0
2023-02-22,Store_5,Product_10,107,185,1
2023-02-23,Store_1,Product_1,63,100,0
2023-02-23,Store_1,Product_2,44,150,0
2023-02-23,Store_1,Product_3,114,199,0
2023-02-23,Store_1,Product_4,86,162,0
2023-02-23,Store_1,Product_5,77,109,0
2023-02-23,Store_1,Product_6,88,166,0
2023-02-23,Store_1,Product_7,87,112,0
2023-02-23,Store_1,Product_8,103,114,0
2023-02-23,Store_1,Product_9,53,75,1
2023-02-23,Store_1,Product_10,52,183,1
2023-02-23,Store_2,Product_1,85,148,0
2023-02-23,Store_2,Product_2,38,140,1
2023-02-23,Store_2,Product_3,69,192,0
2023-02-23,Store_2,Product_4,60,161,0
2023-02-23,Store_2,Product_5,45,168,0
2023-02-23,Store_2,Product_6,64,189,0
2023-02-23,Store_2,Product_7,119,198,1
2023-02-23,Store_2,Product_8,86,159,0
2023-02-23,Store_2,Product_9,91,149,0
2023-02-23,Store_2,Product_10,50,83,0
2023-02-23,Store_3,Product_1,76,90,0
2023-02-23,Store_3,Product_2,35,128,0
2023-02-23,Store_3,Product_3,58,191,0
2023-02-23,Store_3,Product_4,41,70,0
2023-02-23,Store_3,Product_5,85,120,1
2023-02-23,Store_3,Product_6,28,194,0
2023-02-23,Store_3,Product_7,61,87,0
2023-02-23,Store_3,Product_8,32,117,0
2023-02-23,Store_3,Product_9,62,62,0
2023-02-23,Store_3,Product_10,68,149,0
2023-02-23,Store_4,Product_1,56,186,0
2023-02-23,Store_4,Product_2,106,99,0
2023-02-23,Store_4,Product_3,74,96,0
2023-02-23,Store_4,Product_4,84,112,0
2023-02-23,Store_4,Product_5,30,101,0
2023-02-23,Store_4,Product_6,56,85,1
2023-02-23,Store_4,Product_7,43,139,0
2023-02-23,Store_4,Product_8,102,64,0
2023-02-23,Store_4,Product_9,44,113,0
2023-02-23,Store_4,Product_10,89,150,0
2023-02-23,Store_5,Product_1,37,154,1
2023-02-23,Store_5,Product_2,57,96,0
2023-02-23,Store_5,Product_3,77,193,0
2023-02-23,Store_5,Product_4,54,90,0
2023-02-23,Store_5,Product_5,77,172,0
2023-02-23,Store_5,Product_6,35,150,0
2023-02-23,Store_5,Product_7,94,75,0
2023-02-23,Store_5,Product_8,30,66,1
2023-02-23,Store_5,Product_9,26,120,0
2023-02-23,Store_5,Product_10,44,135,0
2023-02-24,Store_1,Product_1,97,133,0
2023-02-24,Store_1,Product_2,37,141,1
2023-02-24,Store_1,Product_3,68,74,0
2023-02-24,Store_1,Product_4,36,152,0
2023-02-24,Store_1,Product_5,92,109,0
2023-02-24,Store_1,Product_6,27,140,0
2023-02-24,Store_1,Product_7,83,159,0
2023-02-24,Store_1,Product_8,66,180,0
2023-02-24,Store_1,Product_9,97,196,0
2023-02-24,Store_1,Product_10,58,140,0
2023-02-24,Store_2,Product_1,76,63,0
2023-02-24,Store_2,Product_2,40,81,1
2023-02-24,Store_2,Product_3,96,89,0
2023-02-24,Store_2,Product_4,58,120,0
2023-02-24,Store_2,Product_5,27,163,0
2023-02-24,Store_2,Product_6,80,62,0
2023-02-24,Store_2,Product_7,38,62,0
2023-02-24,Store_2,Product_8,29,105,0
2023-02-24,Store_2,Product_9,96,91,0
2023-02-24,Store_2,Product_10,101,194,0
2023-02-24,Store_3,Product_1,80,134,0
2023-02-24,Store_3,Product_2,71,154,0
2023-02-24,Store_3,Product_3,68,130,0
2023-02-24,Store_3,Product_4,93,179,0
2023-02-24,Store_3,Product_5,25,143,0
2023-02-24,Store_3,Product_6,49,192,1
2023-02-24,Store_3,Product_7,44,144,0
2023-02-24,Store_3,Product_8,59,180,0
2023-02-24,Store_3,Product_9,100,122,0
2023-02-24,Store_3,Product_10,49,199,0
2023-02-24,Store_4,Product_1,105,178,0
2023-02-24,Store_4,Product_2,90,171,0
2023-02-24,Store_4,Product_3,85,119,0
2023-02-24,Store_4,Product_4,39,187,0
2023-02-24,Store_4,Product_5,54,116,0
2023-02-24,Store_4,Product_6,25,188,0
2023-02-24,Store_4,Product_7,69,145,1
2023-02-24,Store_4,Product_8,95,69,0
2023-02-24,Store_4,Product_9,33,151,0
2023-02-24,Store_4,Product_10,64,108,0
2023-02-24,Store_5,Product_1,57,198,0
2023-02-24,Store_5,Product_2,65,166,0
2023-02-24,Store_5,Product_3,43,191,0
2023-02-24,Store_5,Product_4,53,121,1
2023-02-24,Store_5,Product_5,29,197,0
2023-02-24,Store_5,Product_6,41,99,0
2023-02-24,Store_5,Product_7,89,90,1
2023-02-24,Store_5,Product_8,99,54,0
2023-02-24,Store_5,Product_9,124,85,1
2023-02-24,Store_5,Product_10,107,71,1
2023-02-25,Store_1,Product_1,46,195,0
2023-02-25,Store_1,Product_2,101,105,0
2023-02-25,Store_1,Product_3,81,158,0
2023-02-25,Store_1,Product_4,122,191,1
2023-02-25,Store_1,Product_5,44,197,0
2023-02-25,Store_1,Product_6,68,100,0
2023-02-25,Store_1,Product_7,119,147,1
2023-02-25,Store_1,Product_8,71,82,0
2023-02-25,Store_1,Product_9,119,106,1
2023-02-25,Store_1,Product_10,105,91,0
2023-02-25,Store_2,Product_1,24,157,0
2023-02-25,Store_2,Product_2,97,124,0
2023-02-25,Store_2,Product_3,35,164,0
2023-02-25,Store_2,Product_4,40,99,0
2023-02-25,Store_2,Product_5,46,131,0
2023-02-25,Store_2,Product_6,112,197,0
2023-02-25,Store_2,Product_7,58,104,0
2023-02-25,Store_2,Product_8,63,108,0
2023-02-25,Store_2,Product_9,35,155,0
2023-02-25,Store_2,Product_10,69,91,0
2023-02-25,Store_3,Product_1,31,179,0
2023-02-25,Store_3,Product_2,71,171,0
2023-02-25,Store_3,Product_3,96,141,0
2023-02-25,Store_3,Product_4,24,91,0
2023-02-25,Store_3,Product_5,113,69,1
2023-02-25,Store_3,Product_6,92,111,0
2023-02-25,Store_3,Product_7,60,77,0
2023-02-25,Store_3,Product_8,44,145,0
2023-02-25,Store_3,Product_9,85,119,0
2023-02-25,Store_3,Product_10,43,113,0
2023-02-25,Store_4,Product_1,59,119,0
2023-02-25,Store_4,Product_2,37,58,0
2023-02-25,Store_4,Product_3,37,64,0
2023-02-25,Store_4,Product_4,65,183,0
2023-02-25,Store_4,Product_5,86,176,0
2023-02-25,Store_4,Product_6,97,128,0
2023-02-25,Store_4,Product_7,112,135,1
2023-02-25,Store_4,Product_8,126,59,1
2023-02-25,Store_4,Product_9,66,96,1
2023-02-25,Store_4,Product_10,35,165,0
2023-02-25,Store_5,Product_1,106,128,0
2023-02-25,Store_5,Product_2,90,184,0
2023-02-25,Store_5,Product_3,103,126,1
2023-02-25,Store_5,Product_4,56,101,0
2023-02-25,Store_5,Product_5,84,90,0
2023-02-25,Store_5,Product_6,71,114,0
2023-02-25,Store_5,Product_7,61,176,0
2023-02-25,Store_5,Product_8,59,54,0
2023-02-25,Store_5,Product_9,51,174,1
2023-02-25,Store_5,Product_10,43,102,0
2023-02-26,Store_1,Product_1,102,132,1
2023-02-26,Store_1,Product_2,43,64,0
2023-02-26,Store_1,Product_3,86,126,1
2023-02-26,Store_1,Product_4,64,190,0
2023-02-26,Store_1,Product_5,91,85,0
2023-02-26,Store_1,Product_6,34,68,0
2023-02-26,Store_1,Product_7,39,100,1
2023-02-26,Store_1,Product_8,25,118,0
2023-02-26,Store_1,Product_9,90,80,0
2023-02-26,Store_1,Product_10,104,116,0
2023-02-26,Store_2,Product_1,60,129,0
2023-02-26,Store_2,Product_2,54,189,0
2023-02-26,Store_2,Product_3,38,193,0
2023-02-26,Store_2,Product_4,54,160,0
2023-02-26,Store_2,Product_5,52,125,0
2023-02-26,Store_2,Product_6,36,114,0
2023-02-26,Store_2,Product_7,83,198,0
2023-02-26,Store_2,Product_8,104,145,1
2023-02-26,Store_2,Product_9,95,71,0
2023-02-26,Store_2,Product_10,58,65,0
2023-02-26,Store_3,Product_1,64,188,0
2023-02-26,Store_3,Product_2,70,136,0
2023-02-26,Store_3,Product_3,71,151,0
2023-02-26,Store_3,Product_4,89,130,0
2023-02-26,Store_3,Product_5,107,59,0
2023-02-26,Store_3,Product_6,70,144,0
2023-02-26,Store_3,Product_7,42,196,0
2023-02-26,Store_3,Product_8,81,139,0
2023-02-26,Store_3,Product_9,36,107,0
2023-02-26,Store_3,Product_10,92,171,0
2023-02-26,Store_4,Product_1,91,96,1
2023-02-26,Store_4,Product_2,99,54,0
2023-02-26,Store_4,Product_3,86,54,0
2023-02-26,Store_4,Product_4,89,118,1
2023-02-26,Store_4,Product_5,78,69,0
2023-02-26,Store_4,Product_6,79,158,0
2023-02-26,Store_4,Product_7,44,175,0
2023-02-26,Store_4,Product_8,41,99,0
2023-02-26,Store_4,Product_9,28,196,0
2023-02-26,Store_4,Product_10,55,160,0
2023-02-26,Store_5,Product_1,81,94,0
2023-02-26,Store_5,Product_2,41,131,0
2023-02-26,Store_5,Product_3,36,77,0
2023-02-26,Store_5,Product_4,103,87,0
2023-02-26,Store_5,Product_5,50,98,1
2023-02-26,Store_5,Product_6,72,120,1
2023-02-26,Store_5,Product_7,48,185,0
2023-02-26,Store_5,Product_8,34,162,0
2023-02-26,Store_5,Product_9,95,104,0
2023-02-26,Store_5,Product_10,102,127,0
2023-02-27,Store_1,Product_1,72,171,0
2023-02-27,Store_1,Product_2,96,161,0
2023-02-27,Store_1,Product_3,49,56,0
2023-02-27,Store_1,Product_4,88,95,1
2023-02-27,Store_1,Product_5,71,107,1
2023-02-27,Store_1,Product_6,80,101,0
2023-02-27,Store_1,Product_7,49,166,0
2023-02-27,Store_1,Product_8,55,113,0
2023-02-27,Store_1,Product_9,38,114,0
2023-02-27,Store_1,Product_10,101,81,0
2023-02-27,Store_2,Product_1,86,98,0
2023-02-27,Store_2,Product_2,102,198,1
2023-02-27,Store_2,Product_3,20,155,0
2023-02-27,Store_2,Product_4,49,84,0
2023-02-27,Store_2,Product_5,44,153,0
2023-02-27,Store_2,Product_6,54,110,0
2023-02-27,Store_2,Product_7,68,66,1
2023-02-27,Store_2,Product_8,75,84,0
2023-02-27,Store_2,Product_9,55,139,0
2023-02-27,Store_2,Product_10,107,67,1
2023-02-27,Store_3,Product_1,63,124,0
2023-02-27,Store_3,Product_2,35,76,1
2023-02-27,Store_3,Product_3,71,98,1
2023-02-27,Store_3,Product_4,112,140,0
2023-02-27,Store_3,Product_5,89,152,0
2023-02-27,Store_3,Product_6,83,131,0
2023-02-27,Store_3,Product_7,50,166,0
2023-02-27,Store_3,Product_8,31,99,0
2023-02-27,Store_3,Product_9,36,189,0
2023-02-27,Store_3,Product_10,58,95,1
2023-02-27,Store_4,Product_1,36,51,0
2023-02-27,Store_4,Product_2,34,67,0
2023-02-27,Store_4,Product_3,85,80,0
2023-02-27,Store_4,Product_4,37,102,0
2023-02-27,Store_4,Product_5,45,180,0
2023-02-27,Store_4,Product_6,83,170,1
2023-02-27,Store_4,Product_7,98,192,0
2023-02-27,Store_4,Product_8,37,122,0
2023-02-27,Store_4,Product_9,44,73,1
2023-02-27,Store_4,Product_10,88,194,0
2023-02-27,Store_5,Product_1,53,171,0
2023-02-27,Store_5,Product_2,34,128,0
2023-02-27,Store_5,Product_3,61,179,0
2023-02-27,Store_5,Product_4,71,146,0
2023-02-27,Store_5,Product_5,91,173,0
2023-02-27,Store_5,Product_6,82,128,0
2023-02-27,Store_5,Product_7,76,135,0
2023-02-27,Store_5,Product_8,63,88,0
2023-02-27,Store_5,Product_9,98,138,0
2023-02-27,Store_5,Product_10,109,78,0
2023-02-28,Store_1,Product_1,53,191,0
2023-02-28,Store_1,Product_2,52,77,0
2023-02-28,Store_1,Product_3,103,77,0
2023-02-28,Store_1,Product_4,62,186,0
2023-02-28,Store_1,Product_5,39,59,0
2023-02-28,Store_1,Product_6,80,165,0
2023-02-28,Store_1,Product_7,77,165,0
2023-02-28,Store_1,Product_8,96,151,0
2023-02-28,Store_1,Product_9,35,166,0
2023-02-28,Store_1,Product_10,29,101,0
2023-02-28,Store_2,Product_1,73,70,0
2023-02-28,Store_2,Product_2,46,125,1
2023-02-28,Store_2,Product_3,71,113,0
2023-02-28,Store_2,Product_4,47,85,1
2023-02-28,Store_2,Product_5,64,72,0
2023-02-28,Store_2,Product_6,11,159,0
2023-02-28,Store_2,Product_7,101,162,0
2023-02-28,Store_2,Product_8,69,65,0
2023-02-28,Store_2,Product_9,69,64,1
2023-02-28,Store_2,Product_10,79,59,0
2023-02-28,Store_3,Product_1,32,53,0
2023-02-28,Store_3,Product_2,72,73,0
2023-02-28,Store_3,Product_3,49,61,0
2023-02-28,Store_3,Product_4,92,182,1
2023-02-28,Store_3,Product_5,41,58,1
2023-02-28,Store_3,Product_6,47,161,0
2023-02-28,Store_3,Product_7,39,133,0
2023-02-28,Store_3,Product_8,43,154,0
2023-02-28,Store_3,Product_9,84,178,0
2023-02-28,Store_3,Product_10,39,96,0
2023-02-28,Store_4,Product_1,94,88,0
2023-02-28,Store_4,Product_2,58,84,0
2023-02-28,Store_4,Product_3,58,63,0
2023-02-28,Store_4,Product_4,88,79,0
2023-02-28,Store_4,Product_5,71,176,0
2023-02-28,Store_4,Product_6,97,85,0
2023-02-28,Store_4,Product_7,72,121,0
2023-02-28,Store_4,Product_8,96,165,0
2023-02-28,Store_4,Product_9,97,192,0
2023-02-28,Store_4,Product_10,81,65,0
2023-02-28,Store_5,Product_1,107,135,0
2023-02-28,Store_5,Product_2,66,198,1
2023-02-28,Store_5,Product_3,62,148,0
2023-02-28,Store_5,Product_4,69,113,0
2023-02-28,Store_5,Product_5,82,144,0
2023-02-28,Store_5,Product_6,75,187,0
2023-02-28,Store_5,Product_7,57,65,1
2023-02-28,Store_5,Product_8,99,124,0
2023-02-28,Store_5,Product_9,97,87,0
2023-02-28,Store_5,Product_10,78,130,0
2023-03-01,Store_1,Product_1,34,123,0
2023-03-01,Store_1,Product_2,130,163,1
2023-03-01,Store_1,Product_3,102,179,0
2023-03-01,Store_1,Product_4,79,78,1
2023-03-01,Store_1,Product_5,53,109,1
2023-03-01,Store_1,Product_6,48,109,0
2023-03-01,Store_1,Product_7,74,100,0
2023-03-01,Store_1,Product_8,43,50,1
2023-03-01,Store_1,Product_9,72,130,0
2023-03-01,Store_1,Product_10,66,138,0
2023-03-01,Store_2,Product_1,62,133,0
2023-03-01,Store_2,Product_2,45,151,0
2023-03-01,Store_2,Product_3,52,106,0
2023-03-01,Store_2,Product_4,72,125,1
2023-03-01,Store_2,Product_5,43,80,0
2023-03-01,Store_2,Product_6,49,143,0
2023-03-01,Store_2,Product_7,58,136,0
2023-03-01,Store_2,Product_8,49,181,1
2023-03-01,Store_2,Product_9,47,194,0
2023-03-01,Store_2,Product_10,58,161,0
2023-03-01,Store_3,Product_1,101,166,0
2023-03-01,Store_3,Product_2,95,75,0
2023-03-01,Store_3,Product_3,96,178,0
2023-03-01,Store_3,Product_4,68,67,0
2023-03-01,Store_3,Product_5,35,74,0
2023-03-01,Store_3,Product_6,89,98,0
2023-03-01,Store_3,Product_7,93,135,1
2023-03-01,Store_3,Product_8,78,98,0
2023-03-01,Store_3,Product_9,80,146,0
2023-03-01,Store_3,Product_10,109,129,1
2023-03-01,Store_4,Product_1,75,158,0
2023-03-01,Store_4,Product_2,75,100,0
2023-03-01,Store_4,Product_3,55,192,1
2023-03-01,Store_4,Product_4,100,129,0
2023-03-01,Store_4,Product_5,69,166,1
2023-03-01,Store_4,Product_6,49,111,0
2023-03-01,Store_4,Product_7,63,157,1
2023-03-01,Store_4,Product_8,93,113,0
2023-03-01,Store_4,Product_9,106,160,0
2023-03-01,Store_4,Product_10,29,174,0
2023-03-01,Store_5,Product_1,78,57,1
2023-03-01,Store_5,Product_2,103,149,0
2023-03-01,Store_5,Product_3,76,136,0
2023-03-01,Store_5,Product_4,50,96,0
2023-03-01,Store_5,Product_5,101,107,0
2023-03-01,Store_5,Product_6,44,123,0
2023-03-01,Store_5,Product_7,55,95,0
2023-03-01,Store_5,Product_8,57,57,0
2023-03-01,Store_5,Product_9,46,112,0
2023-03-01,Store_5,Product_10,56,148,1
2023-03-02,Store_1,Product_1,108,160,1
2023-03-02,Store_1,Product_2,83,131,0
2023-03-02,Store_1,Product_3,75,111,0
2023-03-02,Store_1,Product_4,90,50,0
2023-03-02,Store_1,Product_5,60,79,0
2023-03-02,Store_1,Product_6,43,116,0
2023-03-02,Store_1,Product_7,110,178,1
2023-03-02,Store_1,Product_8,82,53,0
2023-03-02,Store_1,Product_9,45,134,0
2023-03-02,Store_1,Product_10,88,104,0
2023-03-02,Store_2,Product_1,47,53,0
2023-03-02,Store_2,Product_2,34,75,0
2023-03-02,Store_2,Product_3,40,88,1
2023-03-02,Store_2,Product_4,47,125,0
2023-03-02,Store_2,Product_5,74,198,0
2023-03-02,Store_2,Product_6,91,111,1
2023-03-02,Store_2,Product_7,90,151,0
2023-03-02,Store_2,Product_8,50,181,0
2023-03-02,Store_2,Product_9,41,67,0
2023-03-02,Store_2,Product_10,58,56,0
2023-03-02,Store_3,Product_1,114,159,1
2023-03-02,Store_3,Product_2,110,81,0
2023-03-02,Store_3,Product_3,74,63,0
2023-03-02,Store_3,Product_4,73,142,0
2023-03-02,Store_3,Product_5,64,182,0
2023-03-02,Store_3,Product_6,58,145,0
2023-03-02,Store_3,Product_7,99,137,0
2023-03-02,Store_3,Product_8,74,102,0
2023-03-02,Store_3,Product_9,92,188,0
2023-03-02,Store_3,Product_10,98,118,0
2023-03-02,Store_4,Product_1,96,69,0
2023-03-02,Store_4,Product_2,91,52,0
2023-03-02,Store_4,Product_3,39,62,0
2023-03-02,Store_4,Product_4,45,153,1
2023-03-02,Store_4,Product_5,112,167,1
2023-03-02,Store_4,Product_6,94,182,0
2023-03-02,Store_4,Product_7,114,144,1
2023-03-02,Store_4,Product_8,75,50,0
2023-03-02,Store_4,Product_9,109,50,0
2023-03-02,Store_4,Product_10,59,156,1
2023-03-02,Store_5,Product_1,29,131,0
2023-03-02,Store_5,Product_2,99,183,0
2023-03-02,Store_5,Product_3,85,163,0
2023-03-02,Store_5,Product_4,39,64,0
2023-03-02,Store_5,Product_5,80,79,0
2023-03-02,Store_5,Product_6,90,184,0
2023-03-02,Store_5,Product_7,66,180,0
2023-03-02,Store_5,Product_8,92,130,1
2023-03-02,Store_5,Product_9,99,67,0
2023-03-02,Store_5,Product_10,86,187,0
2023-03-03,Store_1,Product_1,81,146,0
2023-03-03,Store_1,Product_2,66,71,1
2023-03-03,Store_1,Product_3,114,164,1
2023-03-03,Store_1,Product_4,44,61,0
2023-03-03,Store_1,Product_5,33,176,0
2023-03-03,Store_1,Product_6,57,58,0
2023-03-03,Store_1,Product_7,44,153,0
2023-03-03,Store_1,Product_8,74,184,0
2023-03-03,Store_1,Product_9,81,141,0
2023-03-03,Store_1,Product_10,46,166,0
2023-03-03,Store_2,Product_1,77,100,0
2023-03-03,Store_2,Product_2,83,131,1
2023-03-03,Store_2,Product_3,98,85,0
2023-03-03,Store_2,Product_4,48,67,0
2023-03-03,Store_2,Product_5,33,128,1
2023-03-03,Store_2,Product_6,59,111,0
2023-03-03,Store_2,Product_7,70,149,0
2023-03-03,Store_2,Product_8,42,199,1
2023-03-03,Store_2,Product_9,79,187,0
2023-03-03,Store_2,Product_10,119,55,1
2023-03-03,Store_3,Product_1,48,111,0
2023-03-03,Store_3,Product_2,70,105,0
2023-03-03,Store_3,Product_3,54,57,1
2023-03-03,Store_3,Product_4,61,172,0
2023-03-03,Store_3,Product_5,40,186,0
2023-03-03,Store_3,Product_6,44,189,0
2023-03-03,Store_3,Product_7,48,138,0
2023-03-03,Store_3,Product_8,70,121,0
2023-03-03,Store_3,Product_9,56,184,0
2023-03-03,Store_3,Product_10,64,57,0
2023-03-03,Store_4,Product_1,114,135,0
2023-03-03,Store_4,Product_2,61,184,0
2023-03-03,Store_4,Product_3,89,65,1
2023-03-03,Store_4,Product_4,39,87,0
2023-03-03,Store_4,Product_5,78,169,1
2023-03-03,Store_4,Product_6,84,126,0
2023-03-03,Store_4,Product_7,93,181,1
2023-03-03,Store_4,Product_8,81,107,0
2023-03-03,Store_4,Product_9,120,82,1
2023-03-03,Store_4,Product_10,74,182,0
2023-03-03,Store_5,Product_1,34,53,0
2023-03-03,Store_5,Product_2,114,177,1
2023-03-03,Store_5,Product_3,29,54,0
2023-03-03,Store_5,Product_4,44,179,1
2023-03-03,Store_5,Product_5,82,52,0
2023-03-03,Store_5,Product_6,77,122,0
2023-03-03,Store_5,Product_7,68,128,0
2023-03-03,Store_5,Product_8,96,116,0
2023-03-03,Store_5,Product_9,27,138,0
2023-03-03,Store_5,Product_10,39,164,0
2023-03-04,Store_1,Product_1,90,66,0
2023-03-04,Store_1,Product_2,85,123,1
2023-03-04,Store_1,Product_3,49,152,0
2023-03-04,Store_1,Product_4,61,82,0
2023-03-04,Store_1,Product_5,89,189,0
2023-03-04,Store_1,Product_6,119,123,0
2023-03-04,Store_1,Product_7,76,59,0
2023-03-04,Store_1,Product_8,93,98,0
2023-03-04,Store_1,Product_9,49,63,0
2023-03-04,Store_1,Product_10,70,124,1
2023-03-04,Store_2,Product_1,99,167,1
2023-03-04,Store_2,Product_2,27,55,0
2023-03-04,Store_2,Product_3,123,116,1
2023-03-04,Store_2,Product_4,43,66,0
2023-03-04,Store_2,Product_5,41,172,0
2023-03-04,Store_2,Product_6,80,147,1
2023-03-04,Store_2,Product_7,115,155,1
2023-03-04,Store_2,Product_8,81,79,0
2023-03-04,Store_2,Product_9,42,123,0
2023-03-04,Store_2,Product_10,100,131,0
2023-03-04,Store_3,Product_1,50,121,0
2023-03-04,Store_3,Product_2,42,177,0
2023-03-04,Store_3,Product_3,84,50,0
2023-03-04,Store_3,Product_4,62,68,0
2023-03-04,Store_3,Product_5,46,108,0
2023-03-04,Store_3,Product_6,54,150,0
2023-03-04,Store_3,Product_7,102,147,0
2023-03-04,Store_3,Product_8,87,51,1
2023-03-04,Store_3,Product_9,59,124,0
2023-03-04,Store_3,Product_10,55,176,0
2023-03-04,Store_4,Product_1,53,112,1
2023-03-04,Store_4,Product_2,47,54,0
2023-03-04,Store_4,Product_3,98,165,0
2023-03-04,Store_4,Product_4,48,129,0
2023-03-04,Store_4,Product_5,62,55,0
2023-03-04,Store_4,Product_6,98,98,0
2023-03-04,Store_4,Product_7,96,121,0
2023-03-04,Store_4,Product_8,79,98,0
2023-03-04,Store_4,Product_9,102,61,0
2023-03-04,Store_4,Product_10,92,176,0
2023-03-04,Store_5,Product_1,77,114,0
2023-03-04,Store_5,Product_2,72,196,0
2023-03-04,Store_5,Product_3,93,61,0
2023-03-04,Store_5,Product_4,106,85,0
2023-03-04,Store_5,Product_5,105,98,0
2023-03-04,Store_5,Product_6,84,106,0
2023-03-04,Store_5,Product_7,32,108,0
2023-03-04,Store_5,Product_8,32,175,0
2023-03-04,Store_5,Product_9,91,192,0
2023-03-04,Store_5,Product_10,92,183,0
2023-03-05,Store_1,Product_1,108,65,0
2023-03-05,Store_1,Product_2,36,160,1
2023-03-05,Store_1,Product_3,88,128,0
2023-03-05,Store_1,Product_4,87,145,0
2023-03-05,Store_1,Product_5,76,180,1
2023-03-05,Store_1,Product_6,30,172,1
2023-03-05,Store_1,Product_7,58,167,0
2023-03-05,Store_1,Product_8,31,125,0
2023-03-05,Store_1,Product_9,50,144,0
2023-03-05,Store_1,Product_10,44,181,0
2023-03-05,Store_2,Product_1,43,71,0
2023-03-05,Store_2,Product_2,27,85,0
2023-03-05,Store_2,Product_3,93,75,0
2023-03-05,Store_2,Product_4,108,179,1
2023-03-05,Store_2,Product_5,103,104,1
2023-03-05,Store_2,Product_6,51,133,0
2023-03-05,Store_2,Product_7,45,161,0
2023-03-05,Store_2,Product_8,39,65,1
2023-03-05,Store_2,Product_9,69,172,0
2023-03-05,Store_2,Product_10,43,127,0
2023-03-05,Store_3,Product_1,129,53,1
2023-03-05,Store_3,Product_2,90,160,0
2023-03-05,Store_3,Product_3,42,80,1
2023-03-05,Store_3,Product_4,48,79,0
2023-03-05,Store_3,Product_5,95,126,0
2023-03-05,Store_3,Product_6,75,153,0
2023-03-05,Store_3,Product_7,112,173,0
2023-03-05,Store_3,Product_8,62,86,0
2023-03-05,Store_3,Product_9,102,69,0
2023-03-05,Store_3,Product_10,95,198,0
2023-03-05,Store_4,Product_1,113,174,1
2023-03-05,Store_4,Product_2,71,87,0
2023-03-05,Store_4,Product_3,86,191,0
2023-03-05,Store_4,Product_4,89,162,0
2023-03-05,Store_4,Product_5,109,57,0
2023-03-05,Store_4,Product_6,57,81,0
2023-03-05,Store_4,Product_7,65,68,0
2023-03-05,Store_4,Product_8,78,186,0
2023-03-05,Store_4,Product_9,104,180,1
2023-03-05,Store_4,Product_10,76,121,0
2023-03-05,Store_5,Product_1,53,131,0
2023-03-05,Store_5,Product_2,66,129,0
2023-03-05,Store_5,Product_3,86,52,0
2023-03-05,Store_5,Product_4,43,91,0
2023-03-05,Store_5,Product_5,83,191,0
2023-03-05,Store_5,Product_6,56,92,0
2023-03-05,Store_5,Product_7,40,162,0
2023-03-05,Store_5,Product_8,98,70,0
2023-03-05,Store_5,Product_9,126,58,1
2023-03-05,Store_5,Product_10,71,85,0
2023-03-06,Store_1,Product_1,113,86,0
2023-03-06,Store_1,Product_2,97,156,0
2023-03-06,Store_1,Product_3,80,74,1
2023-03-06,Store_1,Product_4,53,122,0
2023-03-06,Store_1,Product_5,26,63,0
2023-03-06,Store_1,Product_6,56,113,1
2023-03-06,Store_1,Product_7,61,138,0
2023-03-06,Store_1,Product_8,39,101,0
2023-03-06,Store_1,Product_9,103,199,0
2023-03-06,Store_1,Product_10,94,92,0
2023-03-06,Store_2,Product_1,56,179,0
2023-03-06,Store_2,Product_2,118,159,1
2023-03-06,Store_2,Product_3,88,192,0
2023-03-06,Store_2,Product_4,91,71,0
2023-03-06,Store_2,Product_5,46,93,0
2023-03-06,Store_2,Product_6,40,83,0
2023-03-06,Store_2,Product_7,44,107,0
2023-03-06,Store_2,Product_8,46,65,0
2023-03-06,Store_2,Product_9,39,52,0
2023-03-06,Store_2,Product_10,91,77,0
2023-03-06,Store_3,Product_1,124,155,1
2023-03-06,Store_3,Product_2,72,78,0
2023-03-06,Store_3,Product_3,37,154,0
2023-03-06,Store_3,Product_4,40,166,1
2023-03-06,Store_3,Product_5,75,137,0
2023-03-06,Store_3,Product_6,54,154,0
2023-03-06,Store_3,Product_7,115,134,1
2023-03-06,Store_3,Product_8,57,137,0
2023-03-06,Store_3,Product_9,59,178,0
2023-03-06,Store_3,Product_10,79,168,0
2023-03-06,Store_4,Product_1,51,78,0
2023-03-06,Store_4,Product_2,35,78,0
2023-03-06,Store_4,Product_3,74,173,0
2023-03-06,Store_4,Product_4,40,101,1
2023-03-06,Store_4,Product_5,47,66,0
2023-03-06,Store_4,Product_6,55,71,0
2023-03-06,Store_4,Product_7,77,96,0
2023-03-06,Store_4,Product_8,59,198,0
2023-03-06,Store_4,Product_9,49,108,0
2023-03-06,Store_4,Product_10,81,55,1
2023-03-06,Store_5,Product_1,37,178,0
2023-03-06,Store_5,Product_2,54,165,0
2023-03-06,Store_5,Product_3,44,78,0
2023-03-06,Store_5,Product_4,83,76,0
2023-03-06,Store_5,Product_5,78,86,1
2023-03-06,Store_5,Product_6,37,101,0
2023-03-06,Store_5,Product_7,39,194,0
2023-03-06,Store_5,Product_8,79,90,1
2023-03-06,Store_5,Product_9,88,158,0
2023-03-06,Store_5,Product_10,70,116,0
2023-03-07,Store_1,Product_1,100,109,0
2023-03-07,Store_1,Product_2,90,64,1
2023-03-07,Store_1,Product_3,114,162,1
2023-03-07,Store_1,Product_4,29,102,0
2023-03-07,Store_1,Product_5,39,56,1
2023-03-07,Store_1,Product_6,32,156,0
2023-03-07,Store_1,Product_7,40,130,0
2023-03-07,Store_1,Product_8,58,110,1
2023-03-07,Store_1,Product_9,79,137,0
2023-03-07,Store_1,Product_10,51,92,0
2023-03-07,Store_2,Product_1,65,122,0
2023-03-07,Store_2,Product_2,79,139,1
2023-03-07,Store_2,Product_3,81,125,0
2023-03-07,Store_2,Product_4,57,129,0
2023-03-07,Store_2,Product_5,102,107,0
2023-03-07,Store_2,Product_6,37,80,0
2023-03-07,Store_2,Product_7,93,104,0
2023-03-07,Store_2,Product_8,101,114,1
2023-03-07,Store_2,Product_9,101,64,0
2023-03-07,Store_2,Product_10,121,169,1
2023-03-07,Store_3,Product_1,74,170,0
2023-03-07,Store_3,Product_2,109,138,0
2023-03-07,Store_3,Product_3,37,109,0
2023-03-07,Store_3,Product_4,72,183,0
2023-03-07,Store_3,Product_5,98,102,1
2023-03-07,Store_3,Product_6,56,93,0
2023-03-07,Store_3,Product_7,51,113,0
2023-03-07,Store_3,Product_8,47,113,0
2023-03-07,Store_3,Product_9,97,174,1
2023-03-07,Store_3,Product_10,86,96,0
2023-03-07,Store_4,Product_1,59,154,1
2023-03-07,Store_4,Product_2,67,173,0
2023-03-07,Store_4,Product_3,36,70,0
2023-03-07,Store_4,Product_4,31,139,0
2023-03-07,Store_4,Product_5,76,154,0
2023-03-07,Store_4,Product_6,85,153,0
2023-03-07,Store_4,Product_7,76,52,1
2023-03-07,Store_4,Product_8,70,50,0
2023-03-07,Store_4,Product_9,44,183,0
2023-03-07,Store_4,Product_10,44,53,0
2023-03-07,Store_5,Product_1,58,175,0
2023-03-07,Store_5,Product_2,62,106,0
2023-03-07,Store_5,Product_3,63,63,0
2023-03-07,Store_5,Product_4,101,50,1
2023-03-07,Store_5,Product_5,79,116,1
2023-03-07,Store_5,Product_6,99,169,0
2023-03-07,Store_5,Product_7,87,185,0
2023-03-07,Store_5,Product_8,61,116,0
2023-03-07,Store_5,Product_9,49,68,1
2023-03-07,Store_5,Product_10,108,197,1
2023-03-08,Store_1,Product_1,62,135,0
2023-03-08,Store_1,Product_2,102,171,0
2023-03-08,Store_1,Product_3,87,186,0
2023-03-08,Store_1,Product_4,49,148,0
2023-03-08,Store_1,Product_5,78,53,0
2023-03-08,Store_1,Product_6,107,58,1
2023-03-08,Store_1,Product_7,38,177,0
2023-03-08,Store_1,Product_8,52,110,0
2023-03-08,Store_1,Product_9,92,157,0
2023-03-08,Store_1,Product_10,81,172,1
2023-03-08,Store_2,Product_1,63,85,0
2023-03-08,Store_2,Product_2,48,195,0
2023-03-08,Store_2,Product_3,38,198,0
2023-03-08,Store_2,Product_4,104,80,1
2023-03-08,Store_2,Product_5,35,101,0
2023-03-08,Store_2,Product_6,49,139,0
2023-03-08,Store_2,Product_7,48,191,0
2023-03-08,Store_2,Product_8,79,183,0
2023-03-08,Store_2,Product_9,121,148,1
2023-03-08,Store_2,Product_10,82,51,0
2023-03-08,Store_3,Product_1,64,133,0
2023-03-08,Store_3,Product_2,98,98,0
2023-03-08,Store_3,Product_3,67,114,0
2023-03-08,Store_3,Product_4,40,191,0
2023-03-08,Store_3,Product_5,70,120,0
2023-03-08,Store_3,Product_6,95,128,0
2023-03-08,Store_3,Product_7,98,72,1
2023-03-08,Store_3,Product_8,43,113,0
2023-03-08,Store_3,Product_9,85,117,1
2023-03-08,Store_3,Product_10,42,177,0
2023-03-08,Store_4,Product_1,96,128,0
2023-03-08,Store_4,Product_2,75,137,0
2023-03-08,Store_4,Product_3,93,87,0
2023-03-08,Store_4,Product_4,30,183,1
2023-03-08,Store_4,Product_5,91,153,0
2023-03-08,Store_4,Product_6,91,158,0
2023-03-08,Store_4,Product_7,87,62,0
2023-03-08,Store_4,Product_8,97,190,0
2023-03-08,Store_4,Product_9,49,103,0
2023-03-08,Store_4,Product_10,62,126,1
2023-03-08,Store_5,Product_1,106,174,0
2023-03-08,Store_5,Product_2,82,135,0
2023-03-08,Store_5,Product_3,66,122,0
2023-03-08,Store_5,Product_4,73,174,0
2023-03-08,Store_5,Product_5,55,174,0
2023-03-08,Store_5,Product_6,63,50,0
2023-03-08,Store_5,Product_7,63,104,1
2023-03-08,Store_5,Product_8,69,138,1
2023-03-08,Store_5,Product_9,80,55,1
2023-03-08,Store_5,Product_10,43,65,0
2023-03-09,Store_1,Product_1,103,91,0
2023-03-09,Store_1,Product_2,43,133,0
2023-03-09,Store_1,Product_3,73,194,0
2023-03-09,Store_1,Product_4,95,125,1
2023-03-09,Store_1,Product_5,100,175,0
2023-03-09,Store_1,Product_6,33,172,0
2023-03-09,Store_1,Product_7,42,185,0
2023-03-09,Store_1,Product_8,79,103,0
2023-03-09,Store_1,Product_9,74,80,0
2023-03-09,Store_1,Product_10,77,78,0
2023-03-09,Store_2,Product_1,73,81,0
2023-03-09,Store_2,Product_2,92,180,0
2023-03-09,Store_2,Product_3,116,175,1
2023-03-09,Store_2,Product_4,107,170,0
2023-03-09,Store_2,Product_5,43,185,1
2023-03-09,Store_2,Product_6,55,128,0
2023-03-09,Store_2,Product_7,57,177,0
2023-03-09,Store_2,Product_8,107,107,0
2023-03-09,Store_2,Product_9,97,106,0
2023-03-09,Store_2,Product_10,78,135,1
2023-03-09,Store_3,Product_1,80,111,0
2023-03-09,Store_3,Product_2,27,114,0
2023-03-09,Store_3,Product_3,29,195,0
2023-03-09,Store_3,Product_4,65,90,0
2023-03-09,Store_3,Product_5,84,116,0
2023-03-09,Store_3,Product_6,95,153,1
2023-03-09,Store_3,Product_7,135,155,1
2023-03-09,Store_3,Product_8,112,105,0
2023-03-09,Store_3,Product_9,61,122,0
2023-03-09,Store_3,Product_10,63,58,0
2023-03-09,Store_4,Product_1,87,147,0
2023-03-09,Store_4,Product_2,115,149,0
2023-03-09,Store_4,Product_3,62,102,0
2023-03-09,Store_4,Product_4,59,64,0
2023-03-09,Store_4,Product_5,52,124,0
2023-03-09,Store_4,Product_6,84,77,1
2023-03-09,Store_4,Product_7,117,161,1
2023-03-09,Store_4,Product_8,96,168,1
2023-03-09,Store_4,Product_9,66,57,0
2023-03-09,Store_4,Product_10,63,72,1
2023-03-09,Store_5,Product_1,54,67,0
2023-03-09,Store_5,Product_2,103,151,0
2023-03-09,Store_5,Product_3,50,113,0
2023-03-09,Store_5,Product_4,54,144,0
2023-03-09,Store_5,Product_5,93,99,0
2023-03-09,Store_5,Product_6,63,187,0
2023-03-09,Store_5,Product_7,51,114,0
2023-03-09,Store_5,Product_8,96,130,1
2023-03-09,Store_5,Product_9,74,75,0
2023-03-09,Store_5,Product_10,97,146,0
2023-03-10,Store_1,Product_1,35,172,0
2023-03-10,Store_1,Product_2,68,62,0
2023-03-10,Store_1,Product_3,99,166,0
2023-03-10,Store_1,Product_4,25,64,0
2023-03-10,Store_1,Product_5,39,199,0
2023-03-10,Store_1,Product_6,64,140,0
2023-03-10,Store_1,Product_7,49,84,0
2023-03-10,Store_1,Product_8,39,76,0
2023-03-10,Store_1,Product_9,111,134,1
2023-03-10,Store_1,Product_10,42,93,0
2023-03-10,Store_2,Product_1,56,126,0
2023-03-10,Store_2,Product_2,90,168,0
2023-03-10,Store_2,Product_3,52,84,0
2023-03-10,Store_2,Product_4,98,198,0
2023-03-10,Store_2,Product_5,44,53,0
2023-03-10,Store_2,Product_6,67,124,0
2023-03-10,Store_2,Product_7,51,166,0
2023-03-10,Store_2,Product_8,54,131,0
2023-03-10,Store_2,Product_9,91,112,0
2023-03-10,Store_2,Product_10,112,122,1
2023-03-10,Store_3,Product_1,76,186,0
2023-03-10,Store_3,Product_2,69,183,0
2023-03-10,Store_3,Product_3,50,154,0
2023-03-10,Store_3,Product_4,118,159,1
2023-03-10,Store_3,Product_5,63,93,0
2023-03-10,Store_3,Product_6,67,68,0
2023-03-10,Store_3,Product_7,59,147,1
2023-03-10,Store_3,Product_8,74,75,1
2023-03-10,Store_3,Product_9,107,151,1
2023-03-10,Store_3,Product_10,99,149,0
2023-03-10,Store_4,Product_1,56,111,1
2023-03-10,Store_4,Product_2,68,166,0
2023-03-10,Store_4,Product_3,38,70,1
2023-03-10,Store_4,Product_4,83,170,0
2023-03-10,Store_4,Product_5,112,97,0
2023-03-10,Store_4,Product_6,42,95,0
2023-03-10,Store_4,Product_7,103,128,1
2023-03-10,Store_4,Product_8,52,104,0
2023-03-10,Store_4,Product_9,87,169,0
2023-03-10,Store_4,Product_10,54,134,0
2023-03-10,Store_5,Product_1,61,194,0
2023-03-10,Store_5,Product_2,101,197,1
2023-03-10,Store_5,Product_3,90,100,0
2023-03-10,Store_5,Product_4,96,172,0
2023-03-10,Store_5,Product_5,71,142,0
2023-03-10,Store_5,Product_6,106,51,0
2023-03-10,Store_5,Product_7,64,181,0
2023-03-10,Store_5,Product_8,35,100,0
2023-03-10,Store_5,Product_9,29,130,0
2023-03-10,Store_5,Product_10,65,192,1
2023-03-11,Store_1,Product_1,44,193,0
2023-03-11,Store_1,Product_2,91,61,0
2023-03-11,Store_1,Product_3,40,172,1
2023-03-11,Store_1,Product_4,51,120,0
2023-03-11,Store_1,Product_5,105,125,1
2023-03-11,Store_1,Product_6,82,58,0
2023-03-11,Store_1,Product_7,61,65,0
2023-03-11,Store_1,Product_8,40,188,0
2023-03-11,Store_1,Product_9,105,83,0
2023-03-11,Store_1,Product_10,75,51,0
2023-03-11,Store_2,Product_1,57,77,0
2023-03-11,Store_2,Product_2,66,158,0
2023-03-11,Store_2,Product_3,53,72,0
2023-03-11,Store_2,Product_4,43,98,0
2023-03-11,Store_2,Product_5,114,122,1
2023-03-11,Store_2,Product_6,46,102,0
2023-03-11,Store_2,Product_7,38,139,0
2023-03-11,Store_2,Product_8,58,58,1
2023-03-11,Store_2,Product_9,31,182,0
2023-03-11,Store_2,Product_10,63,161,0
2023-03-11,Store_3,Product_1,54,162,0
2023-03-11,Store_3,Product_2,112,155,0
2023-03-11,Store_3,Product_3,59,80,0
2023-03-11,Store_3,Product_4,44,101,0
2023-03-11,Store_3,Product_5,22,112,0
2023-03-11,Store_3,Product_6,128,136,1
2023-03-11,Store_3,Product_7,73,96,0
2023-03-11,Store_3,Product_8,44,114,0
2023-03-11,Store_3,Product_9,119,195,1
2023-03-11,Store_3,Product_10,105,81,1
2023-03-11,Store_4,Product_1,71,170,0
2023-03-11,Store_4,Product_2,110,95,1
2023-03-11,Store_4,Product_3,74,167,1
2023-03-11,Store_4,Product_4,74,72,0
2023-03-11,Store_4,Product_5,67,56,0
2023-03-11,Store_4,Product_6,81,190,0
2023-03-11,Store_4,Product_7,25,178,0
2023-03-11,Store_4,Product_8,65,64,0
2023-03-11,Store_4,Product_9,81,89,0
2023-03-11,Store_4,Product_10,112,184,0
2023-03-11,Store_5,Product_1,37,114,1
2023-03-11,Store_5,Product_2,81,66,0
2023-03-11,Store_5,Product_3,76,195,0
2023-03-11,Store_5,Product_4,72,152,0
2023-03-11,Store_5,Product_5,72,59,1
2023-03-11,Store_5,Product_6,59,106,0
2023-03-11,Store_5,Product_7,57,83,1
2023-03-11,Store_5,Product_8,65,161,1
2023-03-11,Store_5,Product_9,99,80,0
2023-03-11,Store_5,Product_10,89,161,0
2023-03-12,Store_1,Product_1,73,115,0
2023-03-12,Store_1,Product_2,43,80,0
2023-03-12,Store_1,Product_3,56,67,0
2023-03-12,Store_1,Product_4,58,58,0
2023-03-12,Store_1,Product_5,52,173,0
2023-03-12,Store_1,Product_6,48,149,0
2023-03-12,Store_1,Product_7,75,95,0
2023-03-12,Store_1,Product_8,74,161,0
2023-03-12,Store_1,Product_9,83,109,1
2023-03-12,Store_1,Product_10,106,194,0
2023-03-12,Store_2,Product_1,30,107,0
2023-03-12,Store_2,Product_2,75,160,0
2023-03-12,Store_2,Product_3,107,82,0
2023-03-12,Store_2,Product_4,60,111,0
2023-03-12,Store_2,Product_5,50,59,1
2023-03-12,Store_2,Product_6,36,54,0
2023-03-12,Store_2,Product_7,84,135,0
2023-03-12,Store_2,Product_8,117,178,0
2023-03-12,Store_2,Product_9,77,93,0
2023-03-12,Store_2,Product_10,55,57,0
2023-03-12,Store_3,Product_1,82,58,0
2023-03-12,Store_3,Product_2,101,63,0
2023-03-12,Store_3,Product_3,92,147,0
2023-03-12,Store_3,Product_4,30,188,0
2023-03-12,Store_3,Product_5,87,99,0
2023-03-12,Store_3,Product_6,56,173,0
2023-03-12,Store_3,Product_7,93,140,0
2023-03-12,Store_3,Product_8,80,118,0
2023-03-12,Store_3,Product_9,47,161,0
2023-03-12,Store_3,Product_10,51,188,0
2023-03-12,Store_4,Product_1,44,97,0
2023-03-12,Store_4,Product_2,51,119,0
2023-03-12,Store_4,Product_3,57,152,1
2023-03-12,Store_4,Product_4,63,113,0
2023-03-12,Store_4,Product_5,61,67,1
2023-03-12,Store_4,Product_6,54,120,0
2023-03-12,Store_4,Product_7,101,80,0
2023-03-12,Store_4,Product_8,87,82,0
2023-03-12,Store_4,Product_9,98,90,0
2023-03-12,Store_4,Product_10,72,169,0
2023-03-12,Store_5,Product_1,65,192,1
2023-03-12,Store_5,Product_2,108,118,0
2023-03-12,Store_5,Product_3,71,195,0
2023-03-12,Store_5,Product_4,56,160,0
2023-03-12,Store_5,Product_5,126,97,1
2023-03-12,Store_5,Product_6,58,83,0
2023-03-12,Store_5,Product_7,36,192,0
2023-03-12,Store_5,Product_8,110,117,1
2023-03-12,Store_5,Product_9,41,108,0
2023-03-12,Store_5,Product_10,77,89,0
2023-03-13,Store_1,Product_1,133,195,1
2023-03-13,Store_1,Product_2,33,90,0
2023-03-13,Store_1,Product_3,46,75,0
2023-03-13,Store_1,Product_4,83,151,0
2023-03-13,Store_1,Product_5,95,110,0
2023-03-13,Store_1,Product_6,86,162,0
2023-03-13,Store_1,Product_7,57,132,1
2023-03-13,Store_1,Product_8,74,106,0
2023-03-13,Store_1,Product_9,98,155,0
2023-03-13,Store_1,Product_10,45,78,0
2023-03-13,Store_2,Product_1,79,69,0
2023-03-13,Store_2,Product_2,64,160,0
2023-03-13,Store_2,Product_3,68,184,0
2023-03-13,Store_2,Product_4,24,64,0
2023-03-13,Store_2,Product_5,56,171,1
2023-03-13,Store_2,Product_6,34,137,0
2023-03-13,Store_2,Product_7,97,93,1
2023-03-13,Store_2,Product_8,111,198,0
2023-03-13,Store_2,Product_9,76,195,0
2023-03-13,Store_2,Product_10,95,73,0
2023-03-13,Store_3,Product_1,81,117,0
2023-03-13,Store_3,Product_2,38,141,1
2023-03-13,Store_3,Product_3,75,95,0
2023-03-13,Store_3,Product_4,46,190,1
2023-03-13,Store_3,Product_5,83,190,0
2023-03-13,Store_3,Product_6,90,123,0
2023-03-13,Store_3,Product_7,35,198,1
2023-03-13,Store_3,Product_8,59,198,0
2023-03-13,Store_3,Product_9,98,188,1
2023-03-13,Store_3,Product_10,95,82,0
2023-03-13,Store_4,Product_1,68,72,1
2023-03-13,Store_4,Product_2,50,181,0
2023-03-13,Store_4,Product_3,43,121,0
2023-03-13,Store_4,Product_4,99,143,0
2023-03-13,Store_4,Product_5,43,183,0
2023-03-13,Store_4,Product_6,74,124,0
2023-03-13,Store_4,Product_7,102,105,0
2023-03-13,Store_4,Product_8,64,107,0
2023-03-13,Store_4,Product_9,37,64,0
2023-03-13,Store_4,Product_10,89,68,0
2023-03-13,Store_5,Product_1,92,195,0
2023-03-13,Store_5,Product_2,75,114,0
2023-03-13,Store_5,Product_3,34,105,0
2023-03-13,Store_5,Product_4,63,104,0
2023-03-13,Store_5,Product_5,106,56,0
2023-03-13,Store_5,Product_6,72,53,0
2023-03-13,Store_5,Product_7,80,158,1
2023-03-13,Store_5,Product_8,86,139,0
2023-03-13,Store_5,Product_9,69,82,0
2023-03-13,Store_5,Product_10,75,94,0
2023-03-14,Store_1,Product_1,47,139,0
2023-03-14,Store_1,Product_2,97,159,0
2023-03-14,Store_1,Product_3,40,156,0
2023-03-14,Store_1,Product_4,36,197,0
2023-03-14,Store_1,Product_5,89,88,0
2023-03-14,Store_1,Product_6,82,83,0
2023-03-14,Store_1,Product_7,64,198,0
2023-03-14,Store_1,Product_8,74,186,1
2023-03-14,Store_1,Product_9,65,184,0
2023-03-14,Store_1,Product_10,96,55,0
2023-03-14,Store_2,Product_1,63,126,0
2023-03-14,Store_2,Product_2,114,187,1
2023-03-14,Store_2,Product_3,112,160,1
2023-03-14,Store_2,Product_4,98,187,0
2023-03-14,Store_2,Product_5,60,188,0
2023-03-14,Store_2,Product_6,76,97,0
2023-03-14,Store_2,Product_7,36,199,0
2023-03-14,Store_2,Product_8,31,120,0
2023-03-14,Store_2,Product_9,42,90,0
2023-03-14,Store_2,Product_10,61,50,0
2023-03-14,Store_3,Product_1,109,148,0
2023-03-14,Store_3,Product_2,78,136,0
2023-03-14,Store_3,Product_3,52,99,0
2023-03-14,Store_3,Product_4,87,135,0
2023-03-14,Store_3,Product_5,41,92,0
2023-03-14,Store_3,Product_6,101,186,0
2023-03-14,Store_3,Product_7,85,60,0
2023-03-14,Store_3,Product_8,49,149,0
2023-03-14,Store_3,Product_9,123,120,1
2023-03-14,Store_3,Product_10,45,168,0
2023-03-14,Store_4,Product_1,31,151,0
2023-03-14,Store_4,Product_2,108,127,0
2023-03-14,Store_4,Product_3,82,110,0
2023-03-14,Store_4,Product_4,102,67,0
2023-03-14,Store_4,Product_5,57,118,0
2023-03-14,Store_4,Product_6,103,134,0
2023-03-14,Store_4,Product_7,112,177,1
2023-03-14,Store_4,Product_8,88,96,0
2023-03-14,Store_4,Product_9,64,145,0
2023-03-14,Store_4,Product_10,70,81,0
2023-03-14,Store_5,Product_1,88,151,1
2023-03-14,Store_5,Product_2,89,56,0
2023-03-14,Store_5,Product_3,87,60,1
2023-03-14,Store_5,Product_4,60,90,0
2023-03-14,Store_5,Product_5,70,138,0
2023-03-14,Store_5,Product_6,49,89,0
2023-03-14,Store_5,Product_7,64,183,0
2023-03-14,Store_5,Product_8,103,89,0
2023-03-14,Store_5,Product_9,52,189,0
2023-03-14,Store_5,Product_10,66,72,0
2023-03-15,Store_1,Product_1,75,199,0
2023-03-15,Store_1,Product_2,36,138,0
2023-03-15,Store_1,Product_3,117,136,0
2023-03-15,Store_1,Product_4,89,100,0
2023-03-15,Store_1,Product_5,95,164,0
2023-03-15,Store_1,Product_6,76,80,0
2023-03-15,Store_1,Product_7,66,177,1
2023-03-15,Store_1,Product_8,100,150,1
2023-03-15,Store_1,Product_9,87,81,0
2023-03-15,Store_1,Product_10,113,76,1
2023-03-15,Store_2,Product_1,35,186,0
2023-03-15,Store_2,Product_2,89,121,0
2023-03-15,Store_2,Product_3,122,96,1
2023-03-15,Store_2,Product_4,63,132,1
2023-03-15,Store_2,Product_5,104,94,1
2023-03-15,Store_2,Product_6,49,192,0
2023-03-15,Store_2,Product_7,82,160,0
2023-03-15,Store_2,Product_8,85,156,1
2023-03-15,Store_2,Product_9,83,89,0
2023-03-15,Store_2,Product_10,91,151,0
2023-03-15,Store_3,Product_1,40,196,0
2023-03-15,Store_3,Product_2,82,161,0
2023-03-15,Store_3,Product_3,119,57,1
2023-03-15,Store_3,Product_4,35,56,0
2023-03-15,Store_3,Product_5,49,60,0
2023-03-15,Store_3,Product_6,91,163,0
2023-03-15,Store_3,Product_7,116,116,1
2023-03-15,Store_3,Product_8,53,167,1
2023-03-15,Store_3,Product_9,37,126,0
2023-03-15,Store_3,Product_10,78,116,0
2023-03-15,Store_4,Product_1,46,184,0
2023-03-15,Store_4,Product_2,29,146,0
2023-03-15,Store_4,Product_3,87,86,0
2023-03-15,Store_4,Product_4,77,96,0
2023-03-15,Store_4,Product_5,49,83,0
2023-03-15,Store_4,Product_6,74,119,0
2023-03-15,Store_4,Product_7,92,158,0
2023-03-15,Store_4,Product_8,103,59,0
2023-03-15,Store_4,Product_9,89,55,0
2023-03-15,Store_4,Product_10,52,144,0
2023-03-15,Store_5,Product_1,87,189,0
2023-03-15,Store_5,Product_2,34,159,0
2023-03-15,Store_5,Product_3,91,199,0
2023-03-15,Store_5,Product_4,98,190,0
2023-03-15,Store_5,Product_5,44,188,0
2023-03-15,Store_5,Product_6,45,63,0
2023-03-15,Store_5,Product_7,43,158,1
2023-03-15,Store_5,Product_8,37,148,0
2023-03-15,Store_5,Product_9,86,194,0
2023-03-15,Store_5,Product_10,92,97,0
2023-03-16,Store_1,Product_1,82,155,1
2023-03-16,Store_1,Product_2,41,109,0
2023-03-16,Store_1,Product_3,79,189,0
2023-03-16,Store_1,Product_4,133,174,1
2023-03-16,Store_1,Product_5,84,110,0
2023-03-16,Store_1,Product_6,103,170,0
2023-03-16,Store_1,Product_7,73,137,0
2023-03-16,Store_1,Product_8,80,125,0
2023-03-16,Store_1,Product_9,66,141,0
2023-03-16,Store_1,Product_10,57,83,0
2023-03-16,Store_2,Product_1,39,56,0
2023-03-16,Store_2,Product_2,109,79,0
2023-03-16,Store_2,Product_3,64,86,0
2023-03-16,Store_2,Product_4,70,112,0
2023-03-16,Store_2,Product_5,75,93,0
2023-03-16,Store_2,Product_6,101,161,0
2023-03-16,Store_2,Product_7,110,117,0
2023-03-16,Store_2,Product_8,107,107,0
2023-03-16,Store_2,Product_9,86,155,0
2023-03-16,Store_2,Product_10,122,191,1
2023-03-16,Store_3,Product_1,69,179,1
2023-03-16,Store_3,Product_2,53,111,1
2023-03-16,Store_3,Product_3,98,127,0
2023-03-16,Store_3,Product_4,106,56,0
2023-03-16,Store_3,Product_5,112,118,0
2023-03-16,Store_3,Product_6,92,111,0
2023-03-16,Store_3,Product_7,101,60,0
2023-03-16,Store_3,Product_8,102,137,0
2023-03-16,Store_3,Product_9,62,65,0
2023-03-16,Store_3,Product_10,100,78,0
2023-03-16,Store_4,Product_1,57,143,0
2023-03-16,Store_4,Product_2,63,166,0
2023-03-16,Store_4,Product_3,92,118,0
2023-03-16,Store_4,Product_4,42,151,0
2023-03-16,Store_4,Product_5,84,187,0
2023-03-16,Store_4,Product_6,66,172,0
2023-03-16,Store_4,Product_7,76,105,0
2023-03-16,Store_4,Product_8,81,192,0
2023-03-16,Store_4,Product_9,97,126,0
2023-03-16,Store_4,Product_10,89,175,0
2023-03-16,Store_5,Product_1,82,190,0
2023-03-16,Store_5,Product_2,94,159,0
2023-03-16,Store_5,Product_3,50,77,1
2023-03-16,Store_5,Product_4,78,77,0
2023-03-16,Store_5,Product_5,62,180,1
2023-03-16,Store_5,Product_6,52,84,0
2023-03-16,Store_5,Product_7,106,111,0
2023-03-16,Store_5,Product_8,96,58,0
2023-03-16,Store_5,Product_9,85,70,0
2023-03-16,Store_5,Product_10,34,65,0
2023-03-17,Store_1,Product_1,60,187,0
2023-03-17,Store_1,Product_2,84,135,1
2023-03-17,Store_1,Product_3,41,99,0
2023-03-17,Store_1,Product_4,59,117,0
2023-03-17,Store_1,Product_5,91,98,0
2023-03-17,Store_1,Product_6,57,105,0
2023-03-17,Store_1,Product_7,57,147,0
2023-03-17,Store_1,Product_8,38,197,0
2023-03-17,Store_1,Product_9,104,52,0
2023-03-17,Store_1,Product_10,47,161,0
2023-03-17,Store_2,Product_1,37,158,0
2023-03-17,Store_2,Product_2,99,96,0
2023-03-17,Store_2,Product_3,89,71,0
2023-03-17,Store_2,Product_4,37,194,0
2023-03-17,Store_2,Product_5,68,71,0
2023-03-17,Store_2,Product_6,84,142,0
2023-03-17,Store_2,Product_7,104,68,0
2023-03-17,Store_2,Product_8,109,70,0
2023-03-17,Store_2,Product_9,61,78,0
2023-03-17,Store_2,Product_10,106,189,0
2023-03-17,Store_3,Product_1,67,186,1
2023-03-17,Store_3,Product_2,48,128,0
2023-03-17,Store_3,Product_3,101,62,0
2023-03-17,Store_3,Product_4,75,145,0
2023-03-17,Store_3,Product_5,40,190,0
2023-03-17,Store_3,Product_6,32,109,0
2023-03-17,Store_3,Product_7,33,83,0
2023-03-17,Store_3,Product_8,57,159,0
2023-03-17,Store_3,Product_9,110,192,0
2023-03-17,Store_3,Product_10,45,113,0
2023-03-17,Store_4,Product_1,94,86,0
2023-03-17,Store_4,Product_2,107,117,0
2023-03-17,Store_4,Product_3,97,124,0
2023-03-17,Store_4,Product_4,53,191,0
2023-03-17,Store_4,Product_5,86,132,0
2023-03-17,Store_4,Product_6,35,104,0
2023-03-17,Store_4,Product_7,105,143,0
2023-03-17,Store_4,Product_8,51,112,0
2023-03-17,Store_4,Product_9,45,132,1
2023-03-17,Store_4,Product_10,106,127,0
2023-03-17,Store_5,Product_1,43,55,0
2023-03-17,Store_5,Product_2,63,171,0
2023-03-17,Store_5,Product_3,95,185,0
2023-03-17,Store_5,Product_4,59,147,0
2023-03-17,Store_5,Product_5,47,135,0
2023-03-17,Store_5,Product_6,96,160,0
2023-03-17,Store_5,Product_7,77,121,1
2023-03-17,Store_5,Product_8,28,180,0
2023-03-17,Store_5,Product_9,73,151,0
2023-03-17,Store_5,Product_10,98,103,0
2023-03-18,Store_1,Product_1,55,149,0
2023-03-18,Store_1,Product_2,74,136,0
2023-03-18,Store_1,Product_3,100,82,0
2023-03-18,Store_1,Product_4,59,173,0
2023-03-18,Store_1,Product_5,74,72,1
2023-03-18,Store_1,Product_6,85,147,0
2023-03-18,Store_1,Product_7,25,91,0
2023-03-18,Store_1,Product_8,63,59,0
2023-03-18,Store_1,Product_9,46,123,0
2023-03-18,Store_1,Product_10,32,68,0
2023-03-18,Store_2,Product_1,43,152,0
2023-03-18,Store_2,Product_2,31,197,0
2023-03-18,Store_2,Product_3,36,70,0
2023-03-18,Store_2,Product_4,66,149,0
2023-03-18,Store_2,Product_5,99,51,0
2023-03-18,Store_2,Product_6,25,151,0
2023-03-18,Store_2,Product_7,96,82,0
2023-03-18,Store_2,Product_8,77,77,0
2023-03-18,Store_2,Product_9,84,137,1
2023-03-18,Store_2,Product_10,66,90,0
2023-03-18,Store_3,Product_1,32,133,0
2023-03-18,Store_3,Product_2,95,116,0
2023-03-18,Store_3,Product_3,50,167,0
2023-03-18,Store_3,Product_4,83,137,0
2023-03-18,Store_3,Product_5,63,180,0
2023-03-18,Store_3,Product_6,91,162,0
2023-03-18,Store_3,Product_7,67,157,0
2023-03-18,Store_3,Product_8,54,109,0
2023-03-18,Store_3,Product_9,105,151,0
2023-03-18,Store_3,Product_10,96,162,0
2023-03-18,Store_4,Product_1,80,146,1
2023-03-18,Store_4,Product_2,38,185,0
2023-03-18,Store_4,Product_3,95,51,0
2023-03-18,Store_4,Product_4,41,127,0
2023-03-18,Store_4,Product_5,38,128,0
2023-03-18,Store_4,Product_6,101,90,0
2023-03-18,Store_4,Product_7,23,102,0
2023-03-18,Store_4,Product_8,50,185,0
2023-03-18,Store_4,Product_9,99,196,0
2023-03-18,Store_4,Product_10,96,132,0
2023-03-18,Store_5,Product_1,88,177,1
2023-03-18,Store_5,Product_2,86,108,0
2023-03-18,Store_5,Product_3,59,68,0
2023-03-18,Store_5,Product_4,88,115,0
2023-03-18,Store_5,Product_5,48,176,0
2023-03-18,Store_5,Product_6,51,60,0
2023-03-18,Store_5,Product_7,91,177,0
2023-03-18,Store_5,Product_8,98,117,0
2023-03-18,Store_5,Product_9,57,154,0
2023-03-18,Store_5,Product_10,93,138,0
2023-03-19,Store_1,Product_1,55,102,1
2023-03-19,Store_1,Product_2,109,187,0
2023-03-19,Store_1,Product_3,82,93,1
2023-03-19,Store_1,Product_4,126,58,1
2023-03-19,Store_1,Product_5,41,92,0
2023-03-19,Store_1,Product_6,88,69,0
2023-03-19,Store_1,Product_7,26,119,0
2023-03-19,Store_1,Product_8,113,102,1
2023-03-19,Store_1,Product_9,38,63,0
2023-03-19,Store_1,Product_10,34,170,0
2023-03-19,Store_2,Product_1,81,126,0
2023-03-19,Store_2,Product_2,79,147,0
2023-03-19,Store_2,Product_3,46,52,0
2023-03-19,Store_2,Product_4,31,111,0
2023-03-19,Store_2,Product_5,45,93,0
2023-03-19,Store_2,Product_6,40,135,0
2023-03-19,Store_2,Product_7,47,128,1
2023-03-19,Store_2,Product_8,45,66,0
2023-03-19,Store_2,Product_9,81,144,0
2023-03-19,Store_2,Product_10,67,188,0
2023-03-19,Store_3,Product_1,79,111,0
2023-03-19,Store_3,Product_2,107,50,0
2023-03-19,Store_3,Product_3,88,112,0
2023-03-19,Store_3,Product_4,70,78,0
2023-03-19,Store_3,Product_5,91,193,0
2023-03-19,Store_3,Product_6,78,197,0
2023-03-19,Store_3,Product_7,88,138,0
2023-03-19,Store_3,Product_8,51,124,0
2023-03-19,Store_3,Product_9,36,85,1
2023-03-19,Store_3,Product_10,54,183,0
2023-03-19,Store_4,Product_1,49,74,1
2023-03-19,Store_4,Product_2,64,136,0
2023-03-19,Store_4,Product_3,96,193,0
2023-03-19,Store_4,Product_4,80,75,0
2023-03-19,Store_4,Product_5,95,91,0
2023-03-19,Store_4,Product_6,100,91,0
2023-03-19,Store_4,Product_7,44,119,0
2023-03-19,Store_4,Product_8,47,123,0
2023-03-19,Store_4,Product_9,107,153,0
2023-03-19,Store_4,Product_10,82,143,0
2023-03-19,Store_5,Product_1,102,196,0
2023-03-19,Store_5,Product_2,104,181,0
2023-03-19,Store_5,Product_3,56,125,0
2023-03-19,Store_5,Product_4,80,198,0
2023-03-19,Store_5,Product_5,97,67,1
2023-03-19,Store_5,Product_6,48,123,1
2023-03-19,Store_5,Product_7,66,116,0
2023-03-19,Store_5,Product_8,103,123,0
2023-03-19,Store_5,Product_9,67,188,0
2023-03-19,Store_5,Product_10,55,184,0
2023-03-20,Store_1,Product_1,48,132,0
2023-03-20,Store_1,Product_2,44,85,0
2023-03-20,Store_1,Product_3,64,99,0
2023-03-20,Store_1,Product_4,62,165,0
2023-03-20,Store_1,Product_5,84,97,0
2023-03-20,Store_1,Product_6,94,116,1
2023-03-20,Store_1,Product_7,104,65,0
2023-03-20,Store_1,Product_8,65,129,0
2023-03-20,Store_1,Product_9,101,133,1
2023-03-20,Store_1,Product_10,78,147,0
2023-03-20,Store_2,Product_1,86,59,0
2023-03-20,Store_2,Product_2,82,167,0
2023-03-20,Store_2,Product_3,73,138,0
2023-03-20,Store_2,Product_4,32,69,0
2023-03-20,Store_2,Product_5,98,96,0
2023-03-20,Store_2,Product_6,83,144,0
2023-03-20,Store_2,Product_7,48,144,0
2023-03-20,Store_2,Product_8,86,101,0
2023-03-20,Store_2,Product_9,87,106,0
2023-03-20,Store_2,Product_10,115,57,1
2023-03-20,Store_3,Product_1,40,121,0
2023-03-20,Store_3,Product_2,92,62,0
2023-03-20,Store_3,Product_3,72,57,0
2023-03-20,Store_3,Product_4,67,102,0
2023-03-20,Store_3,Product_5,87,143,0
2023-03-20,Store_3,Product_6,43,189,0
2023-03-20,Store_3,Product_7,93,137,0
2023-03-20,Store_3,Product_8,55,58,0
2023-03-20,Store_3,Product_9,58,85,0
2023-03-20,Store_3,Product_10,39,116,0
2023-03-20,Store_4,Product_1,47,112,0
2023-03-20,Store_4,Product_2,116,96,1
2023-03-20,Store_4,Product_3,79,85,0
2023-03-20,Store_4,Product_4,34,169,0
2023-03-20,Store_4,Product_5,79,77,0
2023-03-20,Store_4,Product_6,38,58,0
2023-03-20,Store_4,Product_7,98,196,1
2023-03-20,Store_4,Product_8,102,114,0
2023-03-20,Store_4,Product_9,64,56,0
2023-03-20,Store_4,Product_10,84,95,0
2023-03-20,Store_5,Product_1,91,110,0
2023-03-20,Store_5,Product_2,59,160,1
2023-03-20,Store_5,Product_3,29,125,0
2023-03-20,Store_5,Product_4,36,127,0
2023-03-20,Store_5,Product_5,55,138,1
2023-03-20,Store_5,Product_6,68,146,0
2023-03-20,Store_5,Product_7,82,191,0
2023-03-20,Store_5,Product_8,71,179,0
2023-03-20,Store_5,Product_9,39,187,0
2023-03-20,Store_5,Product_10,113,190,0
2023-03-21,Store_1,Product_1,81,198,0
2023-03-21,Store_1,Product_2,88,151,0
2023-03-21,Store_1,Product_3,99,140,0
2023-03-21,Store_1,Product_4,105,106,0
2023-03-21,Store_1,Product_5,65,161,0
2023-03-21,Store_1,Product_6,129,171,1
2023-03-21,Store_1,Product_7,107,103,1
2023-03-21,Store_1,Product_8,77,63,1
2023-03-21,Store_1,Product_9,86,181,1
2023-03-21,Store_1,Product_10,66,98,1
2023-03-21,Store_2,Product_1,76,102,0
2023-03-21,Store_2,Product_2,100,182,0
2023-03-21,Store_2,Product_3,72,172,0
2023-03-21,Store_2,Product_4,28,157,0
2023-03-21,Store_2,Product_5,82,105,0
2023-03-21,Store_2,Product_6,90,165,1
2023-03-21,Store_2,Product_7,73,108,1
2023-03-21,Store_2,Product_8,33,103,0
2023-03-21,Store_2,Product_9,50,115,1
2023-03-21,Store_2,Product_10,44,132,0
2023-03-21,Store_3,Product_1,52,62,1
2023-03-21,Store_3,Product_2,89,90,0
2023-03-21,Store_3,Product_3,70,125,0
2023-03-21,Store_3,Product_4,35,161,0
2023-03-21,Store_3,Product_5,53,169,0
2023-03-21,Store_3,Product_6,83,164,0
2023-03-21,Store_3,Product_7,77,68,0
2023-03-21,Store_3,Product_8,77,172,1
2023-03-21,Store_3,Product_9,77,92,0
2023-03-21,Store_3,Product_10,65,164,0
2023-03-21,Store_4,Product_1,92,120,0
2023-03-21,Store_4,Product_2,32,95,0
2023-03-21,Store_4,Product_3,52,104,0
2023-03-21,Store_4,Product_4,80,163,0
2023-03-21,Store_4,Product_5,70,144,0
2023-03-21,Store_4,Product_6,109,149,0
2023-03-21,Store_4,Product_7,62,134,1
2023-03-21,Store_4,Product_8,86,128,0
2023-03-21,Store_4,Product_9,95,185,0
2023-03-21,Store_4,Product_10,89,60,0
2023-03-21,Store_5,Product_1,104,73,0
2023-03-21,Store_5,Product_2,105,56,0
2023-03-21,Store_5,Product_3,46,197,0
2023-03-21,Store_5,Product_4,98,128,0
2023-03-21,Store_5,Product_5,72,199,1
2023-03-21,Store_5,Product_6,61,99,0
2023-03-21,Store_5,Product_7,35,145,0
2023-03-21,Store_5,Product_8,107,129,0
2023-03-21,Store_5,Product_9,28,172,0
2023-03-21,Store_5,Product_10,34,185,0
2023-03-22,Store_1,Product_1,82,199,0
2023-03-22,Store_1,Product_2,60,168,0
2023-03-22,Store_1,Product_3,89,137,0
2023-03-22,Store_1,Product_4,42,94,0
2023-03-22,Store_1,Product_5,98,67,0
2023-03-22,Store_1,Product_6,58,127,0
2023-03-22,Store_1,Product_7,102,172,1
2023-03-22,Store_1,Product_8,66,88,0
2023-03-22,Store_1,Product_9,37,86,1
2023-03-22,Store_1,Product_10,51,174,0
2023-03-22,Store_2,Product_1,77,62,0
2023-03-22,Store_2,Product_2,58,174,0
2023-03-22,Store_2,Product_3,36,98,0
2023-03-22,Store_2,Product_4,110,127,0
2023-03-22,Store_2,Product_5,91,86,0
2023-03-22,Store_2,Product_6,101,93,0
2023-03-22,Store_2,Product_7,62,133,0
2023-03-22,Store_2,Product_8,110,163,1
2023-03-22,Store_2,Product_9,29,103,0
2023-03-22,Store_2,Product_10,36,123,0
2023-03-22,Store_3,Product_1,61,133,0
2023-03-22,Store_3,Product_2,39,152,0
2023-03-22,Store_3,Product_3,57,112,0
2023-03-22,Store_3,Product_4,47,86,0
2023-03-22,Store_3,Product_5,73,182,0
2023-03-22,Store_3,Product_6,72,169,0
2023-03-22,Store_3,Product_7,57,185,0
2023-03-22,Store_3,Product_8,105,142,1
2023-03-22,Store_3,Product_9,97,53,0
2023-03-22,Store_3,Product_10,61,151,0
2023-03-22,Store_4,Product_1,37,110,0
2023-03-22,Store_4,Product_2,27,73,0
2023-03-22,Store_4,Product_3,78,112,0
2023-03-22,Store_4,Product_4,46,59,0
2023-03-22,Store_4,Product_5,52,61,0
2023-03-22,Store_4,Product_6,95,194,0
2023-03-22,Store_4,Product_7,93,154,0
2023-03-22,Store_4,Product_8,58,65,0
2023-03-22,Store_4,Product_9,66,163,0
2023-03-22,Store_4,Product_10,79,159,0
2023-03-22,Store_5,Product_1,125,170,1
2023-03-22,Store_5,Product_2,51,103,0
2023-03-22,Store_5,Product_3,93,179,0
2023-03-22,Store_5,Product_4,50,150,0
2023-03-22,Store_5,Product_5,38,147,0
2023-03-22,Store_5,Product_6,51,65,0
2023-03-22,Store_5,Product_7,51,165,0
2023-03-22,Store_5,Product_8,63,194,0
2023-03-22,Store_5,Product_9,82,135,1
2023-03-22,Store_5,Product_10,59,134,0
2023-03-23,Store_1,Product_1,47,134,1
2023-03-23,Store_1,Product_2,71,72,0
2023-03-23,Store_1,Product_3,97,116,0
2023-03-23,Store_1,Product_4,62,115,0
2023-03-23,Store_1,Product_5,90,96,0
2023-03-23,Store_1,Product_6,100,143,0
2023-03-23,Store_1,Product_7,69,95,0
2023-03-23,Store_1,Product_8,71,110,1
2023-03-23,Store_1,Product_9,53,107,0
2023-03-23,Store_1,Product_10,34,116,0
2023-03-23,Store_2,Product_1,77,103,1
2023-03-23,Store_2,Product_2,64,161,0
2023-03-23,Store_2,Product_3,66,184,0
2023-03-23,Store_2,Product_4,81,100,1
2023-03-23,Store_2,Product_5,95,185,0
2023-03-23,Store_2,Product_6,93,60,0
2023-03-23,Store_2,Product_7,82,153,1
2023-03-23,Store_2,Product_8,105,74,1
2023-03-23,Store_2,Product_9,94,82,1
2023-03-23,Store_2,Product_10,54,91,0
2023-03-23,Store_3,Product_1,67,80,0
2023-03-23,Store_3,Product_2,84,164,0
2023-03-23,Store_3,Product_3,59,188,1
2023-03-23,Store_3,Product_4,84,177,0
2023-03-23,Store_3,Product_5,71,186,0
2023-03-23,Store_3,Product_6,104,182,1
2023-03-23,Store_3,Product_7,126,195,1
2023-03-23,Store_3,Product_8,80,173,0
2023-03-23,Store_3,Product_9,60,132,0
2023-03-23,Store_3,Product_10,61,111,0
2023-03-23,Store_4,Product_1,52,79,0
2023-03-23,Store_4,Product_2,104,78,0
2023-03-23,Store_4,Product_3,66,100,0
2023-03-23,Store_4,Product_4,64,104,0
2023-03-23,Store_4,Product_5,89,111,1
2023-03-23,Store_4,Product_6,51,113,1
2023-03-23,Store_4,Product_7,98,69,0
2023-03-23,Store_4,Product_8,31,139,0
2023-03-23,Store_4,Product_9,32,62,0
2023-03-23,Store_4,Product_10,77,187,0
2023-03-23,Store_5,Product_1,96,145,0
2023-03-23,Store_5,Product_2,107,185,0
2023-03-23,Store_5,Product_3,58,81,0
2023-03-23,Store_5,Product_4,68,154,0
2023-03-23,Store_5,Product_5,74,53,0
2023-03-23,Store_5,Product_6,59,100,0
2023-03-23,Store_5,Product_7,102,159,0
2023-03-23,Store_5,Product_8,70,192,0
2023-03-23,Store_5,Product_9,47,107,1
2023-03-23,Store_5,Product_10,56,70,0
2023-03-24,Store_1,Product_1,88,161,0
2023-03-24,Store_1,Product_2,93,66,0
2023-03-24,Store_1,Product_3,83,166,0
2023-03-24,Store_1,Product_4,40,187,0
2023-03-24,Store_1,Product_5,110,63,1
2023-03-24,Store_1,Product_6,32,51,0
2023-03-24,Store_1,Product_7,37,174,1
2023-03-24,Store_1,Product_8,92,192,0
2023-03-24,Store_1,Product_9,97,90,1
2023-03-24,Store_1,Product_10,80,87,0
2023-03-24,Store_2,Product_1,43,181,0
2023-03-24,Store_2,Product_2,60,136,0
2023-03-24,Store_2,Product_3,93,73,0
2023-03-24,Store_2,Product_4,47,75,0
2023-03-24,Store_2,Product_5,23,119,0
2023-03-24,Store_2,Product_6,65,85,0
2023-03-24,Store_2,Product_7,35,86,0
2023-03-24,Store_2,Product_8,49,64,0
2023-03-24,Store_2,Product_9,73,198,0
2023-03-24,Store_2,Product_10,96,131,0
2023-03-24,Store_3,Product_1,34,92,0
2023-03-24,Store_3,Product_2,81,72,0
2023-03-24,Store_3,Product_3,54,135,0
2023-03-24,Store_3,Product_4,114,153,1
2023-03-24,Store_3,Product_5,39,164,0
2023-03-24,Store_3,Product_6,85,171,0
2023-03-24,Store_3,Product_7,125,153,1
2023-03-24,Store_3,Product_8,103,151,0
2023-03-24,Store_3,Product_9,69,83,0
2023-03-24,Store_3,Product_10,85,145,1
2023-03-24,Store_4,Product_1,55,92,0
2023-03-24,Store_4,Product_2,34,163,0
2023-03-24,Store_4,Product_3,74,84,0
2023-03-24,Store_4,Product_4,80,97,0
2023-03-24,Store_4,Product_5,96,113,0
2023-03-24,Store_4,Product_6,85,143,0
2023-03-24,Store_4,Product_7,60,164,1
2023-03-24,Store_4,Product_8,59,82,0
2023-03-24,Store_4,Product_9,98,72,0
2023-03-24,Store_4,Product_10,73,159,0
2023-03-24,Store_5,Product_1,48,178,1
2023-03-24,Store_5,Product_2,28,199,0
2023-03-24,Store_5,Product_3,98,114,0
2023-03-24,Store_5,Product_4,104,111,1
2023-03-24,Store_5,Product_5,95,179,0
2023-03-24,Store_5,Product_6,59,125,0
2023-03-24,Store_5,Product_7,60,99,0
2023-03-24,Store_5,Product_8,97,162,0
2023-03-24,Store_5,Product_9,78,179,0
2023-03-24,Store_5,Product_10,104,129,0
2023-03-25,Store_1,Product_1,84,110,0
2023-03-25,Store_1,Product_2,58,144,0
2023-03-25,Store_1,Product_3,81,191,0
2023-03-25,Store_1,Product_4,86,115,0
2023-03-25,Store_1,Product_5,98,55,0
2023-03-25,Store_1,Product_6,66,55,0
2023-03-25,Store_1,Product_7,63,104,1
2023-03-25,Store_1,Product_8,74,71,0
2023-03-25,Store_1,Product_9,93,126,0
2023-03-25,Store_1,Product_10,100,194,1
2023-03-25,Store_2,Product_1,57,60,0
2023-03-25,Store_2,Product_2,74,150,0
2023-03-25,Store_2,Product_3,75,192,0
2023-03-25,Store_2,Product_4,39,138,0
2023-03-25,Store_2,Product_5,61,146,0
2023-03-25,Store_2,Product_6,73,50,0
2023-03-25,Store_2,Product_7,41,73,0
2023-03-25,Store_2,Product_8,105,199,0
2023-03-25,Store_2,Product_9,59,139,0
2023-03-25,Store_2,Product_10,65,192,1
2023-03-25,Store_3,Product_1,39,124,1
2023-03-25,Store_3,Product_2,26,104,0
2023-03-25,Store_3,Product_3,104,165,0
2023-03-25,Store_3,Product_4,84,109,0
2023-03-25,Store_3,Product_5,31,188,1
2023-03-25,Store_3,Product_6,95,125,0
2023-03-25,Store_3,Product_7,73,143,0
2023-03-25,Store_3,Product_8,35,117,1
2023-03-25,Store_3,Product_9,74,183,0
2023-03-25,Store_3,Product_10,71,87,0
2023-03-25,Store_4,Product_1,57,163,0
2023-03-25,Store_4,Product_2,82,61,0
2023-03-25,Store_4,Product_3,53,66,1
2023-03-25,Store_4,Product_4,84,116,0
2023-03-25,Store_4,Product_5,104,67,0
2023-03-25,Store_4,Product_6,47,166,0
2023-03-25,Store_4,Product_7,74,188,0
2023-03-25,Store_4,Product_8,62,93,1
2023-03-25,Store_4,Product_9,35,87,0
2023-03-25,Store_4,Product_10,90,185,0
2023-03-25,Store_5,Product_1,97,120,0
2023-03-25,Store_5,Product_2,90,93,0
2023-03-25,Store_5,Product_3,56,169,1
2023-03-25,Store_5,Product_4,46,130,0
2023-03-25,Store_5,Product_5,52,132,0
2023-03-25,Store_5,Product_6,76,91,0
2023-03-25,Store_5,Product_7,89,136,0
2023-03-25,Store_5,Product_8,70,143,0
2023-03-25,Store_5,Product_9,105,184,1
2023-03-25,Store_5,Product_10,76,155,0
2023-03-26,Store_1,Product_1,102,147,0
2023-03-26,Store_1,Product_2,39,145,0
2023-03-26,Store_1,Product_3,56,52,0
2023-03-26,Store_1,Product_4,111,87,1
2023-03-26,Store_1,Product_5,69,188,0
2023-03-26,Store_1,Product_6,71,106,0
2023-03-26,Store_1,Product_7,87,76,0
2023-03-26,Store_1,Product_8,102,130,0
2023-03-26,Store_1,Product_9,92,77,0
2023-03-26,Store_1,Product_10,85,148,1
2023-03-26,Store_2,Product_1,85,168,0
2023-03-26,Store_2,Product_2,50,129,0
2023-03-26,Store_2,Product_3,54,137,0
2023-03-26,Store_2,Product_4,79,93,0
2023-03-26,Store_2,Product_5,112,188,1
2023-03-26,Store_2,Product_6,68,134,1
2023-03-26,Store_2,Product_7,96,90,0
2023-03-26,Store_2,Product_8,72,149,0
2023-03-26,Store_2,Product_9,75,59,0
2023-03-26,Store_2,Product_10,87,85,0
2023-03-26,Store_3,Product_1,93,160,0
2023-03-26,Store_3,Product_2,90,168,0
2023-03-26,Store_3,Product_3,46,93,0
2023-03-26,Store_3,Product_4,25,150,0
2023-03-26,Store_3,Product_5,101,89,1
2023-03-26,Store_3,Product_6,98,185,0
2023-03-26,Store_3,Product_7,37,112,0
2023-03-26,Store_3,Product_8,89,105,0
2023-03-26,Store_3,Product_9,67,192,0
2023-03-26,Store_3,Product_10,57,131,1
2023-03-26,Store_4,Product_1,115,72,0
2023-03-26,Store_4,Product_2,45,153,0
2023-03-26,Store_4,Product_3,76,120,1
2023-03-26,Store_4,Product_4,108,124,1
2023-03-26,Store_4,Product_5,37,155,0
2023-03-26,Store_4,Product_6,79,57,0
2023-03-26,Store_4,Product_7,63,114,0
2023-03-26,Store_4,Product_8,53,149,0
2023-03-26,Store_4,Product_9,44,155,1
2023-03-26,Store_4,Product_10,98,187,0
2023-03-26,Store_5,Product_1,85,83,1
2023-03-26,Store_5,Product_2,108,68,0
2023-03-26,Store_5,Product_3,107,124,0
2023-03-26,Store_5,Product_4,48,112,0
2023-03-26,Store_5,Product_5,93,74,0
2023-03-26,Store_5,Product_6,44,199,0
2023-03-26,Store_5,Product_7,56,104,0
2023-03-26,Store_5,Product_8,84,62,0
2023-03-26,Store_5,Product_9,114,156,0
2023-03-26,Store_5,Product_10,111,96,0
2023-03-27,Store_1,Product_1,101,92,0
2023-03-27,Store_1,Product_2,112,72,0
2023-03-27,Store_1,Product_3,63,160,0
2023-03-27,Store_1,Product_4,90,66,0
2023-03-27,Store_1,Product_5,71,50,0
2023-03-27,Store_1,Product_6,49,108,1
2023-03-27,Store_1,Product_7,95,159,0
2023-03-27,Store_1,Product_8,27,72,0
2023-03-27,Store_1,Product_9,35,95,0
2023-03-27,Store_1,Product_10,39,167,1
2023-03-27,Store_2,Product_1,119,97,1
2023-03-27,Store_2,Product_2,104,107,0
2023-03-27,Store_2,Product_3,53,104,0
2023-03-27,Store_2,Product_4,65,167,0
2023-03-27,Store_2,Product_5,126,95,1
2023-03-27,Store_2,Product_6,71,146,0
2023-03-27,Store_2,Product_7,46,107,1
2023-03-27,Store_2,Product_8,39,186,0
2023-03-27,Store_2,Product_9,50,98,0
2023-03-27,Store_2,Product_10,69,175,1
2023-03-27,Store_3,Product_1,49,111,0
2023-03-27,Store_3,Product_2,35,90,0
2023-03-27,Store_3,Product_3,107,166,1
2023-03-27,Store_3,Product_4,94,77,0
2023-03-27,Store_3,Product_5,96,130,1
2023-03-27,Store_3,Product_6,108,97,1
2023-03-27,Store_3,Product_7,43,194,1
2023-03-27,Store_3,Product_8,38,119,0
2023-03-27,Store_3,Product_9,64,112,0
2023-03-27,Store_3,Product_10,79,104,0
2023-03-27,Store_4,Product_1,47,157,0
2023-03-27,Store_4,Product_2,112,133,1
2023-03-27,Store_4,Product_3,94,96,1
2023-03-27,Store_4,Product_4,70,133,0
2023-03-27,Store_4,Product_5,66,115,0
2023-03-27,Store_4,Product_6,61,120,0
2023-03-27,Store_4,Product_7,120,80,1
2023-03-27,Store_4,Product_8,51,185,0
2023-03-27,Store_4,Product_9,83,126,0
2023-03-27,Store_4,Product_10,103,188,0
2023-03-27,Store_5,Product_1,63,142,1
2023-03-27,Store_5,Product_2,100,125,0
2023-03-27,Store_5,Product_3,73,131,1
2023-03-27,Store_5,Product_4,31,193,0
2023-03-27,Store_5,Product_5,59,168,0
2023-03-27,Store_5,Product_6,50,131,1
2023-03-27,Store_5,Product_7,54,180,0
2023-03-27,Store_5,Product_8,45,85,0
2023-03-27,Store_5,Product_9,98,76,0
2023-03-27,Store_5,Product_10,47,117,0
2023-03-28,Store_1,Product_1,45,164,0
2023-03-28,Store_1,Product_2,108,145,0
2023-03-28,Store_1,Product_3,110,120,1
2023-03-28,Store_1,Product_4,94,189,1
2023-03-28,Store_1,Product_5,46,182,0
2023-03-28,Store_1,Product_6,50,152,0
2023-03-28,Store_1,Product_7,106,73,0
2023-03-28,Store_1,Product_8,78,81,0
2023-03-28,Store_1,Product_9,102,179,1
2023-03-28,Store_1,Product_10,85,126,0
2023-03-28,Store_2,Product_1,44,59,0
2023-03-28,Store_2,Product_2,100,83,1
2023-03-28,Store_2,Product_3,104,151,0
2023-03-28,Store_2,Product_4,79,84,0
2023-03-28,Store_2,Product_5,52,192,0
2023-03-28,Store_2,Product_6,73,99,0
2023-03-28,Store_2,Product_7,67,165,0
2023-03-28,Store_2,Product_8,123,83,1
2023-03-28,Store_2,Product_9,79,184,0
2023-03-28,Store_2,Product_10,83,123,0
2023-03-28,Store_3,Product_1,68,66,0
2023-03-28,Store_3,Product_2,96,146,0
2023-03-28,Store_3,Product_3,85,89,0
2023-03-28,Store_3,Product_4,46,143,0
2023-03-28,Store_3,Product_5,88,183,1
2023-03-28,Store_3,Product_6,90,120,0
2023-03-28,Store_3,Product_7,74,158,0
2023-03-28,Store_3,Product_8,84,157,0
2023-03-28,Store_3,Product_9,37,110,0
2023-03-28,Store_3,Product_10,66,175,0
2023-03-28,Store_4,Product_1,92,97,1
2023-03-28,Store_4,Product_2,105,60,1
2023-03-28,Store_4,Product_3,77,142,0
2023-03-28,Store_4,Product_4,36,125,0
2023-03-28,Store_4,Product_5,66,91,0
2023-03-28,Store_4,Product_6,110,97,0
2023-03-28,Store_4,Product_7,108,77,1
2023-03-28,Store_4,Product_8,36,86,0
2023-03-28,Store_4,Product_9,53,89,0
2023-03-28,Store_4,Product_10,59,91,0
2023-03-28,Store_5,Product_1,41,109,0
2023-03-28,Store_5,Product_2,76,193,0
2023-03-28,Store_5,Product_3,66,122,0
2023-03-28,Store_5,Product_4,100,155,0
2023-03-28,Store_5,Product_5,46,105,0
2023-03-28,Store_5,Product_6,72,183,1
2023-03-28,Store_5,Product_7,94,184,0
2023-03-28,Store_5,Product_8,75,197,1
2023-03-28,Store_5,Product_9,89,152,0
2023-03-28,Store_5,Product_10,50,154,0
2023-03-29,Store_1,Product_1,55,87,0
2023-03-29,Store_1,Product_2,125,81,1
2023-03-29,Store_1,Product_3,104,151,0
2023-03-29,Store_1,Product_4,54,71,0
2023-03-29,Store_1,Product_5,46,76,0
2023-03-29,Store_1,Product_6,113,66,0
2023-03-29,Store_1,Product_7,52,137,1
2023-03-29,Store_1,Product_8,115,151,1
2023-03-29,Store_1,Product_9,81,59,0
2023-03-29,Store_1,Product_10,92,183,0
2023-03-29,Store_2,Product_1,74,196,0
2023-03-29,Store_2,Product_2,39,100,0
2023-03-29,Store_2,Product_3,58,106,1
2023-03-29,Store_2,Product_4,80,164,0
2023-03-29,Store_2,Product_5,49,118,0
2023-03-29,Store_2,Product_6,44,183,0
2023-03-29,Store_2,Product_7,82,163,0
2023-03-29,Store_2,Product_8,46,135,0
2023-03-29,Store_2,Product_9,74,107,0
2023-03-29,Store_2,Product_10,74,56,0
2023-03-29,Store_3,Product_1,24,104,0
2023-03-29,Store_3,Product_2,65,79,0
2023-03-29,Store_3,Product_3,39,111,0
2023-03-29,Store_3,Product_4,109,156,0
2023-03-29,Store_3,Product_5,47,65,0
2023-03-29,Store_3,Product_6,56,85,0
2023-03-29,Store_3,Product_7,103,79,0
2023-03-29,Store_3,Product_8,91,143,0
2023-03-29,Store_3,Product_9,71,63,0
2023-03-29,Store_3,Product_10,83,179,0
2023-03-29,Store_4,Product_1,102,114,1
2023-03-29,Store_4,Product_2,101,141,0
2023-03-29,Store_4,Product_3,97,165,1
2023-03-29,Store_4,Product_4,43,153,1
2023-03-29,Store_4,Product_5,55,95,0
2023-03-29,Store_4,Product_6,40,56,0
2023-03-29,Store_4,Product_7,69,125,0
2023-03-29,Store_4,Product_8,91,159,0
2023-03-29,Store_4,Product_9,90,121,0
2023-03-29,Store_4,Product_10,39,99,0
2023-03-29,Store_5,Product_1,46,133,0
2023-03-29,Store_5,Product_2,64,162,0
2023-03-29,Store_5,Product_3,47,94,0
2023-03-29,Store_5,Product_4,72,71,0
2023-03-29,Store_5,Product_5,103,150,0
2023-03-29,Store_5,Product_6,77,125,0
2023-03-29,Store_5,Product_7,96,67,0
2023-03-29,Store_5,Product_8,94,116,0
2023-03-29,Store_5,Product_9,90,104,0
2023-03-29,Store_5,Product_10,83,153,0
2023-03-30,Store_1,Product_1,44,150,1
2023-03-30,Store_1,Product_2,30,79,0
2023-03-30,Store_1,Product_3,34,118,0
2023-03-30,Store_1,Product_4,86,61,0
2023-03-30,Store_1,Product_5,111,167,0
2023-03-30,Store_1,Product_6,72,152,0
2023-03-30,Store_1,Product_7,57,62,0
2023-03-30,Store_1,Product_8,76,150,0
2023-03-30,Store_1,Product_9,61,198,0
2023-03-30,Store_1,Product_10,77,52,1
2023-03-30,Store_2,Product_1,109,50,1
2023-03-30,Store_2,Product_2,45,152,1
2023-03-30,Store_2,Product_3,45,199,0
2023-03-30,Store_2,Product_4,63,168,0
2023-03-30,Store_2,Product_5,94,166,0
2023-03-30,Store_2,Product_6,50,157,0
2023-03-30,Store_2,Product_7,98,179,1
2023-03-30,Store_2,Product_8,102,161,1
2023-03-30,Store_2,Product_9,31,69,1
2023-03-30,Store_2,Product_10,60,100,0
2023-03-30,Store_3,Product_1,91,157,0
2023-03-30,Store_3,Product_2,45,91,0
2023-03-30,Store_3,Product_3,68,169,0
2023-03-30,Store_3,Product_4,84,141,1
2023-03-30,Store_3,Product_5,98,87,0
2023-03-30,Store_3,Product_6,44,157,0
2023-03-30,Store_3,Product_7,46,156,0
2023-03-30,Store_3,Product_8,99,185,0
2023-03-30,Store_3,Product_9,78,169,1
2023-03-30,Store_3,Product_10,69,136,0
2023-03-30,Store_4,Product_1,93,82,0
2023-03-30,Store_4,Product_2,78,133,0
2023-03-30,Store_4,Product_3,84,178,1
2023-03-30,Store_4,Product_4,89,159,0
2023-03-30,Store_4,Product_5,83,56,0
2023-03-30,Store_4,Product_6,41,192,0
2023-03-30,Store_4,Product_7,84,158,0
2023-03-30,Store_4,Product_8,54,121,0
2023-03-30,Store_4,Product_9,97,96,0
2023-03-30,Store_4,Product_10,47,133,0
2023-03-30,Store_5,Product_1,77,181,0
2023-03-30,Store_5,Product_2,66,58,0
2023-03-30,Store_5,Product_3,87,72,0
2023-03-30,Store_5,Product_4,57,66,0
2023-03-30,Store_5,Product_5,85,127,0
2023-03-30,Store_5,Product_6,46,93,0
2023-03-30,Store_5,Product_7,105,54,0
2023-03-30,Store_5,Product_8,78,54,0
2023-03-30,Store_5,Product_9,76,95,0
2023-03-30,Store_5,Product_10,58,120,0
2023-03-31,Store_1,Product_1,127,140,1
2023-03-31,Store_1,Product_2,75,181,0
2023-03-31,Store_1,Product_3,112,133,1
2023-03-31,Store_1,Product_4,129,82,1
2023-03-31,Store_1,Product_5,46,158,0
2023-03-31,Store_1,Product_6,40,190,0
2023-03-31,Store_1,Product_7,40,182,0
2023-03-31,Store_1,Product_8,77,67,0
2023-03-31,Store_1,Product_9,97,60,0
2023-03-31,Store_1,Product_10,96,105,0
2023-03-31,Store_2,Product_1,66,54,1
2023-03-31,Store_2,Product_2,126,97,1
2023-03-31,Store_2,Product_3,108,149,1
2023-03-31,Store_2,Product_4,34,186,0
2023-03-31,Store_2,Product_5,64,59,0
2023-03-31,Store_2,Product_6,49,178,0
2023-03-31,Store_2,Product_7,104,193,0
2023-03-31,Store_2,Product_8,89,182,0
2023-03-31,Store_2,Product_9,84,122,0
2023-03-31,Store_2,Product_10,60,181,0
2023-03-31,Store_3,Product_1,94,74,0
2023-03-31,Store_3,Product_2,96,67,0
2023-03-31,Store_3,Product_3,103,112,0
2023-03-31,Store_3,Product_4,50,76,0
2023-03-31,Store_3,Product_5,93,130,0
2023-03-31,Store_3,Product_6,58,151,0
2023-03-31,Store_3,Product_7,77,126,0
2023-03-31,Store_3,Product_8,105,55,0
2023-03-31,Store_3,Product_9,58,133,0
2023-03-31,Store_3,Product_10,55,119,0
2023-03-31,Store_4,Product_1,99,67,0
2023-03-31,Store_4,Product_2,42,187,0
2023-03-31,Store_4,Product_3,49,161,0
2023-03-31,Store_4,Product_4,65,179,1
2023-03-31,Store_4,Product_5,51,177,0
2023-03-31,Store_4,Product_6,58,145,0
2023-03-31,Store_4,Product_7,42,131,0
2023-03-31,Store_4,Product_8,48,114,0
2023-03-31,Store_4,Product_9,54,197,0
2023-03-31,Store_4,Product_10,66,80,0
2023-03-31,Store_5,Product_1,108,79,1
2023-03-31,Store_5,Product_2,130,78,1
2023-03-31,Store_5,Product_3,66,160,0
2023-03-31,Store_5,Product_4,103,165,1
2023-03-31,Store_5,Product_5,78,78,1
2023-03-31,Store_5,Product_6,60,151,0
2023-03-31,Store_5,Product_7,76,59,0
2023-03-31,Store_5,Product_8,71,140,1
2023-03-31,Store_5,Product_9,79,171,0
2023-03-31,Store_5,Product_10,99,85,0
2023-04-01,Store_1,Product_1,63,115,1
2023-04-01,Store_1,Product_2,92,187,0
2023-04-01,Store_1,Product_3,80,141,1
2023-04-01,Store_1,Product_4,63,124,0
2023-04-01,Store_1,Product_5,26,192,0
2023-04-01,Store_1,Product_6,51,173,0
2023-04-01,Store_1,Product_7,44,183,0
2023-04-01,Store_1,Product_8,97,130,1
2023-04-01,Store_1,Product_9,81,109,0
2023-04-01,Store_1,Product_10,93,184,0
2023-04-01,Store_2,Product_1,37,94,0
2023-04-01,Store_2,Product_2,123,62,1
2023-04-01,Store_2,Product_3,59,68,0
2023-04-01,Store_2,Product_4,35,152,0
2023-04-01,Store_2,Product_5,54,110,0
2023-04-01,Store_2,Product_6,75,198,0
2023-04-01,Store_2,Product_7,34,178,0
2023-04-01,Store_2,Product_8,65,132,0
2023-04-01,Store_2,Product_9,87,92,0
2023-04-01,Store_2,Product_10,47,127,0
2023-04-01,Store_3,Product_1,48,158,0
2023-04-01,Store_3,Product_2,102,97,0
2023-04-01,Store_3,Product_3,67,155,0
2023-04-01,Store_3,Product_4,89,127,0
2023-04-01,Store_3,Product_5,67,175,0
2023-04-01,Store_3,Product_6,110,54,0
2023-04-01,Store_3,Product_7,73,95,1
2023-04-01,Store_3,Product_8,68,62,0
2023-04-01,Store_3,Product_9,51,100,0
2023-04-01,Store_3,Product_10,60,189,0
2023-04-01,Store_4,Product_1,62,106,0
2023-04-01,Store_4,Product_2,52,125,1
2023-04-01,Store_4,Product_3,47,162,1
2023-04-01,Store_4,Product_4,128,59,1
2023-04-01,Store_4,Product_5,53,138,0
2023-04-01,Store_4,Product_6,98,99,1
2023-04-01,Store_4,Product_7,104,84,0
2023-04-01,Store_4,Product_8,123,56,1
2023-04-01,Store_4,Product_9,44,111,0
2023-04-01,Store_4,Product_10,97,69,0
2023-04-01,Store_5,Product_1,83,144,1
2023-04-01,Store_5,Product_2,113,77,0
2023-04-01,Store_5,Product_3,43,108,0
2023-04-01,Store_5,Product_4,134,152,1
2023-04-01,Store_5,Product_5,73,91,0
2023-04-01,Store_5,Product_6,105,100,0
2023-04-01,Store_5,Product_7,78,171,0
2023-04-01,Store_5,Product_8,87,118,0
2023-04-01,Store_5,Product_9,95,198,0
2023-04-01,Store_5,Product_10,101,58,0
2023-04-02,Store_1,Product_1,43,105,0
2023-04-02,Store_1,Product_2,62,74,0
2023-04-02,Store_1,Product_3,42,99,0
2023-04-02,Store_1,Product_4,85,50,1
2023-04-02,Store_1,Product_5,37,68,0
2023-04-02,Store_1,Product_6,36,73,0
2023-04-02,Store_1,Product_7,100,155,0
2023-04-02,Store_1,Product_8,64,196,0
2023-04-02,Store_1,Product_9,46,193,0
2023-04-02,Store_1,Product_10,104,162,0
2023-04-02,Store_2,Product_1,27,162,0
2023-04-02,Store_2,Product_2,29,167,0
2023-04-02,Store_2,Product_3,104,130,0
2023-04-02,Store_2,Product_4,96,129,0
2023-04-02,Store_2,Product_5,37,99,0
2023-04-02,Store_2,Product_6,47,196,0
2023-04-02,Store_2,Product_7,58,81,1
2023-04-02,Store_2,Product_8,62,196,0
2023-04-02,Store_2,Product_9,52,147,0
2023-04-02,Store_2,Product_10,79,74,0
2023-04-02,Store_3,Product_1,111,70,0
2023-04-02,Store_3,Product_2,99,170,1
2023-04-02,Store_3,Product_3,58,90,0
2023-04-02,Store_3,Product_4,44,124,1
2023-04-02,Store_3,Product_5,113,143,1
2023-04-02,Store_3,Product_6,36,60,0
2023-04-02,Store_3,Product_7,104,142,1
2023-04-02,Store_3,Product_8,99,68,1
2023-04-02,Store_3,Product_9,104,90,0
2023-04-02,Store_3,Product_10,116,197,1
2023-04-02,Store_4,Product_1,48,114,0
2023-04-02,Store_4,Product_2,68,125,1
2023-04-02,Store_4,Product_3,112,167,1
2023-04-02,Store_4,Product_4,49,59,0
2023-04-02,Store_4,Product_5,88,174,1
2023-04-02,Store_4,Product_6,39,187,0
2023-04-02,Store_4,Product_7,93,97,0
2023-04-02,Store_4,Product_8,40,71,1
2023-04-02,Store_4,Product_9,98,76,0
2023-04-02,Store_4,Product_10,84,166,0
2023-04-02,Store_5,Product_1,96,146,0
2023-04-02,Store_5,Product_2,41,198,0
2023-04-02,Store_5,Product_3,130,190,1
2023-04-02,Store_5,Product_4,103,161,0
2023-04-02,Store_5,Product_5,77,158,0
2023-04-02,Store_5,Product_6,50,182,0
2023-04-02,Store_5,Product_7,78,78,1
2023-04-02,Store_5,Product_8,113,97,1
2023-04-02,Store_5,Product_9,113,55,1
2023-04-02,Store_5,Product_10,97,67,1
2023-04-03,Store_1,Product_1,66,197,1
2023-04-03,Store_1,Product_2,57,128,0
2023-04-03,Store_1,Product_3,106,90,1
2023-04-03,Store_1,Product_4,58,87,0
2023-04-03,Store_1,Product_5,81,134,0
2023-04-03,Store_1,Product_6,69,78,0
2023-04-03,Store_1,Product_7,41,193,0
2023-04-03,Store_1,Product_8,96,72,0
2023-04-03,Store_1,Product_9,57,134,0
2023-04-03,Store_1,Product_10,84,131,0
2023-04-03,Store_2,Product_1,68,84,0
2023-04-03,Store_2,Product_2,85,170,1
2023-04-03,Store_2,Product_3,82,119,1
2023-04-03,Store_2,Product_4,111,65,0
2023-04-03,Store_2,Product_5,92,103,0
2023-04-03,Store_2,Product_6,89,50,1
2023-04-03,Store_2,Product_7,102,189,0
2023-04-03,Store_2,Product_8,68,109,0
2023-04-03,Store_2,Product_9,48,190,0
2023-04-03,Store_2,Product_10,85,196,0
2023-04-03,Store_3,Product_1,61,125,0
2023-04-03,Store_3,Product_2,96,99,0
2023-04-03,Store_3,Product_3,56,170,0
2023-04-03,Store_3,Product_4,98,134,0
2023-04-03,Store_3,Product_5,85,70,0
2023-04-03,Store_3,Product_6,58,126,0
2023-04-03,Store_3,Product_7,66,113,0
2023-04-03,Store_3,Product_8,54,53,0
2023-04-03,Store_3,Product_9,86,190,0
2023-04-03,Store_3,Product_10,85,142,0
2023-04-03,Store_4,Product_1,103,57,0
2023-04-03,Store_4,Product_2,76,79,0
2023-04-03,Store_4,Product_3,121,179,1
2023-04-03,Store_4,Product_4,54,189,0
2023-04-03,Store_4,Product_5,99,138,0
2023-04-03,Store_4,Product_6,98,87,0
2023-04-03,Store_4,Product_7,74,160,1
2023-04-03,Store_4,Product_8,106,70,0
2023-04-03,Store_4,Product_9,105,65,0
2023-04-03,Store_4,Product_10,67,132,0
2023-04-03,Store_5,Product_1,77,115,1
2023-04-03,Store_5,Product_2,96,149,0
2023-04-03,Store_5,Product_3,101,66,0
2023-04-03,Store_5,Product_4,88,144,0
2023-04-03,Store_5,Product_5,60,140,0
2023-04-03,Store_5,Product_6,67,199,0
2023-04-03,Store_5,Product_7,34,115,0
2023-04-03,Store_5,Product_8,54,182,0
2023-04-03,Store_5,Product_9,90,99,0
2023-04-03,Store_5,Product_10,88,125,0
2023-04-04,Store_1,Product_1,62,158,0
2023-04-04,Store_1,Product_2,83,192,0
2023-04-04,Store_1,Product_3,72,106,0
2023-04-04,Store_1,Product_4,102,148,0
2023-04-04,Store_1,Product_5,58,113,1
2023-04-04,Store_1,Product_6,30,164,0
2023-04-04,Store_1,Product_7,55,58,0
2023-04-04,Store_1,Product_8,119,94,0
2023-04-04,Store_1,Product_9,46,75,0
2023-04-04,Store_1,Product_10,69,75,0
2023-04-04,Store_2,Product_1,37,62,0
2023-04-04,Store_2,Product_2,107,178,0
2023-04-04,Store_2,Product_3,70,158,0
2023-04-04,Store_2,Product_4,42,191,0
2023-04-04,Store_2,Product_5,109,149,0
2023-04-04,Store_2,Product_6,81,165,0
2023-04-04,Store_2,Product_7,41,184,0
2023-04-04,Store_2,Product_8,72,155,0
2023-04-04,Store_2,Product_9,57,168,0
2023-04-04,Store_2,Product_10,62,50,1
2023-04-04,Store_3,Product_1,54,199,0
2023-04-04,Store_3,Product_2,31,165,0
2023-04-04,Store_3,Product_3,94,130,0
2023-04-04,Store_3,Product_4,82,73,0
2023-04-04,Store_3,Product_5,48,161,1
2023-04-04,Store_3,Product_6,36,117,0
2023-04-04,Store_3,Product_7,41,82,0
2023-04-04,Store_3,Product_8,39,87,0
2023-04-04,Store_3,Product_9,88,189,0
2023-04-04,Store_3,Product_10,44,78,0
2023-04-04,Store_4,Product_1,76,109,0
2023-04-04,Store_4,Product_2,47,162,0
2023-04-04,Store_4,Product_3,139,173,1
2023-04-04,Store_4,Product_4,85,135,0
2023-04-04,Store_4,Product_5,72,192,0
2023-04-04,Store_4,Product_6,85,94,0
2023-04-04,Store_4,Product_7,48,70,0
2023-04-04,Store_4,Product_8,65,68,1
2023-04-04,Store_4,Product_9,74,165,0
2023-04-04,Store_4,Product_10,101,132,0
2023-04-04,Store_5,Product_1,37,122,0
2023-04-04,Store_5,Product_2,100,190,0
2023-04-04,Store_5,Product_3,106,87,0
2023-04-04,Store_5,Product_4,83,130,0
2023-04-04,Store_5,Product_5,45,51,1
2023-04-04,Store_5,Product_6,74,94,0
2023-04-04,Store_5,Product_7,69,111,0
2023-04-04,Store_5,Product_8,106,118,1
2023-04-04,Store_5,Product_9,44,144,0
2023-04-04,Store_5,Product_10,58,149,0
2023-04-05,Store_1,Product_1,103,127,0
2023-04-05,Store_1,Product_2,45,94,0
2023-04-05,Store_1,Product_3,74,158,0
2023-04-05,Store_1,Product_4,63,143,0
2023-04-05,Store_1,Product_5,71,68,0
2023-04-05,Store_1,Product_6,64,116,0
2023-04-05,Store_1,Product_7,78,125,1
2023-04-05,Store_1,Product_8,87,191,0
2023-04-05,Store_1,Product_9,84,157,0
2023-04-05,Store_1,Product_10,110,162,1
2023-04-05,Store_2,Product_1,41,192,0
2023-04-05,Store_2,Product_2,31,59,0
2023-04-05,Store_2,Product_3,78,68,0
2023-04-05,Store_2,Product_4,85,144,0
2023-04-05,Store_2,Product_5,108,168,0
2023-04-05,Store_2,Product_6,91,97,1
2023-04-05,Store_2,Product_7,36,147,0
2023-04-05,Store_2,Product_8,67,175,0
2023-04-05,Store_2,Product_9,95,126,0
2023-04-05,Store_2,Product_10,57,86,1
2023-04-05,Store_3,Product_1,82,163,0
2023-04-05,Store_3,Product_2,49,189,0
2023-04-05,Store_3,Product_3,78,193,0
2023-04-05,Store_3,Product_4,76,116,0
2023-04-05,Store_3,Product_5,32,63,0
2023-04-05,Store_3,Product_6,51,161,0
2023-04-05,Store_3,Product_7,86,124,0
2023-04-05,Store_3,Product_8,68,111,0
2023-04-05,Store_3,Product_9,68,149,0
2023-04-05,Store_3,Product_10,90,125,0
2023-04-05,Store_4,Product_1,63,170,0
2023-04-05,Store_4,Product_2,60,164,0
2023-04-05,Store_4,Product_3,97,89,0
2023-04-05,Store_4,Product_4,83,156,0
2023-04-05,Store_4,Product_5,57,52,0
2023-04-05,Store_4,Product_6,72,114,1
2023-04-05,Store_4,Product_7,96,111,0
2023-04-05,Store_4,Product_8,36,190,0
2023-04-05,Store_4,Product_9,83,107,0
2023-04-05,Store_4,Product_10,55,60,0
2023-04-05,Store_5,Product_1,85,163,1
2023-04-05,Store_5,Product_2,83,83,0
2023-04-05,Store_5,Product_3,37,124,0
2023-04-05,Store_5,Product_4,72,114,0
2023-04-05,Store_5,Product_5,81,177,0
2023-04-05,Store_5,Product_6,88,71,0
2023-04-05,Store_5,Product_7,54,66,0
2023-04-05,Store_5,Product_8,61,141,0
2023-04-05,Store_5,Product_9,61,154,0
2023-04-05,Store_5,Product_10,92,146,0
2023-04-06,Store_1,Product_1,64,150,0
2023-04-06,Store_1,Product_2,105,153,0
2023-04-06,Store_1,Product_3,126,152,1
2023-04-06,Store_1,Product_4,55,101,0
2023-04-06,Store_1,Product_5,95,147,0
2023-04-06,Store_1,Product_6,63,130,1
2023-04-06,Store_1,Product_7,95,73,0
2023-04-06,Store_1,Product_8,80,85,0
2023-04-06,Store_1,Product_9,75,78,0
2023-04-06,Store_1,Product_10,94,137,0
2023-04-06,Store_2,Product_1,116,66,1
2023-04-06,Store_2,Product_2,86,138,0
2023-04-06,Store_2,Product_3,48,175,0
2023-04-06,Store_2,Product_4,99,117,1
2023-04-06,Store_2,Product_5,126,96,1
2023-04-06,Store_2,Product_6,56,164,0
2023-04-06,Store_2,Product_7,107,76,0
2023-04-06,Store_2,Product_8,76,125,1
2023-04-06,Store_2,Product_9,50,105,0
2023-04-06,Store_2,Product_10,36,195,0
2023-04-06,Store_3,Product_1,44,187,0
2023-04-06,Store_3,Product_2,51,96,0
2023-04-06,Store_3,Product_3,78,179,0
2023-04-06,Store_3,Product_4,122,117,1
2023-04-06,Store_3,Product_5,82,142,0
2023-04-06,Store_3,Product_6,39,178,0
2023-04-06,Store_3,Product_7,87,168,0
2023-04-06,Store_3,Product_8,45,122,1
2023-04-06,Store_3,Product_9,36,159,0
2023-04-06,Store_3,Product_10,55,70,0
2023-04-06,Store_4,Product_1,34,184,0
2023-04-06,Store_4,Product_2,77,188,1
2023-04-06,Store_4,Product_3,71,99,0
2023-04-06,Store_4,Product_4,44,189,1
2023-04-06,Store_4,Product_5,54,82,0
2023-04-06,Store_4,Product_6,92,188,0
2023-04-06,Store_4,Product_7,40,189,0
2023-04-06,Store_4,Product_8,92,154,0
2023-04-06,Store_4,Product_9,62,92,0
2023-04-06,Store_4,Product_10,91,160,0
2023-04-06,Store_5,Product_1,79,84,0
2023-04-06,Store_5,Product_2,46,87,0
2023-04-06,Store_5,Product_3,65,67,0
2023-04-06,Store_5,Product_4,70,137,0
2023-04-06,Store_5,Product_5,34,71,0
2023-04-06,Store_5,Product_6,108,168,0
2023-04-06,Store_5,Product_7,113,84,0
2023-04-06,Store_5,Product_8,98,136,0
2023-04-06,Store_5,Product_9,103,75,0
2023-04-06,Store_5,Product_10,129,181,1
2023-04-07,Store_1,Product_1,83,71,0
2023-04-07,Store_1,Product_2,62,139,0
2023-04-07,Store_1,Product_3,87,100,0
2023-04-07,Store_1,Product_4,45,87,0
2023-04-07,Store_1,Product_5,43,116,0
2023-04-07,Store_1,Product_6,69,65,0
2023-04-07,Store_1,Product_7,101,196,0
2023-04-07,Store_1,Product_8,97,52,0
2023-04-07,Store_1,Product_9,100,81,1
2023-04-07,Store_1,Product_10,65,152,0
2023-04-07,Store_2,Product_1,97,71,0
2023-04-07,Store_2,Product_2,65,192,0
2023-04-07,Store_2,Product_3,77,137,0
2023-04-07,Store_2,Product_4,96,70,0
2023-04-07,Store_2,Product_5,131,133,1
2023-04-07,Store_2,Product_6,66,160,0
2023-04-07,Store_2,Product_7,82,185,1
2023-04-07,Store_2,Product_8,89,195,0
2023-04-07,Store_2,Product_9,103,173,0
2023-04-07,Store_2,Product_10,75,158,0
2023-04-07,Store_3,Product_1,50,96,1
2023-04-07,Store_3,Product_2,72,78,0
2023-04-07,Store_3,Product_3,76,89,1
2023-04-07,Store_3,Product_4,32,98,1
2023-04-07,Store_3,Product_5,106,120,0
2023-04-07,Store_3,Product_6,72,130,0
2023-04-07,Store_3,Product_7,53,78,0
2023-04-07,Store_3,Product_8,44,172,0
2023-04-07,Store_3,Product_9,44,91,1
2023-04-07,Store_3,Product_10,81,174,0
2023-04-07,Store_4,Product_1,120,129,1
2023-04-07,Store_4,Product_2,29,144,0
2023-04-07,Store_4,Product_3,46,91,0
2023-04-07,Store_4,Product_4,45,93,0
2023-04-07,Store_4,Product_5,39,101,0
2023-04-07,Store_4,Product_6,32,120,1
2023-04-07,Store_4,Product_7,80,53,0
2023-04-07,Store_4,Product_8,46,83,0
2023-04-07,Store_4,Product_9,66,140,1
2023-04-07,Store_4,Product_10,85,59,0
2023-04-07,Store_5,Product_1,103,164,0
2023-04-07,Store_5,Product_2,96,110,0
2023-04-07,Store_5,Product_3,78,156,0
2023-04-07,Store_5,Product_4,58,65,0
2023-04-07,Store_5,Product_5,86,132,0
2023-04-07,Store_5,Product_6,123,125,1
2023-04-07,Store_5,Product_7,87,124,0
2023-04-07,Store_5,Product_8,62,190,0
2023-04-07,Store_5,Product_9,38,140,0
2023-04-07,Store_5,Product_10,38,166,0
2023-04-08,Store_1,Product_1,72,132,0
2023-04-08,Store_1,Product_2,36,99,0
2023-04-08,Store_1,Product_3,101,60,0
2023-04-08,Store_1,Product_4,43,177,1
2023-04-08,Store_1,Product_5,86,161,0
2023-04-08,Store_1,Product_6,84,151,0
2023-04-08,Store_1,Product_7,79,67,1
2023-04-08,Store_1,Product_8,50,60,0
2023-04-08,Store_1,Product_9,91,192,0
2023-04-08,Store_1,Product_10,73,99,0
2023-04-08,Store_2,Product_1,86,89,0
2023-04-08,Store_2,Product_2,39,130,0
2023-04-08,Store_2,Product_3,128,181,1
2023-04-08,Store_2,Product_4,67,90,1
2023-04-08,Store_2,Product_5,78,184,0
2023-04-08,Store_2,Product_6,82,109,0
2023-04-08,Store_2,Product_7,50,130,1
2023-04-08,Store_2,Product_8,75,133,1
2023-04-08,Store_2,Product_9,48,196,0
2023-04-08,Store_2,Product_10,63,59,1
2023-04-08,Store_3,Product_1,49,148,1
2023-04-08,Store_3,Product_2,70,84,0
2023-04-08,Store_3,Product_3,87,118,0
2023-04-08,Store_3,Product_4,67,152,0
2023-04-08,Store_3,Product_5,59,76,0
2023-04-08,Store_3,Product_6,43,105,0
2023-04-08,Store_3,Product_7,117,138,1
2023-04-08,Store_3,Product_8,40,183,1
2023-04-08,Store_3,Product_9,40,181,1
2023-04-08,Store_3,Product_10,99,80,0
2023-04-08,Store_4,Product_1,103,150,1
2023-04-08,Store_4,Product_2,78,196,0
2023-04-08,Store_4,Product_3,88,192,0
2023-04-08,Store_4,Product_4,65,126,1
2023-04-08,Store_4,Product_5,96,107,0
2023-04-08,Store_4,Product_6,34,62,0
2023-04-08,Store_4,Product_7,45,174,0
2023-04-08,Store_4,Product_8,126,138,1
2023-04-08,Store_4,Product_9,82,161,0
2023-04-08,Store_4,Product_10,47,129,0
2023-04-08,Store_5,Product_1,57,80,0
2023-04-08,Store_5,Product_2,35,76,0
2023-04-08,Store_5,Product_3,127,168,1
2023-04-08,Store_5,Product_4,55,96,0
2023-04-08,Store_5,Product_5,86,76,1
2023-04-08,Store_5,Product_6,40,194,0
2023-04-08,Store_5,Product_7,43,175,0
2023-04-08,Store_5,Product_8,31,120,0
2023-04-08,Store_5,Product_9,80,127,0
2023-04-08,Store_5,Product_10,40,198,0
2023-04-09,Store_1,Product_1,80,182,0
2023-04-09,Store_1,Product_2,77,177,1
2023-04-09,Store_1,Product_3,34,184,0
2023-04-09,Store_1,Product_4,38,130,0
2023-04-09,Store_1,Product_5,59,122,0
2023-04-09,Store_1,Product_6,48,120,0
2023-04-09,Store_1,Product_7,29,80,0
2023-04-09,Store_1,Product_8,99,176,0
2023-04-09,Store_1,Product_9,45,76,0
2023-04-09,Store_1,Product_10,87,54,0
2023-04-09,Store_2,Product_1,114,72,1
2023-04-09,Store_2,Product_2,110,86,0
2023-04-09,Store_2,Product_3,61,166,1
2023-04-09,Store_2,Product_4,31,115,0
2023-04-09,Store_2,Product_5,59,116,0
2023-04-09,Store_2,Product_6,68,98,0
2023-04-09,Store_2,Product_7,44,150,0
2023-04-09,Store_2,Product_8,68,135,0
2023-04-09,Store_2,Product_9,94,97,1
2023-04-09,Store_2,Product_10,43,184,0
2023-04-09,Store_3,Product_1,99,95,0
2023-04-09,Store_3,Product_2,95,107,0
2023-04-09,Store_3,Product_3,108,194,1
2023-04-09,Store_3,Product_4,43,53,0
2023-04-09,Store_3,Product_5,89,116,1
2023-04-09,Store_3,Product_6,78,196,0
2023-04-09,Store_3,Product_7,98,84,1
2023-04-09,Store_3,Product_8,33,64,0
2023-04-09,Store_3,Product_9,67,56,0
2023-04-09,Store_3,Product_10,108,173,0
2023-04-09,Store_4,Product_1,63,165,0
2023-04-09,Store_4,Product_2,70,172,0
2023-04-09,Store_4,Product_3,30,176,0
2023-04-09,Store_4,Product_4,72,186,0
2023-04-09,Store_4,Product_5,79,88,0
2023-04-09,Store_4,Product_6,62,170,0
2023-04-09,Store_4,Product_7,101,86,0
2023-04-09,Store_4,Product_8,88,112,0
2023-04-09,Store_4,Product_9,57,57,0
2023-04-09,Store_4,Product_10,77,145,0
2023-04-09,Store_5,Product_1,120,163,1
2023-04-09,Store_5,Product_2,61,158,0
2023-04-09,Store_5,Product_3,39,150,1
2023-04-09,Store_5,Product_4,118,52,1
2023-04-09,Store_5,Product_5,60,128,1
2023-04-09,Store_5,Product_6,48,114,0
2023-04-09,Store_5,Product_7,80,89,0
2023-04-09,Store_5,Product_8,87,80,0
2023-04-09,Store_5,Product_9,52,66,0
2023-04-09,Store_5,Product_10,117,171,1
2023-04-10,Store_1,Product_1,76,70,0
2023-04-10,Store_1,Product_2,107,98,0
2023-04-10,Store_1,Product_3,63,67,1
2023-04-10,Store_1,Product_4,48,186,0
2023-04-10,Store_1,Product_5,75,189,0
2023-04-10,Store_1,Product_6,31,132,0
2023-04-10,Store_1,Product_7,34,168,0
2023-04-10,Store_1,Product_8,104,60,0
2023-04-10,Store_1,Product_9,94,185,0
2023-04-10,Store_1,Product_10,43,84,0
2023-04-10,Store_2,Product_1,76,64,0
2023-04-10,Store_2,Product_2,89,75,1
2023-04-10,Store_2,Product_3,80,181,0
2023-04-10,Store_2,Product_4,83,105,1
2023-04-10,Store_2,Product_5,54,76,0
2023-04-10,Store_2,Product_6,38,131,0
2023-04-10,Store_2,Product_7,40,185,0
2023-04-10,Store_2,Product_8,59,137,0
2023-04-10,Store_2,Product_9,75,125,0
2023-04-10,Store_2,Product_10,50,169,0
2023-04-10,Store_3,Product_1,107,56,0
2023-04-10,Store_3,Product_2,110,136,0
2023-04-10,Store_3,Product_3,74,198,0
2023-04-10,Store_3,Product_4,116,188,0
2023-04-10,Store_3,Product_5,67,55,0
2023-04-10,Store_3,Product_6,61,194,0
2023-04-10,Store_3,Product_7,91,197,0
2023-04-10,Store_3,Product_8,82,119,0
2023-04-10,Store_3,Product_9,52,156,0
2023-04-10,Store_3,Product_10,46,80,0
2023-04-10,Store_4,Product_1,38,125,0
2023-04-10,Store_4,Product_2,62,140,0
2023-04-10,Store_4,Product_3,28,83,0
2023-04-10,Store_4,Product_4,56,79,1
2023-04-10,Store_4,Product_5,51,188,0
2023-04-10,Store_4,Product_6,89,84,1
2023-04-10,Store_4,Product_7,81,59,1
2023-04-10,Store_4,Product_8,94,161,1
2023-04-10,Store_4,Product_9,66,57,0
2023-04-10,Store_4,Product_10,117,83,1
2023-04-10,Store_5,Product_1,59,186,0
2023-04-10,Store_5,Product_2,101,167,0
2023-04-10,Store_5,Product_3,84,194,0
2023-04-10,Store_5,Product_4,52,148,1
2023-04-10,Store_5,Product_5,55,61,0
2023-04-10,Store_5,Product_6,95,104,0
2023-04-10,Store_5,Product_7,34,141,0
2023-04-10,Store_5,Product_8,68,195,0
2023-04-10,Store_5,Product_9,54,71,0
2023-04-10,Store_5,Product_10,111,67,0
2023-04-11,Store_1,Product_1,122,174,1
2023-04-11,Store_1,Product_2,51,166,0
2023-04-11,Store_1,Product_3,45,102,0
2023-04-11,Store_1,Product_4,61,177,0
2023-04-11,Store_1,Product_5,43,168,0
2023-04-11,Store_1,Product_6,61,86,0
2023-04-11,Store_1,Product_7,49,162,0
2023-04-11,Store_1,Product_8,79,77,0
2023-04-11,Store_1,Product_9,30,145,0
2023-04-11,Store_1,Product_10,40,125,0
2023-04-11,Store_2,Product_1,84,70,0
2023-04-11,Store_2,Product_2,108,177,0
2023-04-11,Store_2,Product_3,102,56,1
2023-04-11,Store_2,Product_4,71,136,1
2023-04-11,Store_2,Product_5,55,124,0
2023-04-11,Store_2,Product_6,87,81,0
2023-04-11,Store_2,Product_7,91,130,0
2023-04-11,Store_2,Product_8,35,80,0
2023-04-11,Store_2,Product_9,87,132,0
2023-04-11,Store_2,Product_10,110,100,1
2023-04-11,Store_3,Product_1,45,194,0
2023-04-11,Store_3,Product_2,69,166,0
2023-04-11,Store_3,Product_3,107,149,1
2023-04-11,Store_3,Product_4,59,73,0
2023-04-11,Store_3,Product_5,76,72,0
2023-04-11,Store_3,Product_6,31,55,1
2023-04-11,Store_3,Product_7,59,138,0
2023-04-11,Store_3,Product_8,67,101,0
2023-04-11,Store_3,Product_9,40,56,1
2023-04-11,Store_3,Product_10,44,165,1
2023-04-11,Store_4,Product_1,35,184,0
2023-04-11,Store_4,Product_2,107,56,1
2023-04-11,Store_4,Product_3,30,141,0
2023-04-11,Store_4,Product_4,97,108,0
2023-04-11,Store_4,Product_5,68,104,0
2023-04-11,Store_4,Product_6,67,188,0
2023-04-11,Store_4,Product_7,96,124,1
2023-04-11,Store_4,Product_8,44,191,1
2023-04-11,Store_4,Product_9,94,178,0
2023-04-11,Store_4,Product_10,82,187,0
2023-04-11,Store_5,Product_1,78,60,0
2023-04-11,Store_5,Product_2,50,105,0
2023-04-11,Store_5,Product_3,63,176,0
2023-04-11,Store_5,Product_4,56,138,1
2023-04-11,Store_5,Product_5,105,163,0
2023-04-11,Store_5,Product_6,46,112,0
2023-04-11,Store_5,Product_7,67,93,0
2023-04-11,Store_5,Product_8,43,153,0
2023-04-11,Store_5,Product_9,85,114,0
2023-04-11,Store_5,Product_10,86,186,1
2023-04-12,Store_1,Product_1,114,61,1
2023-04-12,Store_1,Product_2,48,135,0
2023-04-12,Store_1,Product_3,55,100,0
2023-04-12,Store_1,Product_4,104,179,0
2023-04-12,Store_1,Product_5,38,113,0
2023-04-12,Store_1,Product_6,53,188,0
2023-04-12,Store_1,Product_7,88,129,1
2023-04-12,Store_1,Product_8,91,54,0
2023-04-12,Store_1,Product_9,120,172,1
2023-04-12,Store_1,Product_10,90,130,0
2023-04-12,Store_2,Product_1,62,164,0
2023-04-12,Store_2,Product_2,80,170,0
2023-04-12,Store_2,Product_3,101,115,0
2023-04-12,Store_2,Product_4,34,66,0
2023-04-12,Store_2,Product_5,47,60,0
2023-04-12,Store_2,Product_6,106,75,0
2023-04-12,Store_2,Product_7,52,86,0
2023-04-12,Store_2,Product_8,71,175,0
2023-04-12,Store_2,Product_9,121,98,1
2023-04-12,Store_2,Product_10,110,75,0
2023-04-12,Store_3,Product_1,69,154,0
2023-04-12,Store_3,Product_2,105,177,0
2023-04-12,Store_3,Product_3,114,173,0
2023-04-12,Store_3,Product_4,40,197,0
2023-04-12,Store_3,Product_5,81,135,0
2023-04-12,Store_3,Product_6,74,62,0
2023-04-12,Store_3,Product_7,59,185,0
2023-04-12,Store_3,Product_8,39,68,0
2023-04-12,Store_3,Product_9,108,154,1
2023-04-12,Store_3,Product_10,33,183,0
2023-04-12,Store_4,Product_1,94,130,0
2023-04-12,Store_4,Product_2,91,141,0
2023-04-12,Store_4,Product_3,69,199,0
2023-04-12,Store_4,Product_4,30,174,0
2023-04-12,Store_4,Product_5,52,111,0
2023-04-12,Store_4,Product_6,56,191,0
2023-04-12,Store_4,Product_7,98,99,0
2023-04-12,Store_4,Product_8,89,88,1
2023-04-12,Store_4,Product_9,106,133,0
2023-04-12,Store_4,Product_10,75,80,1
2023-04-12,Store_5,Product_1,99,70,0
2023-04-12,Store_5,Product_2,48,195,0
2023-04-12,Store_5,Product_3,56,86,0
2023-04-12,Store_5,Product_4,98,109,0
2023-04-12,Store_5,Product_5,103,196,0
2023-04-12,Store_5,Product_6,26,139,0
2023-04-12,Store_5,Product_7,104,74,0
2023-04-12,Store_5,Product_8,94,72,0
2023-04-12,Store_5,Product_9,101,193,0
2023-04-12,Store_5,Product_10,39,96,0
2023-04-13,Store_1,Product_1,45,141,0
2023-04-13,Store_1,Product_2,47,84,0
2023-04-13,Store_1,Product_3,112,115,1
2023-04-13,Store_1,Product_4,117,74,1
2023-04-13,Store_1,Product_5,45,143,0
2023-04-13,Store_1,Product_6,44,84,0
2023-04-13,Store_1,Product_7,52,96,1
2023-04-13,Store_1,Product_8,46,182,0
2023-04-13,Store_1,Product_9,108,104,1
2023-04-13,Store_1,Product_10,104,78,1
2023-04-13,Store_2,Product_1,99,106,0
2023-04-13,Store_2,Product_2,101,136,0
2023-04-13,Store_2,Product_3,95,167,0
2023-04-13,Store_2,Product_4,66,165,0
2023-04-13,Store_2,Product_5,101,158,0
2023-04-13,Store_2,Product_6,36,84,0
2023-04-13,Store_2,Product_7,75,131,0
2023-04-13,Store_2,Product_8,93,151,1
2023-04-13,Store_2,Product_9,74,109,0
2023-04-13,Store_2,Product_10,50,106,0
2023-04-13,Store_3,Product_1,67,78,0
2023-04-13,Store_3,Product_2,110,67,0
2023-04-13,Store_3,Product_3,71,179,0
2023-04-13,Store_3,Product_4,37,184,1
2023-04-13,Store_3,Product_5,98,91,0
2023-04-13,Store_3,Product_6,74,150,0
2023-04-13,Store_3,Product_7,55,172,1
2023-04-13,Store_3,Product_8,77,91,0
2023-04-13,Store_3,Product_9,56,164,0
2023-04-13,Store_3,Product_10,36,177,0
2023-04-13,Store_4,Product_1,57,132,0
2023-04-13,Store_4,Product_2,93,165,0
2023-04-13,Store_4,Product_3,43,163,0
2023-04-13,Store_4,Product_4,102,69,1
2023-04-13,Store_4,Product_5,117,71,1
2023-04-13,Store_4,Product_6,96,173,0
2023-04-13,Store_4,Product_7,50,75,0
2023-04-13,Store_4,Product_8,54,69,1
2023-04-13,Store_4,Product_9,73,107,0
2023-04-13,Store_4,Product_10,103,73,0
2023-04-13,Store_5,Product_1,109,176,1
2023-04-13,Store_5,Product_2,33,170,1
2023-04-13,Store_5,Product_3,80,165,0
2023-04-13,Store_5,Product_4,85,174,1
2023-04-13,Store_5,Product_5,128,195,1
2023-04-13,Store_5,Product_6,62,188,1
2023-04-13,Store_5,Product_7,22,118,0
2023-04-13,Store_5,Product_8,40,177,0
2023-04-13,Store_5,Product_9,101,169,0
2023-04-13,Store_5,Product_10,46,142,1
2023-04-14,Store_1,Product_1,97,76,1
2023-04-14,Store_1,Product_2,73,198,0
2023-04-14,Store_1,Product_3,52,169,0
2023-04-14,Store_1,Product_4,56,168,0
2023-04-14,Store_1,Product_5,47,80,0
2023-04-14,Store_1,Product_6,96,93,0
2023-04-14,Store_1,Product_7,51,141,0
2023-04-14,Store_1,Product_8,41,195,0
2023-04-14,Store_1,Product_9,87,71,0
2023-04-14,Store_1,Product_10,105,50,1
2023-04-14,Store_2,Product_1,26,157,0
2023-04-14,Store_2,Product_2,42,172,0
2023-04-14,Store_2,Product_3,33,80,0
2023-04-14,Store_2,Product_4,78,196,0
2023-04-14,Store_2,Product_5,73,180,0
2023-04-14,Store_2,Product_6,43,82,1
2023-04-14,Store_2,Product_7,49,138,0
2023-04-14,Store_2,Product_8,53,164,1
2023-04-14,Store_2,Product_9,86,95,0
2023-04-14,Store_2,Product_10,98,150,0
2023-04-14,Store_3,Product_1,28,89,0
2023-04-14,Store_3,Product_2,111,186,1
2023-04-14,Store_3,Product_3,71,55,0
2023-04-14,Store_3,Product_4,93,166,0
2023-04-14,Store_3,Product_5,62,85,0
2023-04-14,Store_3,Product_6,42,93,0
2023-04-14,Store_3,Product_7,100,188,1
2023-04-14,Store_3,Product_8,26,164,0
2023-04-14,Store_3,Product_9,36,68,0
2023-04-14,Store_3,Product_10,33,91,0
2023-04-14,Store_4,Product_1,98,65,0
2023-04-14,Store_4,Product_2,74,52,0
2023-04-14,Store_4,Product_3,61,73,0
2023-04-14,Store_4,Product_4,64,95,0
2023-04-14,Store_4,Product_5,53,157,0
2023-04-14,Store_4,Product_6,54,183,0
2023-04-14,Store_4,Product_7,58,151,0
2023-04-14,Store_4,Product_8,81,107,0
2023-04-14,Store_4,Product_9,71,193,0
2023-04-14,Store_4,Product_10,43,85,0
2023-04-14,Store_5,Product_1,41,73,1
2023-04-14,Store_5,Product_2,108,179,0
2023-04-14,Store_5,Product_3,116,63,1
2023-04-14,Store_5,Product_4,97,131,0
2023-04-14,Store_5,Product_5,91,139,0
2023-04-14,Store_5,Product_6,75,199,0
2023-04-14,Store_5,Product_7,72,126,1
2023-04-14,Store_5,Product_8,37,84,0
2023-04-14,Store_5,Product_9,130,173,1
2023-04-14,Store_5,Product_10,69,65,1
2023-04-15,Store_1,Product_1,75,125,1
2023-04-15,Store_1,Product_2,105,167,0
2023-04-15,Store_1,Product_3,50,174,0
2023-04-15,Store_1,Product_4,100,133,0
2023-04-15,Store_1,Product_5,49,103,0
2023-04-15,Store_1,Product_6,60,58,0
2023-04-15,Store_1,Product_7,113,177,1
2023-04-15,Store_1,Product_8,97,164,0
2023-04-15,Store_1,Product_9,48,184,1
2023-04-15,Store_1,Product_10,73,104,1
2023-04-15,Store_2,Product_1,55,166,0
2023-04-15,Store_2,Product_2,63,70,0
2023-04-15,Store_2,Product_3,134,196,1
2023-04-15,Store_2,Product_4,75,104,0
2023-04-15,Store_2,Product_5,76,146,0
2023-04-15,Store_2,Product_6,52,61,0
2023-04-15,Store_2,Product_7,47,133,0
2023-04-15,Store_2,Product_8,110,72,0
2023-04-15,Store_2,Product_9,88,196,0
2023-04-15,Store_2,Product_10,82,133,0
2023-04-15,Store_3,Product_1,116,142,1
2023-04-15,Store_3,Product_2,82,51,0
2023-04-15,Store_3,Product_3,72,63,0
2023-04-15,Store_3,Product_4,79,58,0
2023-04-15,Store_3,Product_5,86,60,0
2023-04-15,Store_3,Product_6,48,120,1
2023-04-15,Store_3,Product_7,51,161,0
2023-04-15,Store_3,Product_8,50,53,1
2023-04-15,Store_3,Product_9,58,161,0
2023-04-15,Store_3,Product_10,103,86,0
2023-04-15,Store_4,Product_1,73,114,0
2023-04-15,Store_4,Product_2,95,80,0
2023-04-15,Store_4,Product_3,58,149,0
2023-04-15,Store_4,Product_4,132,66,1
2023-04-15,Store_4,Product_5,50,94,0
2023-04-15,Store_4,Product_6,51,124,0
2023-04-15,Store_4,Product_7,51,58,0
2023-04-15,Store_4,Product_8,101,133,0
2023-04-15,Store_4,Product_9,66,196,1
2023-04-15,Store_4,Product_10,63,192,0
2023-04-15,Store_5,Product_1,65,101,0
2023-04-15,Store_5,Product_2,71,86,0
2023-04-15,Store_5,Product_3,77,89,0
2023-04-15,Store_5,Product_4,116,120,1
2023-04-15,Store_5,Product_5,104,107,0
2023-04-15,Store_5,Product_6,108,146,0
2023-04-15,Store_5,Product_7,103,75,0
2023-04-15,Store_5,Product_8,57,91,0
2023-04-15,Store_5,Product_9,89,181,0
2023-04-15,Store_5,Product_10,32,150,0
2023-04-16,Store_1,Product_1,69,53,0
2023-04-16,Store_1,Product_2,94,151,1
2023-04-16,Store_1,Product_3,76,116,0
2023-04-16,Store_1,Product_4,68,114,0
2023-04-16,Store_1,Product_5,118,161,1
2023-04-16,Store_1,Product_6,61,175,0
2023-04-16,Store_1,Product_7,109,57,0
2023-04-16,Store_1,Product_8,38,149,0
2023-04-16,Store_1,Product_9,102,78,1
2023-04-16,Store_1,Product_10,119,168,1
2023-04-16,Store_2,Product_1,104,135,0
2023-04-16,Store_2,Product_2,34,122,0
2023-04-16,Store_2,Product_3,56,175,0
2023-04-16,Store_2,Product_4,117,64,1
2023-04-16,Store_2,Product_5,116,162,1
2023-04-16,Store_2,Product_6,73,114,0
2023-04-16,Store_2,Product_7,74,112,1
2023-04-16,Store_2,Product_8,75,58,0
2023-04-16,Store_2,Product_9,119,103,1
2023-04-16,Store_2,Product_10,66,146,0
2023-04-16,Store_3,Product_1,50,139,1
2023-04-16,Store_3,Product_2,96,141,0
2023-04-16,Store_3,Product_3,67,154,0
2023-04-16,Store_3,Product_4,68,148,0
2023-04-16,Store_3,Product_5,100,65,0
2023-04-16,Store_3,Product_6,59,71,0
2023-04-16,Store_3,Product_7,58,192,0
2023-04-16,Store_3,Product_8,40,73,0
2023-04-16,Store_3,Product_9,63,151,0
2023-04-16,Store_3,Product_10,108,63,0
2023-04-16,Store_4,Product_1,39,133,0
2023-04-16,Store_4,Product_2,78,148,0
2023-04-16,Store_4,Product_3,128,71,1
2023-04-16,Store_4,Product_4,119,169,1
2023-04-16,Store_4,Product_5,46,98,0
2023-04-16,Store_4,Product_6,57,134,0
2023-04-16,Store_4,Product_7,60,134,0
2023-04-16,Store_4,Product_8,42,158,1
2023-04-16,Store_4,Product_9,43,148,1
2023-04-16,Store_4,Product_10,82,91,0
2023-04-16,Store_5,Product_1,84,163,0
2023-04-16,Store_5,Product_2,88,93,0
2023-04-16,Store_5,Product_3,118,174,1
2023-04-16,Store_5,Product_4,57,132,1
2023-04-16,Store_5,Product_5,50,99,0
2023-04-16,Store_5,Product_6,61,86,1
2023-04-16,Store_5,Product_7,71,61,0
2023-04-16,Store_5,Product_8,103,63,0
2023-04-16,Store_5,Product_9,92,61,0
2023-04-16,Store_5,Product_10,93,149,0
2023-04-17,Store_1,Product_1,117,151,1
2023-04-17,Store_1,Product_2,50,159,1
2023-04-17,Store_1,Product_3,49,138,0
2023-04-17,Store_1,Product_4,96,189,0
2023-04-17,Store_1,Product_5,77,94,0
2023-04-17,Store_1,Product_6,84,129,0
2023-04-17,Store_1,Product_7,130,150,1
2023-04-17,Store_1,Product_8,57,53,0
2023-04-17,Store_1,Product_9,70,169,1
2023-04-17,Store_1,Product_10,22,148,0
2023-04-17,Store_2,Product_1,84,173,0
2023-04-17,Store_2,Product_2,53,104,0
2023-04-17,Store_2,Product_3,64,103,0
2023-04-17,Store_2,Product_4,102,51,1
2023-04-17,Store_2,Product_5,80,188,1
2023-04-17,Store_2,Product_6,71,165,0
2023-04-17,Store_2,Product_7,55,51,0
2023-04-17,Store_2,Product_8,79,152,1
2023-04-17,Store_2,Product_9,65,191,0
2023-04-17,Store_2,Product_10,74,184,0
2023-04-17,Store_3,Product_1,100,175,0
2023-04-17,Store_3,Product_2,89,91,0
2023-04-17,Store_3,Product_3,43,111,1
2023-04-17,Store_3,Product_4,60,91,0
2023-04-17,Store_3,Product_5,73,136,0
2023-04-17,Store_3,Product_6,116,81,0
2023-04-17,Store_3,Product_7,104,149,0
2023-04-17,Store_3,Product_8,93,150,0
2023-04-17,Store_3,Product_9,42,179,0
2023-04-17,Store_3,Product_10,54,109,0
2023-04-17,Store_4,Product_1,61,113,1
2023-04-17,Store_4,Product_2,31,161,0
2023-04-17,Store_4,Product_3,52,113,0
2023-04-17,Store_4,Product_4,39,198,1
2023-04-17,Store_4,Product_5,77,107,1
2023-04-17,Store_4,Product_6,41,84,0
2023-04-17,Store_4,Product_7,53,54,1
2023-04-17,Store_4,Product_8,54,90,0
2023-04-17,Store_4,Product_9,93,87,0
2023-04-17,Store_4,Product_10,66,105,0
2023-04-17,Store_5,Product_1,91,109,0
2023-04-17,Store_5,Product_2,95,183,1
2023-04-17,Store_5,Product_3,85,171,1
2023-04-17,Store_5,Product_4,87,133,0
2023-04-17,Store_5,Product_5,63,110,0
2023-04-17,Store_5,Product_6,109,138,0
2023-04-17,Store_5,Product_7,54,166,0
2023-04-17,Store_5,Product_8,73,66,0
2023-04-17,Store_5,Product_9,44,152,0
2023-04-17,Store_5,Product_10,104,170,0
2023-04-18,Store_1,Product_1,64,142,0
2023-04-18,Store_1,Product_2,57,86,0
2023-04-18,Store_1,Product_3,51,197,0
2023-04-18,Store_1,Product_4,105,121,0
2023-04-18,Store_1,Product_5,70,77,0
2023-04-18,Store_1,Product_6,36,64,0
2023-04-18,Store_1,Product_7,57,53,0
2023-04-18,Store_1,Product_8,57,198,0
2023-04-18,Store_1,Product_9,105,175,1
2023-04-18,Store_1,Product_10,44,76,0
2023-04-18,Store_2,Product_1,88,120,0
2023-04-18,Store_2,Product_2,102,195,0
2023-04-18,Store_2,Product_3,49,196,0
2023-04-18,Store_2,Product_4,75,93,0
2023-04-18,Store_2,Product_5,56,120,0
2023-04-18,Store_2,Product_6,79,68,0
2023-04-18,Store_2,Product_7,102,64,0
2023-04-18,Store_2,Product_8,93,163,0
2023-04-18,Store_2,Product_9,98,147,0
2023-04-18,Store_2,Product_10,93,93,0
2023-04-18,Store_3,Product_1,58,110,1
2023-04-18,Store_3,Product_2,79,90,0
2023-04-18,Store_3,Product_3,54,144,0
2023-04-18,Store_3,Product_4,35,61,0
2023-04-18,Store_3,Product_5,64,70,0
2023-04-18,Store_3,Product_6,64,70,1
2023-04-18,Store_3,Product_7,99,125,0
2023-04-18,Store_3,Product_8,46,62,0
2023-04-18,Store_3,Product_9,56,100,0
2023-04-18,Store_3,Product_10,56,172,0
2023-04-18,Store_4,Product_1,90,142,1
2023-04-18,Store_4,Product_2,43,90,0
2023-04-18,Store_4,Product_3,99,153,0
2023-04-18,Store_4,Product_4,117,57,1
2023-04-18,Store_4,Product_5,69,58,0
2023-04-18,Store_4,Product_6,75,164,0
2023-04-18,Store_4,Product_7,68,78,0
2023-04-18,Store_4,Product_8,110,117,0
2023-04-18,Store_4,Product_9,67,164,0
2023-04-18,Store_4,Product_10,111,71,0
2023-04-18,Store_5,Product_1,61,170,0
2023-04-18,Store_5,Product_2,119,104,1
2023-04-18,Store_5,Product_3,86,181,0
2023-04-18,Store_5,Product_4,37,110,1
2023-04-18,Store_5,Product_5,92,174,0
2023-04-18,Store_5,Product_6,106,117,0
2023-04-18,Store_5,Product_7,90,70,0
2023-04-18,Store_5,Product_8,80,150,1
2023-04-18,Store_5,Product_9,120,127,1
2023-04-18,Store_5,Product_10,73,70,1
2023-04-19,Store_1,Product_1,35,190,0
2023-04-19,Store_1,Product_2,35,164,0
2023-04-19,Store_1,Product_3,40,136,0
2023-04-19,Store_1,Product_4,33,73,0
2023-04-19,Store_1,Product_5,61,117,0
2023-04-19,Store_1,Product_6,40,81,1
2023-04-19,Store_1,Product_7,98,91,0
2023-04-19,Store_1,Product_8,106,167,0
2023-04-19,Store_1,Product_9,33,177,0
2023-04-19,Store_1,Product_10,61,134,1
2023-04-19,Store_2,Product_1,99,125,0
2023-04-19,Store_2,Product_2,59,142,0
2023-04-19,Store_2,Product_3,56,67,0
2023-04-19,Store_2,Product_4,45,153,0
2023-04-19,Store_2,Product_5,64,102,1
2023-04-19,Store_2,Product_6,65,113,0
2023-04-19,Store_2,Product_7,78,59,0
2023-04-19,Store_2,Product_8,48,176,0
2023-04-19,Store_2,Product_9,85,139,0
2023-04-19,Store_2,Product_10,59,133,0
2023-04-19,Store_3,Product_1,72,197,0
2023-04-19,Store_3,Product_2,89,74,0
2023-04-19,Store_3,Product_3,37,132,0
2023-04-19,Store_3,Product_4,32,135,0
2023-04-19,Store_3,Product_5,40,88,0
2023-04-19,Store_3,Product_6,64,88,0
2023-04-19,Store_3,Product_7,21,115,0
2023-04-19,Store_3,Product_8,107,71,0
2023-04-19,Store_3,Product_9,43,116,0
2023-04-19,Store_3,Product_10,59,136,0
2023-04-19,Store_4,Product_1,55,69,0
2023-04-19,Store_4,Product_2,99,178,1
2023-04-19,Store_4,Product_3,67,159,0
2023-04-19,Store_4,Product_4,93,87,0
2023-04-19,Store_4,Product_5,68,158,0
2023-04-19,Store_4,Product_6,55,162,0
2023-04-19,Store_4,Product_7,89,160,0
2023-04-19,Store_4,Product_8,39,72,0
2023-04-19,Store_4,Product_9,65,115,0
2023-04-19,Store_4,Product_10,61,172,0
2023-04-19,Store_5,Product_1,28,193,0
2023-04-19,Store_5,Product_2,103,114,0
2023-04-19,Store_5,Product_3,39,128,0
2023-04-19,Store_5,Product_4,88,164,0
2023-04-19,Store_5,Product_5,45,138,0
2023-04-19,Store_5,Product_6,63,110,0
2023-04-19,Store_5,Product_7,44,155,1
2023-04-19,Store_5,Product_8,92,134,0
2023-04-19,Store_5,Product_9,101,153,0
2023-04-19,Store_5,Product_10,112,147,0
2023-04-20,Store_1,Product_1,28,187,0
2023-04-20,Store_1,Product_2,76,66,0
2023-04-20,Store_1,Product_3,71,71,1
2023-04-20,Store_1,Product_4,68,198,0
2023-04-20,Store_1,Product_5,81,148,0
2023-04-20,Store_1,Product_6,78,146,0
2023-04-20,Store_1,Product_7,72,66,0
2023-04-20,Store_1,Product_8,50,171,0
2023-04-20,Store_1,Product_9,38,87,0
2023-04-20,Store_1,Product_10,77,180,0
2023-04-20,Store_2,Product_1,81,134,0
2023-04-20,Store_2,Product_2,85,57,0
2023-04-20,Store_2,Product_3,83,164,0
2023-04-20,Store_2,Product_4,80,86,1
2023-04-20,Store_2,Product_5,122,192,1
2023-04-20,Store_2,Product_6,57,99,0
2023-04-20,Store_2,Product_7,58,90,0
2023-04-20,Store_2,Product_8,88,88,0
2023-04-20,Store_2,Product_9,70,163,1
2023-04-20,Store_2,Product_10,80,133,0
2023-04-20,Store_3,Product_1,51,91,0
2023-04-20,Store_3,Product_2,80,81,0
2023-04-20,Store_3,Product_3,54,176,0
2023-04-20,Store_3,Product_4,102,131,0
2023-04-20,Store_3,Product_5,110,144,0
2023-04-20,Store_3,Product_6,64,64,0
2023-04-20,Store_3,Product_7,94,67,0
2023-04-20,Store_3,Product_8,68,55,0
2023-04-20,Store_3,Product_9,36,199,0
2023-04-20,Store_3,Product_10,132,53,1
2023-04-20,Store_4,Product_1,45,117,0
2023-04-20,Store_4,Product_2,44,124,0
2023-04-20,Store_4,Product_3,70,179,1
2023-04-20,Store_4,Product_4,103,70,1
2023-04-20,Store_4,Product_5,81,192,0
2023-04-20,Store_4,Product_6,45,96,1
2023-04-20,Store_4,Product_7,86,138,0
2023-04-20,Store_4,Product_8,80,118,0
2023-04-20,Store_4,Product_9,54,64,0
2023-04-20,Store_4,Product_10,103,137,0
2023-04-20,Store_5,Product_1,76,98,0
2023-04-20,Store_5,Product_2,61,84,0
2023-04-20,Store_5,Product_3,35,105,0
2023-04-20,Store_5,Product_4,84,150,0
2023-04-20,Store_5,Product_5,58,71,0
2023-04-20,Store_5,Product_6,56,181,0
2023-04-20,Store_5,Product_7,122,196,1
2023-04-20,Store_5,Product_8,36,140,0
2023-04-20,Store_5,Product_9,87,98,1
2023-04-20,Store_5,Product_10,109,143,1
2023-04-21,Store_1,Product_1,97,77,0
2023-04-21,Store_1,Product_2,96,85,0
2023-04-21,Store_1,Product_3,95,173,0
2023-04-21,Store_1,Product_4,104,73,0
2023-04-21,Store_1,Product_5,104,69,0
2023-04-21,Store_1,Product_6,52,64,0
2023-04-21,Store_1,Product_7,94,178,0
2023-04-21,Store_1,Product_8,83,131,0
2023-04-21,Store_1,Product_9,37,149,0
2023-04-21,Store_1,Product_10,73,89,0
2023-04-21,Store_2,Product_1,38,96,0
2023-04-21,Store_2,Product_2,72,54,0
2023-04-21,Store_2,Product_3,100,142,0
2023-04-21,Store_2,Product_4,86,136,0
2023-04-21,Store_2,Product_5,110,174,0
2023-04-21,Store_2,Product_6,44,53,0
2023-04-21,Store_2,Product_7,87,188,0
2023-04-21,Store_2,Product_8,65,58,0
2023-04-21,Store_2,Product_9,102,64,0
2023-04-21,Store_2,Product_10,41,179,0
2023-04-21,Store_3,Product_1,30,103,0
2023-04-21,Store_3,Product_2,24,151,0
2023-04-21,Store_3,Product_3,31,104,1
2023-04-21,Store_3,Product_4,33,114,0
2023-04-21,Store_3,Product_5,18,50,0
2023-04-21,Store_3,Product_6,62,117,0
2023-04-21,Store_3,Product_7,57,166,0
2023-04-21,Store_3,Product_8,41,62,0
2023-04-21,Store_3,Product_9,61,150,0
2023-04-21,Store_3,Product_10,63,149,0
2023-04-21,Store_4,Product_1,35,155,0
2023-04-21,Store_4,Product_2,91,178,0
2023-04-21,Store_4,Product_3,44,176,0
2023-04-21,Store_4,Product_4,47,99,1
2023-04-21,Store_4,Product_5,103,112,1
2023-04-21,Store_4,Product_6,66,178,0
2023-04-21,Store_4,Product_7,47,197,0
2023-04-21,Store_4,Product_8,87,101,0
2023-04-21,Store_4,Product_9,107,193,1
2023-04-21,Store_4,Product_10,99,113,0
2023-04-21,Store_5,Product_1,101,132,0
2023-04-21,Store_5,Product_2,52,149,0
2023-04-21,Store_5,Product_3,61,175,0
2023-04-21,Store_5,Product_4,56,173,0
2023-04-21,Store_5,Product_5,114,109,0
2023-04-21,Store_5,Product_6,51,158,0
2023-04-21,Store_5,Product_7,41,143,0
2023-04-21,Store_5,Product_8,62,181,1
2023-04-21,Store_5,Product_9,39,101,0
2023-04-21,Store_5,Product_10,92,70,0
2023-04-22,Store_1,Product_1,76,152,0
2023-04-22,Store_1,Product_2,43,150,0
2023-04-22,Store_1,Product_3,98,86,0
2023-04-22,Store_1,Product_4,101,52,0
2023-04-22,Store_1,Product_5,104,192,1
2023-04-22,Store_1,Product_6,49,188,0
2023-04-22,Store_1,Product_7,77,153,0
2023-04-22,Store_1,Product_8,100,92,0
2023-04-22,Store_1,Product_9,59,134,0
2023-04-22,Store_1,Product_10,131,195,1
2023-04-22,Store_2,Product_1,64,155,1
2023-04-22,Store_2,Product_2,87,195,0
2023-04-22,Store_2,Product_3,50,134,0
2023-04-22,Store_2,Product_4,56,158,0
2023-04-22,Store_2,Product_5,73,131,1
2023-04-22,Store_2,Product_6,45,120,0
2023-04-22,Store_2,Product_7,57,116,1
2023-04-22,Store_2,Product_8,92,60,0
2023-04-22,Store_2,Product_9,95,54,0
2023-04-22,Store_2,Product_10,61,118,0
2023-04-22,Store_3,Product_1,38,159,0
2023-04-22,Store_3,Product_2,41,197,0
2023-04-22,Store_3,Product_3,42,137,0
2023-04-22,Store_3,Product_4,125,98,1
2023-04-22,Store_3,Product_5,50,98,0
2023-04-22,Store_3,Product_6,84,72,0
2023-04-22,Store_3,Product_7,107,170,0
2023-04-22,Store_3,Product_8,86,168,0
2023-04-22,Store_3,Product_9,56,188,1
2023-04-22,Store_3,Product_10,42,84,0
2023-04-22,Store_4,Product_1,98,150,1
2023-04-22,Store_4,Product_2,91,104,0
2023-04-22,Store_4,Product_3,58,144,0
2023-04-22,Store_4,Product_4,77,52,1
2023-04-22,Store_4,Product_5,80,64,0
2023-04-22,Store_4,Product_6,101,80,0
2023-04-22,Store_4,Product_7,100,198,0
2023-04-22,Store_4,Product_8,94,150,0
2023-04-22,Store_4,Product_9,39,160,0
2023-04-22,Store_4,Product_10,108,161,0
2023-04-22,Store_5,Product_1,54,138,0
2023-04-22,Store_5,Product_2,66,96,0
2023-04-22,Store_5,Product_3,108,197,0
2023-04-22,Store_5,Product_4,64,149,0
2023-04-22,Store_5,Product_5,46,194,0
2023-04-22,Store_5,Product_6,85,64,0
2023-04-22,Store_5,Product_7,77,68,0
2023-04-22,Store_5,Product_8,91,106,0
2023-04-22,Store_5,Product_9,76,50,0
2023-04-22,Store_5,Product_10,50,117,0
2023-04-23,Store_1,Product_1,90,138,0
2023-04-23,Store_1,Product_2,122,94,1
2023-04-23,Store_1,Product_3,49,179,1
2023-04-23,Store_1,Product_4,48,136,0
2023-04-23,Store_1,Product_5,84,51,0
2023-04-23,Store_1,Product_6,102,180,0
2023-04-23,Store_1,Product_7,105,165,0
2023-04-23,Store_1,Product_8,84,123,0
2023-04-23,Store_1,Product_9,85,144,0
2023-04-23,Store_1,Product_10,143,152,1
2023-04-23,Store_2,Product_1,68,96,0
2023-04-23,Store_2,Product_2,36,129,0
2023-04-23,Store_2,Product_3,103,135,1
2023-04-23,Store_2,Product_4,95,92,0
2023-04-23,Store_2,Product_5,85,155,0
2023-04-23,Store_2,Product_6,117,57,0
2023-04-23,Store_2,Product_7,135,99,1
2023-04-23,Store_2,Product_8,98,93,1
2023-04-23,Store_2,Product_9,92,142,1
2023-04-23,Store_2,Product_10,38,166,1
2023-04-23,Store_3,Product_1,100,99,0
2023-04-23,Store_3,Product_2,108,155,1
2023-04-23,Store_3,Product_3,64,188,0
2023-04-23,Store_3,Product_4,33,106,0
2023-04-23,Store_3,Product_5,32,137,0
2023-04-23,Store_3,Product_6,111,197,1
2023-04-23,Store_3,Product_7,61,184,0
2023-04-23,Store_3,Product_8,71,152,0
2023-04-23,Store_3,Product_9,97,62,0
2023-04-23,Store_3,Product_10,84,70,0
2023-04-23,Store_4,Product_1,91,190,0
2023-04-23,Store_4,Product_2,40,177,0
2023-04-23,Store_4,Product_3,99,75,0
2023-04-23,Store_4,Product_4,108,70,1
2023-04-23,Store_4,Product_5,43,174,0
2023-04-23,Store_4,Product_6,48,128,0
2023-04-23,Store_4,Product_7,65,65,0
2023-04-23,Store_4,Product_8,60,170,0
2023-04-23,Store_4,Product_9,86,68,0
2023-04-23,Store_4,Product_10,74,177,0
2023-04-23,Store_5,Product_1,70,101,0
2023-04-23,Store_5,Product_2,31,98,0
2023-04-23,Store_5,Product_3,88,81,0
2023-04-23,Store_5,Product_4,49,71,0
2023-04-23,Store_5,Product_5,74,137,0
2023-04-23,Store_5,Product_6,89,100,0
2023-04-23,Store_5,Product_7,71,50,0
2023-04-23,Store_5,Product_8,48,67,1
2023-04-23,Store_5,Product_9,108,156,0
2023-04-23,Store_5,Product_10,47,116,0
2023-04-24,Store_1,Product_1,89,105,0
2023-04-24,Store_1,Product_2,109,110,0
2023-04-24,Store_1,Product_3,92,77,0
2023-04-24,Store_1,Product_4,71,79,0
2023-04-24,Store_1,Product_5,95,101,0
2023-04-24,Store_1,Product_6,37,142,0
2023-04-24,Store_1,Product_7,79,95,0
2023-04-24,Store_1,Product_8,112,141,1
2023-04-24,Store_1,Product_9,127,107,1
2023-04-24,Store_1,Product_10,62,133,0
2023-04-24,Store_2,Product_1,53,85,0
2023-04-24,Store_2,Product_2,98,106,0
2023-04-24,Store_2,Product_3,79,105,0
2023-04-24,Store_2,Product_4,30,161,0
2023-04-24,Store_2,Product_5,75,101,0
2023-04-24,Store_2,Product_6,80,114,1
2023-04-24,Store_2,Product_7,77,70,0
2023-04-24,Store_2,Product_8,95,197,0
2023-04-24,Store_2,Product_9,70,112,0
2023-04-24,Store_2,Product_10,100,85,0
2023-04-24,Store_3,Product_1,101,164,0
2023-04-24,Store_3,Product_2,126,62,1
2023-04-24,Store_3,Product_3,96,172,1
2023-04-24,Store_3,Product_4,44,81,0
2023-04-24,Store_3,Product_5,76,170,0
2023-04-24,Store_3,Product_6,103,106,1
2023-04-24,Store_3,Product_7,120,129,1
2023-04-24,Store_3,Product_8,118,176,1
2023-04-24,Store_3,Product_9,74,199,0
2023-04-24,Store_3,Product_10,80,191,0
2023-04-24,Store_4,Product_1,41,65,0
2023-04-24,Store_4,Product_2,109,152,0
2023-04-24,Store_4,Product_3,67,141,0
2023-04-24,Store_4,Product_4,107,175,1
2023-04-24,Store_4,Product_5,90,82,1
2023-04-24,Store_4,Product_6,27,175,0
2023-04-24,Store_4,Product_7,75,68,0
2023-04-24,Store_4,Product_8,86,75,0
2023-04-24,Store_4,Product_9,100,108,0
2023-04-24,Store_4,Product_10,108,150,0
2023-04-24,Store_5,Product_1,80,55,0
2023-04-24,Store_5,Product_2,55,103,0
2023-04-24,Store_5,Product_3,60,100,1
2023-04-24,Store_5,Product_4,100,121,0
2023-04-24,Store_5,Product_5,64,113,0
2023-04-24,Store_5,Product_6,56,148,0
2023-04-24,Store_5,Product_7,85,137,0
2023-04-24,Store_5,Product_8,94,99,0
2023-04-24,Store_5,Product_9,93,112,0
2023-04-24,Store_5,Product_10,91,148,0
2023-04-25,Store_1,Product_1,39,148,0
2023-04-25,Store_1,Product_2,81,84,0
2023-04-25,Store_1,Product_3,29,176,0
2023-04-25,Store_1,Product_4,103,89,0
2023-04-25,Store_1,Product_5,48,182,0
2023-04-25,Store_1,Product_6,54,52,0
2023-04-25,Store_1,Product_7,100,70,0
2023-04-25,Store_1,Product_8,81,117,0
2023-04-25,Store_1,Product_9,90,159,0
2023-04-25,Store_1,Product_10,69,176,0
2023-04-25,Store_2,Product_1,90,95,0
2023-04-25,Store_2,Product_2,96,87,0
2023-04-25,Store_2,Product_3,59,54,1
2023-04-25,Store_2,Product_4,71,156,1
2023-04-25,Store_2,Product_5,83,146,0
2023-04-25,Store_2,Product_6,76,65,0
2023-04-25,Store_2,Product_7,59,189,0
2023-04-25,Store_2,Product_8,87,123,0
2023-04-25,Store_2,Product_9,72,185,0
2023-04-25,Store_2,Product_10,59,115,0
2023-04-25,Store_3,Product_1,75,68,0
2023-04-25,Store_3,Product_2,42,197,0
2023-04-25,Store_3,Product_3,105,140,0
2023-04-25,Store_3,Product_4,45,154,1
2023-04-25,Store_3,Product_5,83,88,1
2023-04-25,Store_3,Product_6,85,190,1
2023-04-25,Store_3,Product_7,74,113,0
2023-04-25,Store_3,Product_8,97,74,0
2023-04-25,Store_3,Product_9,31,69,0
2023-04-25,Store_3,Product_10,129,150,1
2023-04-25,Store_4,Product_1,79,86,1
2023-04-25,Store_4,Product_2,52,141,0
2023-04-25,Store_4,Product_3,111,60,1
2023-04-25,Store_4,Product_4,56,150,0
2023-04-25,Store_4,Product_5,83,83,0
2023-04-25,Store_4,Product_6,110,169,0
2023-04-25,Store_4,Product_7,104,99,0
2023-04-25,Store_4,Product_8,63,160,0
2023-04-25,Store_4,Product_9,97,93,0
2023-04-25,Store_4,Product_10,69,173,0
2023-04-25,Store_5,Product_1,64,107,0
2023-04-25,Store_5,Product_2,52,74,0
2023-04-25,Store_5,Product_3,51,156,0
2023-04-25,Store_5,Product_4,101,128,0
2023-04-25,Store_5,Product_5,72,89,0
2023-04-25,Store_5,Product_6,85,110,0
2023-04-25,Store_5,Product_7,102,188,0
2023-04-25,Store_5,Product_8,83,57,1
2023-04-25,Store_5,Product_9,56,190,1
2023-04-25,Store_5,Product_10,85,98,0
2023-04-26,Store_1,Product_1,135,54,1
2023-04-26,Store_1,Product_2,68,91,1
2023-04-26,Store_1,Product_3,61,103,1
2023-04-26,Store_1,Product_4,28,132,0
2023-04-26,Store_1,Product_5,28,123,0
2023-04-26,Store_1,Product_6,26,173,0
2023-04-26,Store_1,Product_7,80,83,1
2023-04-26,Store_1,Product_8,118,140,1
2023-04-26,Store_1,Product_9,95,89,0
2023-04-26,Store_1,Product_10,42,191,0
2023-04-26,Store_2,Product_1,83,54,0
2023-04-26,Store_2,Product_2,73,176,0
2023-04-26,Store_2,Product_3,79,107,1
2023-04-26,Store_2,Product_4,78,187,1
2023-04-26,Store_2,Product_5,61,139,1
2023-04-26,Store_2,Product_6,107,160,1
2023-04-26,Store_2,Product_7,100,119,0
2023-04-26,Store_2,Product_8,38,97,0
2023-04-26,Store_2,Product_9,103,113,0
2023-04-26,Store_2,Product_10,101,169,0
2023-04-26,Store_3,Product_1,124,71,1
2023-04-26,Store_3,Product_2,57,191,0
2023-04-26,Store_3,Product_3,60,159,0
2023-04-26,Store_3,Product_4,84,92,0
2023-04-26,Store_3,Product_5,108,168,1
2023-04-26,Store_3,Product_6,74,169,0
2023-04-26,Store_3,Product_7,25,112,1
2023-04-26,Store_3,Product_8,97,173,0
2023-04-26,Store_3,Product_9,110,54,1
2023-04-26,Store_3,Product_10,61,123,0
2023-04-26,Store_4,Product_1,109,105,0
2023-04-26,Store_4,Product_2,98,71,0
2023-04-26,Store_4,Product_3,39,63,1
2023-04-26,Store_4,Product_4,63,113,1
2023-04-26,Store_4,Product_5,88,123,0
2023-04-26,Store_4,Product_6,115,198,1
2023-04-26,Store_4,Product_7,29,55,0
2023-04-26,Store_4,Product_8,106,121,0
2023-04-26,Store_4,Product_9,69,132,0
2023-04-26,Store_4,Product_10,57,189,0
2023-04-26,Store_5,Product_1,106,113,0
2023-04-26,Store_5,Product_2,66,81,0
2023-04-26,Store_5,Product_3,54,152,0
2023-04-26,Store_5,Product_4,69,153,0
2023-04-26,Store_5,Product_5,128,152,1
2023-04-26,Store_5,Product_6,87,124,1
2023-04-26,Store_5,Product_7,65,66,1
2023-04-26,Store_5,Product_8,74,186,0
2023-04-26,Store_5,Product_9,89,193,0
2023-04-26,Store_5,Product_10,106,168,0
2023-04-27,Store_1,Product_1,93,195,0
2023-04-27,Store_1,Product_2,83,128,0
2023-04-27,Store_1,Product_3,64,96,0
2023-04-27,Store_1,Product_4,48,147,0
2023-04-27,Store_1,Product_5,50,70,0
2023-04-27,Store_1,Product_6,80,73,0
2023-04-27,Store_1,Product_7,33,188,0
2023-04-27,Store_1,Product_8,39,171,0
2023-04-27,Store_1,Product_9,44,148,0
2023-04-27,Store_1,Product_10,84,93,0
2023-04-27,Store_2,Product_1,88,65,0
2023-04-27,Store_2,Product_2,67,69,1
2023-04-27,Store_2,Product_3,45,97,0
2023-04-27,Store_2,Product_4,117,168,1
2023-04-27,Store_2,Product_5,108,62,0
2023-04-27,Store_2,Product_6,80,108,0
2023-04-27,Store_2,Product_7,130,50,1
2023-04-27,Store_2,Product_8,63,194,1
2023-04-27,Store_2,Product_9,72,125,0
2023-04-27,Store_2,Product_10,106,102,0
2023-04-27,Store_3,Product_1,35,183,0
2023-04-27,Store_3,Product_2,49,87,0
2023-04-27,Store_3,Product_3,77,189,0
2023-04-27,Store_3,Product_4,104,102,1
2023-04-27,Store_3,Product_5,119,199,1
2023-04-27,Store_3,Product_6,49,120,0
2023-04-27,Store_3,Product_7,94,192,0
2023-04-27,Store_3,Product_8,40,169,1
2023-04-27,Store_3,Product_9,108,60,1
2023-04-27,Store_3,Product_10,56,131,0
2023-04-27,Store_4,Product_1,71,108,0
2023-04-27,Store_4,Product_2,75,174,0
2023-04-27,Store_4,Product_3,34,108,0
2023-04-27,Store_4,Product_4,75,57,1
2023-04-27,Store_4,Product_5,67,198,0
2023-04-27,Store_4,Product_6,106,162,0
2023-04-27,Store_4,Product_7,108,181,1
2023-04-27,Store_4,Product_8,99,123,0
2023-04-27,Store_4,Product_9,31,100,0
2023-04-27,Store_4,Product_10,84,145,0
2023-04-27,Store_5,Product_1,36,170,0
2023-04-27,Store_5,Product_2,80,54,0
2023-04-27,Store_5,Product_3,57,166,0
2023-04-27,Store_5,Product_4,81,90,0
2023-04-27,Store_5,Product_5,87,95,1
2023-04-27,Store_5,Product_6,62,141,0
2023-04-27,Store_5,Product_7,52,62,0
2023-04-27,Store_5,Product_8,44,186,0
2023-04-27,Store_5,Product_9,59,106,0
2023-04-27,Store_5,Product_10,41,156,0
2023-04-28,Store_1,Product_1,44,176,0
2023-04-28,Store_1,Product_2,80,186,0
2023-04-28,Store_1,Product_3,77,148,0
2023-04-28,Store_1,Product_4,91,142,0
2023-04-28,Store_1,Product_5,28,134,0
2023-04-28,Store_1,Product_6,70,138,0
2023-04-28,Store_1,Product_7,85,166,1
2023-04-28,Store_1,Product_8,83,103,0
2023-04-28,Store_1,Product_9,109,192,0
2023-04-28,Store_1,Product_10,48,157,0
2023-04-28,Store_2,Product_1,50,58,0
2023-04-28,Store_2,Product_2,76,158,0
2023-04-28,Store_2,Product_3,60,183,0
2023-04-28,Store_2,Product_4,116,56,1
2023-04-28,Store_2,Product_5,74,194,0
2023-04-28,Store_2,Product_6,66,188,0
2023-04-28,Store_2,Product_7,98,154,0
2023-04-28,Store_2,Product_8,25,51,1
2023-04-28,Store_2,Product_9,71,96,0
2023-04-28,Store_2,Product_10,70,181,0
2023-04-28,Store_3,Product_1,50,179,0
2023-04-28,Store_3,Product_2,86,161,0
2023-04-28,Store_3,Product_3,71,109,0
2023-04-28,Store_3,Product_4,70,189,0
2023-04-28,Store_3,Product_5,85,80,1
2023-04-28,Store_3,Product_6,50,58,0
2023-04-28,Store_3,Product_7,116,139,0
2023-04-28,Store_3,Product_8,52,185,0
2023-04-28,Store_3,Product_9,95,104,1
2023-04-28,Store_3,Product_10,130,86,1
2023-04-28,Store_4,Product_1,39,86,0
2023-04-28,Store_4,Product_2,98,163,0
2023-04-28,Store_4,Product_3,56,60,0
2023-04-28,Store_4,Product_4,105,64,0
2023-04-28,Store_4,Product_5,66,102,0
2023-04-28,Store_4,Product_6,92,177,0
2023-04-28,Store_4,Product_7,53,162,1
2023-04-28,Store_4,Product_8,96,87,1
2023-04-28,Store_4,Product_9,34,95,0
2023-04-28,Store_4,Product_10,108,121,0
2023-04-28,Store_5,Product_1,96,131,0
2023-04-28,Store_5,Product_2,44,61,0
2023-04-28,Store_5,Product_3,49,96,1
2023-04-28,Store_5,Product_4,95,170,0
2023-04-28,Store_5,Product_5,98,86,0
2023-04-28,Store_5,Product_6,79,177,0
2023-04-28,Store_5,Product_7,50,51,0
2023-04-28,Store_5,Product_8,101,102,1
2023-04-28,Store_5,Product_9,55,169,0
2023-04-28,Store_5,Product_10,77,99,0
2023-04-29,Store_1,Product_1,31,57,0
2023-04-29,Store_1,Product_2,88,103,0
2023-04-29,Store_1,Product_3,74,182,0
2023-04-29,Store_1,Product_4,100,75,0
2023-04-29,Store_1,Product_5,55,82,0
2023-04-29,Store_1,Product_6,96,192,1
2023-04-29,Store_1,Product_7,89,74,0
2023-04-29,Store_1,Product_8,102,155,0
2023-04-29,Store_1,Product_9,86,118,0
2023-04-29,Store_1,Product_10,88,94,0
2023-04-29,Store_2,Product_1,55,60,0
2023-04-29,Store_2,Product_2,111,96,1
2023-04-29,Store_2,Product_3,84,59,0
2023-04-29,Store_2,Product_4,69,192,0
2023-04-29,Store_2,Product_5,78,125,0
2023-04-29,Store_2,Product_6,47,168,0
2023-04-29,Store_2,Product_7,78,154,0
2023-04-29,Store_2,Product_8,99,130,0
2023-04-29,Store_2,Product_9,47,160,0
2023-04-29,Store_2,Product_10,62,97,0
2023-04-29,Store_3,Product_1,51,52,0
2023-04-29,Store_3,Product_2,46,99,1
2023-04-29,Store_3,Product_3,71,162,0
2023-04-29,Store_3,Product_4,57,88,0
2023-04-29,Store_3,Product_5,97,147,0
2023-04-29,Store_3,Product_6,43,162,0
2023-04-29,Store_3,Product_7,67,197,0
2023-04-29,Store_3,Product_8,94,77,1
2023-04-29,Store_3,Product_9,90,81,1
2023-04-29,Store_3,Product_10,46,70,0
2023-04-29,Store_4,Product_1,87,188,0
2023-04-29,Store_4,Product_2,63,141,0
2023-04-29,Store_4,Product_3,57,172,0
2023-04-29,Store_4,Product_4,90,52,0
2023-04-29,Store_4,Product_5,93,130,0
2023-04-29,Store_4,Product_6,70,156,0
2023-04-29,Store_4,Product_7,77,146,0
2023-04-29,Store_4,Product_8,66,140,0
2023-04-29,Store_4,Product_9,101,70,1
2023-04-29,Store_4,Product_10,53,55,0
2023-04-29,Store_5,Product_1,38,132,1
2023-04-29,Store_5,Product_2,61,123,1
2023-04-29,Store_5,Product_3,33,92,0
2023-04-29,Store_5,Product_4,64,73,0
2023-04-29,Store_5,Product_5,75,181,0
2023-04-29,Store_5,Product_6,29,156,0
2023-04-29,Store_5,Product_7,36,84,0
2023-04-29,Store_5,Product_8,40,180,1
2023-04-29,Store_5,Product_9,83,108,0
2023-04-29,Store_5,Product_10,45,152,1
2023-04-30,Store_1,Product_1,33,190,0
2023-04-30,Store_1,Product_2,62,163,0
2023-04-30,Store_1,Product_3,29,111,0
2023-04-30,Store_1,Product_4,80,159,0
2023-04-30,Store_1,Product_5,45,136,0
2023-04-30,Store_1,Product_6,113,105,0
2023-04-30,Store_1,Product_7,35,108,1
2023-04-30,Store_1,Product_8,67,115,0
2023-04-30,Store_1,Product_9,55,151,0
2023-04-30,Store_1,Product_10,56,173,1
2023-04-30,Store_2,Product_1,49,97,0
2023-04-30,Store_2,Product_2,121,57,1
2023-04-30,Store_2,Product_3,60,114,1
2023-04-30,Store_2,Product_4,95,129,0
2023-04-30,Store_2,Product_5,100,155,0
2023-04-30,Store_2,Product_6,88,194,0
2023-04-30,Store_2,Product_7,59,192,0
2023-04-30,Store_2,Product_8,75,117,0
2023-04-30,Store_2,Product_9,78,69,0
2023-04-30,Store_2,Product_10,110,164,1
2023-04-30,Store_3,Product_1,40,85,0
2023-04-30,Store_3,Product_2,84,98,0
2023-04-30,Store_3,Product_3,116,151,0
2023-04-30,Store_3,Product_4,50,50,0
2023-04-30,Store_3,Product_5,68,65,0
2023-04-30,Store_3,Product_6,47,156,1
2023-04-30,Store_3,Product_7,36,80,0
2023-04-30,Store_3,Product_8,57,91,0
2023-04-30,Store_3,Product_9,72,99,1
2023-04-30,Store_3,Product_10,67,87,0
2023-04-30,Store_4,Product_1,84,160,0
2023-04-30,Store_4,Product_2,87,167,0
2023-04-30,Store_4,Product_3,123,197,1
2023-04-30,Store_4,Product_4,113,109,1
2023-04-30,Store_4,Product_5,102,189,0
2023-04-30,Store_4,Product_6,43,129,0
2023-04-30,Store_4,Product_7,58,175,0
2023-04-30,Store_4,Product_8,66,167,0
2023-04-30,Store_4,Product_9,91,61,0
2023-04-30,Store_4,Product_10,95,87,0
2023-04-30,Store_5,Product_1,82,128,1
2023-04-30,Store_5,Product_2,96,174,0
2023-04-30,Store_5,Product_3,61,120,1
2023-04-30,Store_5,Product_4,77,81,0
2023-04-30,Store_5,Product_5,31,53,0
2023-04-30,Store_5,Product_6,61,137,0
2023-04-30,Store_5,Product_7,66,135,1
2023-04-30,Store_5,Product_8,66,108,1
2023-04-30,Store_5,Product_9,92,100,0
2023-04-30,Store_5,Product_10,26,68,0
2023-05-01,Store_1,Product_1,90,62,0
2023-05-01,Store_1,Product_2,52,156,0
2023-05-01,Store_1,Product_3,73,198,0
2023-05-01,Store_1,Product_4,42,155,1
2023-05-01,Store_1,Product_5,73,98,1
2023-05-01,Store_1,Product_6,78,156,0
2023-05-01,Store_1,Product_7,61,111,0
2023-05-01,Store_1,Product_8,30,126,1
2023-05-01,Store_1,Product_9,44,162,1
2023-05-01,Store_1,Product_10,55,102,0
2023-05-01,Store_2,Product_1,41,172,0
2023-05-01,Store_2,Product_2,80,93,0
2023-05-01,Store_2,Product_3,45,140,0
2023-05-01,Store_2,Product_4,76,180,0
2023-05-01,Store_2,Product_5,43,129,0
2023-05-01,Store_2,Product_6,101,93,0
2023-05-01,Store_2,Product_7,48,62,0
2023-05-01,Store_2,Product_8,61,109,0
2023-05-01,Store_2,Product_9,55,86,1
2023-05-01,Store_2,Product_10,55,81,0
2023-05-01,Store_3,Product_1,31,119,0
2023-05-01,Store_3,Product_2,89,52,0
2023-05-01,Store_3,Product_3,88,60,1
2023-05-01,Store_3,Product_4,42,88,0
2023-05-01,Store_3,Product_5,67,101,0
2023-05-01,Store_3,Product_6,67,164,0
2023-05-01,Store_3,Product_7,49,117,0
2023-05-01,Store_3,Product_8,61,56,0
2023-05-01,Store_3,Product_9,91,72,0
2023-05-01,Store_3,Product_10,80,58,0
2023-05-01,Store_4,Product_1,96,172,0
2023-05-01,Store_4,Product_2,37,148,0
2023-05-01,Store_4,Product_3,87,54,0
2023-05-01,Store_4,Product_4,52,187,1
2023-05-01,Store_4,Product_5,66,150,0
2023-05-01,Store_4,Product_6,36,61,1
2023-05-01,Store_4,Product_7,87,75,0
2023-05-01,Store_4,Product_8,79,81,0
2023-05-01,Store_4,Product_9,108,135,0
2023-05-01,Store_4,Product_10,98,196,0
2023-05-01,Store_5,Product_1,41,187,0
2023-05-01,Store_5,Product_2,84,190,0
2023-05-01,Store_5,Product_3,37,88,0
2023-05-01,Store_5,Product_4,89,99,0
2023-05-01,Store_5,Product_5,92,123,1
2023-05-01,Store_5,Product_6,58,165,0
2023-05-01,Store_5,Product_7,102,154,0
2023-05-01,Store_5,Product_8,81,191,0
2023-05-01,Store_5,Product_9,51,189,0
2023-05-01,Store_5,Product_10,50,125,0
2023-05-02,Store_1,Product_1,102,57,0
2023-05-02,Store_1,Product_2,76,84,1
2023-05-02,Store_1,Product_3,108,158,0
2023-05-02,Store_1,Product_4,63,112,0
2023-05-02,Store_1,Product_5,108,101,0
2023-05-02,Store_1,Product_6,54,97,0
2023-05-02,Store_1,Product_7,89,101,0
2023-05-02,Store_1,Product_8,85,148,0
2023-05-02,Store_1,Product_9,72,128,0
2023-05-02,Store_1,Product_10,97,131,1
2023-05-02,Store_2,Product_1,57,90,0
2023-05-02,Store_2,Product_2,27,50,0
2023-05-02,Store_2,Product_3,110,125,0
2023-05-02,Store_2,Product_4,101,143,0
2023-05-02,Store_2,Product_5,62,72,0
2023-05-02,Store_2,Product_6,87,126,0
2023-05-02,Store_2,Product_7,92,153,0
2023-05-02,Store_2,Product_8,43,180,0
2023-05-02,Store_2,Product_9,63,186,0
2023-05-02,Store_2,Product_10,37,139,0
2023-05-02,Store_3,Product_1,80,100,0
2023-05-02,Store_3,Product_2,74,144,0
2023-05-02,Store_3,Product_3,115,89,0
2023-05-02,Store_3,Product_4,116,139,0
2023-05-02,Store_3,Product_5,36,178,0
2023-05-02,Store_3,Product_6,40,87,0
2023-05-02,Store_3,Product_7,68,124,0
2023-05-02,Store_3,Product_8,92,144,0
2023-05-02,Store_3,Product_9,48,157,0
2023-05-02,Store_3,Product_10,72,199,0
2023-05-02,Store_4,Product_1,107,180,0
2023-05-02,Store_4,Product_2,100,144,0
2023-05-02,Store_4,Product_3,96,131,0
2023-05-02,Store_4,Product_4,89,91,0
2023-05-02,Store_4,Product_5,104,60,0
2023-05-02,Store_4,Product_6,78,166,0
2023-05-02,Store_4,Product_7,92,142,1
2023-05-02,Store_4,Product_8,113,176,1
2023-05-02,Store_4,Product_9,45,137,0
2023-05-02,Store_4,Product_10,61,198,0
2023-05-02,Store_5,Product_1,33,179,0
2023-05-02,Store_5,Product_2,79,60,0
2023-05-02,Store_5,Product_3,104,93,0
2023-05-02,Store_5,Product_4,36,132,0
2023-05-02,Store_5,Product_5,43,120,0
2023-05-02,Store_5,Product_6,24,165,0
2023-05-02,Store_5,Product_7,36,168,1
2023-05-02,Store_5,Product_8,102,70,0
2023-05-02,Store_5,Product_9,32,143,0
2023-05-02,Store_5,Product_10,68,52,0
2023-05-03,Store_1,Product_1,81,98,0
2023-05-03,Store_1,Product_2,40,183,0
2023-05-03,Store_1,Product_3,54,58,0
2023-05-03,Store_1,Product_4,77,178,0
2023-05-03,Store_1,Product_5,91,75,0
2023-05-03,Store_1,Product_6,34,84,0
2023-05-03,Store_1,Product_7,59,149,0
2023-05-03,Store_1,Product_8,70,97,0
2023-05-03,Store_1,Product_9,65,133,0
2023-05-03,Store_1,Product_10,93,162,0
2023-05-03,Store_2,Product_1,53,57,0
2023-05-03,Store_2,Product_2,43,87,0
2023-05-03,Store_2,Product_3,97,121,0
2023-05-03,Store_2,Product_4,44,60,0
2023-05-03,Store_2,Product_5,66,101,0
2023-05-03,Store_2,Product_6,123,144,1
2023-05-03,Store_2,Product_7,41,143,1
2023-05-03,Store_2,Product_8,98,136,0
2023-05-03,Store_2,Product_9,88,127,0
2023-05-03,Store_2,Product_10,37,174,0
2023-05-03,Store_3,Product_1,87,173,0
2023-05-03,Store_3,Product_2,60,116,0
2023-05-03,Store_3,Product_3,96,61,0
2023-05-03,Store_3,Product_4,69,59,0
2023-05-03,Store_3,Product_5,75,132,0
2023-05-03,Store_3,Product_6,109,54,1
2023-05-03,Store_3,Product_7,58,121,0
2023-05-03,Store_3,Product_8,101,176,0
2023-05-03,Store_3,Product_9,55,180,0
2023-05-03,Store_3,Product_10,38,101,0
2023-05-03,Store_4,Product_1,99,170,1
2023-05-03,Store_4,Product_2,45,150,0
2023-05-03,Store_4,Product_3,89,121,0
2023-05-03,Store_4,Product_4,72,148,0
2023-05-03,Store_4,Product_5,60,163,1
2023-05-03,Store_4,Product_6,98,59,0
2023-05-03,Store_4,Product_7,67,94,0
2023-05-03,Store_4,Product_8,64,133,1
2023-05-03,Store_4,Product_9,89,163,1
2023-05-03,Store_4,Product_10,79,145,0
2023-05-03,Store_5,Product_1,105,185,0
2023-05-03,Store_5,Product_2,101,66,1
2023-05-03,Store_5,Product_3,98,98,0
2023-05-03,Store_5,Product_4,75,81,0
2023-05-03,Store_5,Product_5,127,100,1
2023-05-03,Store_5,Product_6,118,99,1
2023-05-03,Store_5,Product_7,95,125,1
2023-05-03,Store_5,Product_8,88,105,0
2023-05-03,Store_5,Product_9,57,161,0
2023-05-03,Store_5,Product_10,62,192,0
2023-05-04,Store_1,Product_1,77,128,0
2023-05-04,Store_1,Product_2,71,55,1
2023-05-04,Store_1,Product_3,87,111,0
2023-05-04,Store_1,Product_4,83,112,1
2023-05-04,Store_1,Product_5,34,175,0
2023-05-04,Store_1,Product_6,56,199,0
2023-05-04,Store_1,Product_7,40,80,0
2023-05-04,Store_1,Product_8,51,155,0
2023-05-04,Store_1,Product_9,64,182,0
2023-05-04,Store_1,Product_10,68,157,0
2023-05-04,Store_2,Product_1,23,152,1
2023-05-04,Store_2,Product_2,108,158,0
2023-05-04,Store_2,Product_3,32,172,0
2023-05-04,Store_2,Product_4,63,152,0
2023-05-04,Store_2,Product_5,48,188,1
2023-05-04,Store_2,Product_6,69,132,1
2023-05-04,Store_2,Product_7,89,140,0
2023-05-04,Store_2,Product_8,66,88,0
2023-05-04,Store_2,Product_9,25,113,0
2023-05-04,Store_2,Product_10,91,131,0
2023-05-04,Store_3,Product_1,47,103,0
2023-05-04,Store_3,Product_2,103,128,0
2023-05-04,Store_3,Product_3,49,126,0
2023-05-04,Store_3,Product_4,91,155,0
2023-05-04,Store_3,Product_5,64,113,0
2023-05-04,Store_3,Product_6,106,139,1
2023-05-04,Store_3,Product_7,133,187,1
2023-05-04,Store_3,Product_8,43,182,0
2023-05-04,Store_3,Product_9,35,147,0
2023-05-04,Store_3,Product_10,77,195,0
2023-05-04,Store_4,Product_1,88,54,1
2023-05-04,Store_4,Product_2,30,148,0
2023-05-04,Store_4,Product_3,103,97,0
2023-05-04,Store_4,Product_4,79,169,0
2023-05-04,Store_4,Product_5,51,91,1
2023-05-04,Store_4,Product_6,71,75,0
2023-05-04,Store_4,Product_7,96,136,1
2023-05-04,Store_4,Product_8,67,122,0
2023-05-04,Store_4,Product_9,22,87,0
2023-05-04,Store_4,Product_10,101,135,0
2023-05-04,Store_5,Product_1,84,102,0
2023-05-04,Store_5,Product_2,106,78,0
2023-05-04,Store_5,Product_3,54,116,0
2023-05-04,Store_5,Product_4,102,79,0
2023-05-04,Store_5,Product_5,94,66,0
2023-05-04,Store_5,Product_6,28,88,0
2023-05-04,Store_5,Product_7,66,153,0
2023-05-04,Store_5,Product_8,109,151,0
2023-05-04,Store_5,Product_9,117,185,1
2023-05-04,Store_5,Product_10,59,56,1
2023-05-05,Store_1,Product_1,78,146,0
2023-05-05,Store_1,Product_2,109,52,0
2023-05-05,Store_1,Product_3,55,66,0
2023-05-05,Store_1,Product_4,104,160,1
2023-05-05,Store_1,Product_5,97,74,0
2023-05-05,Store_1,Product_6,79,172,0
2023-05-05,Store_1,Product_7,23,56,0
2023-05-05,Store_1,Product_8,39,147,0
2023-05-05,Store_1,Product_9,80,151,0
2023-05-05,Store_1,Product_10,80,50,0
2023-05-05,Store_2,Product_1,54,63,0
2023-05-05,Store_2,Product_2,60,131,0
2023-05-05,Store_2,Product_3,44,82,0
2023-05-05,Store_2,Product_4,28,172,0
2023-05-05,Store_2,Product_5,45,79,0
2023-05-05,Store_2,Product_6,131,55,1
2023-05-05,Store_2,Product_7,68,134,0
2023-05-05,Store_2,Product_8,72,137,1
2023-05-05,Store_2,Product_9,48,64,1
2023-05-05,Store_2,Product_10,63,164,1
2023-05-05,Store_3,Product_1,96,113,1
2023-05-05,Store_3,Product_2,84,86,0
2023-05-05,Store_3,Product_3,117,98,1
2023-05-05,Store_3,Product_4,102,142,0
2023-05-05,Store_3,Product_5,93,188,1
2023-05-05,Store_3,Product_6,113,62,1
2023-05-05,Store_3,Product_7,92,104,0
2023-05-05,Store_3,Product_8,57,173,0
2023-05-05,Store_3,Product_9,75,77,0
2023-05-05,Store_3,Product_10,98,56,1
2023-05-05,Store_4,Product_1,78,73,0
2023-05-05,Store_4,Product_2,112,52,0
2023-05-05,Store_4,Product_3,40,189,0
2023-05-05,Store_4,Product_4,58,92,0
2023-05-05,Store_4,Product_5,41,84,0
2023-05-05,Store_4,Product_6,102,60,0
2023-05-05,Store_4,Product_7,77,171,0
2023-05-05,Store_4,Product_8,126,189,1
2023-05-05,Store_4,Product_9,56,59,0
2023-05-05,Store_4,Product_10,56,60,0
2023-05-05,Store_5,Product_1,57,81,0
2023-05-05,Store_5,Product_2,34,107,0
2023-05-05,Store_5,Product_3,48,78,0
2023-05-05,Store_5,Product_4,36,107,0
2023-05-05,Store_5,Product_5,34,166,0
2023-05-05,Store_5,Product_6,43,135,0
2023-05-05,Store_5,Product_7,42,177,0
2023-05-05,Store_5,Product_8,45,144,0
2023-05-05,Store_5,Product_9,108,126,0
2023-05-05,Store_5,Product_10,59,151,0
2023-05-06,Store_1,Product_1,108,135,1
2023-05-06,Store_1,Product_2,81,90,0
2023-05-06,Store_1,Product_3,40,158,0
2023-05-06,Store_1,Product_4,28,56,0
2023-05-06,Store_1,Product_5,80,68,0
2023-05-06,Store_1,Product_6,103,78,1
2023-05-06,Store_1,Product_7,71,196,0
2023-05-06,Store_1,Product_8,66,162,0
2023-05-06,Store_1,Product_9,58,66,0
2023-05-06,Store_1,Product_10,40,177,0
2023-05-06,Store_2,Product_1,48,168,0
2023-05-06,Store_2,Product_2,71,116,0
2023-05-06,Store_2,Product_3,93,139,0
2023-05-06,Store_2,Product_4,69,56,0
2023-05-06,Store_2,Product_5,95,104,0
2023-05-06,Store_2,Product_6,105,126,0
2023-05-06,Store_2,Product_7,66,191,0
2023-05-06,Store_2,Product_8,73,134,0
2023-05-06,Store_2,Product_9,53,107,0
2023-05-06,Store_2,Product_10,104,88,0
2023-05-06,Store_3,Product_1,76,192,0
2023-05-06,Store_3,Product_2,58,154,0
2023-05-06,Store_3,Product_3,128,198,1
2023-05-06,Store_3,Product_4,83,114,0
2023-05-06,Store_3,Product_5,95,90,0
2023-05-06,Store_3,Product_6,43,74,1
2023-05-06,Store_3,Product_7,37,52,1
2023-05-06,Store_3,Product_8,47,153,0
2023-05-06,Store_3,Product_9,65,52,0
2023-05-06,Store_3,Product_10,78,167,0
2023-05-06,Store_4,Product_1,50,161,0
2023-05-06,Store_4,Product_2,91,115,0
2023-05-06,Store_4,Product_3,48,70,0
2023-05-06,Store_4,Product_4,62,192,0
2023-05-06,Store_4,Product_5,65,128,0
2023-05-06,Store_4,Product_6,46,189,0
2023-05-06,Store_4,Product_7,98,68,1
2023-05-06,Store_4,Product_8,29,59,0
2023-05-06,Store_4,Product_9,38,143,0
2023-05-06,Store_4,Product_10,70,118,0
2023-05-06,Store_5,Product_1,72,123,0
2023-05-06,Store_5,Product_2,59,149,0
2023-05-06,Store_5,Product_3,30,170,0
2023-05-06,Store_5,Product_4,26,97,0
2023-05-06,Store_5,Product_5,109,61,0
2023-05-06,Store_5,Product_6,82,70,1
2023-05-06,Store_5,Product_7,103,108,0
2023-05-06,Store_5,Product_8,80,165,0
2023-05-06,Store_5,Product_9,91,86,0
2023-05-06,Store_5,Product_10,115,191,0
2023-05-07,Store_1,Product_1,103,69,1
2023-05-07,Store_1,Product_2,76,157,0
2023-05-07,Store_1,Product_3,104,174,0
2023-05-07,Store_1,Product_4,81,107,1
2023-05-07,Store_1,Product_5,40,190,0
2023-05-07,Store_1,Product_6,46,159,0
2023-05-07,Store_1,Product_7,61,108,0
2023-05-07,Store_1,Product_8,46,92,1
2023-05-07,Store_1,Product_9,79,161,0
2023-05-07,Store_1,Product_10,94,184,0
2023-05-07,Store_2,Product_1,21,177,0
2023-05-07,Store_2,Product_2,85,52,0
2023-05-07,Store_2,Product_3,22,161,0
2023-05-07,Store_2,Product_4,64,128,0
2023-05-07,Store_2,Product_5,96,162,0
2023-05-07,Store_2,Product_6,56,122,0
2023-05-07,Store_2,Product_7,84,123,1
2023-05-07,Store_2,Product_8,38,109,0
2023-05-07,Store_2,Product_9,54,132,0
2023-05-07,Store_2,Product_10,65,85,0
2023-05-07,Store_3,Product_1,62,119,0
2023-05-07,Store_3,Product_2,68,71,1
2023-05-07,Store_3,Product_3,66,87,0
2023-05-07,Store_3,Product_4,41,182,0
2023-05-07,Store_3,Product_5,33,123,0
2023-05-07,Store_3,Product_6,107,170,1
2023-05-07,Store_3,Product_7,72,52,0
2023-05-07,Store_3,Product_8,106,65,0
2023-05-07,Store_3,Product_9,92,185,0
2023-05-07,Store_3,Product_10,45,107,0
2023-05-07,Store_4,Product_1,75,154,0
2023-05-07,Store_4,Product_2,19,172,0
2023-05-07,Store_4,Product_3,46,196,0
2023-05-07,Store_4,Product_4,56,55,0
2023-05-07,Store_4,Product_5,66,97,0
2023-05-07,Store_4,Product_6,53,126,0
2023-05-07,Store_4,Product_7,107,74,0
2023-05-07,Store_4,Product_8,50,74,1
2023-05-07,Store_4,Product_9,65,79,1
2023-05-07,Store_4,Product_10,58,126,0
2023-05-07,Store_5,Product_1,100,144,0
2023-05-07,Store_5,Product_2,65,56,0
2023-05-07,Store_5,Product_3,35,82,0
2023-05-07,Store_5,Product_4,69,171,0
2023-05-07,Store_5,Product_5,66,85,0
2023-05-07,Store_5,Product_6,69,174,0
2023-05-07,Store_5,Product_7,95,190,0
2023-05-07,Store_5,Product_8,95,139,1
2023-05-07,Store_5,Product_9,53,77,0
2023-05-07,Store_5,Product_10,88,194,0
2023-05-08,Store_1,Product_1,53,62,0
2023-05-08,Store_1,Product_2,39,176,1
2023-05-08,Store_1,Product_3,103,127,0
2023-05-08,Store_1,Product_4,118,125,0
2023-05-08,Store_1,Product_5,98,132,0
2023-05-08,Store_1,Product_6,45,132,1
2023-05-08,Store_1,Product_7,46,147,0
2023-05-08,Store_1,Product_8,95,86,0
2023-05-08,Store_1,Product_9,45,89,0
2023-05-08,Store_1,Product_10,87,60,0
2023-05-08,Store_2,Product_1,51,141,0
2023-05-08,Store_2,Product_2,89,61,0
2023-05-08,Store_2,Product_3,97,156,0
2023-05-08,Store_2,Product_4,50,167,1
2023-05-08,Store_2,Product_5,103,87,0
2023-05-08,Store_2,Product_6,78,135,0
2023-05-08,Store_2,Product_7,26,173,0
2023-05-08,Store_2,Product_8,79,84,0
2023-05-08,Store_2,Product_9,41,104,0
2023-05-08,Store_2,Product_10,41,77,0
2023-05-08,Store_3,Product_1,75,123,0
2023-05-08,Store_3,Product_2,86,87,1
2023-05-08,Store_3,Product_3,89,110,0
2023-05-08,Store_3,Product_4,106,96,0
2023-05-08,Store_3,Product_5,86,74,0
2023-05-08,Store_3,Product_6,61,60,0
2023-05-08,Store_3,Product_7,51,57,0
2023-05-08,Store_3,Product_8,84,116,1
2023-05-08,Store_3,Product_9,72,104,0
2023-05-08,Store_3,Product_10,43,107,1
2023-05-08,Store_4,Product_1,105,167,0
2023-05-08,Store_4,Product_2,105,171,0
2023-05-08,Store_4,Product_3,35,176,0
2023-05-08,Store_4,Product_4,50,90,0
2023-05-08,Store_4,Product_5,65,74,0
2023-05-08,Store_4,Product_6,63,141,0
2023-05-08,Store_4,Product_7,77,181,0
2023-05-08,Store_4,Product_8,55,127,0
2023-05-08,Store_4,Product_9,36,108,0
2023-05-08,Store_4,Product_10,51,128,0
2023-05-08,Store_5,Product_1,114,151,0
2023-05-08,Store_5,Product_2,60,115,0
2023-05-08,Store_5,Product_3,62,177,1
2023-05-08,Store_5,Product_4,99,136,0
2023-05-08,Store_5,Product_5,67,107,1
2023-05-08,Store_5,Product_6,101,147,0
2023-05-08,Store_5,Product_7,69,132,0
2023-05-08,Store_5,Product_8,83,184,0
2023-05-08,Store_5,Product_9,53,140,0
2023-05-08,Store_5,Product_10,30,195,0
2023-05-09,Store_1,Product_1,124,189,1
2023-05-09,Store_1,Product_2,49,140,0
2023-05-09,Store_1,Product_3,72,176,0
2023-05-09,Store_1,Product_4,99,55,1
2023-05-09,Store_1,Product_5,60,186,0
2023-05-09,Store_1,Product_6,25,75,0
2023-05-09,Store_1,Product_7,28,53,0
2023-05-09,Store_1,Product_8,31,155,0
2023-05-09,Store_1,Product_9,120,142,1
2023-05-09,Store_1,Product_10,35,99,0
2023-05-09,Store_2,Product_1,108,197,0
2023-05-09,Store_2,Product_2,107,65,0
2023-05-09,Store_2,Product_3,47,136,0
2023-05-09,Store_2,Product_4,40,156,0
2023-05-09,Store_2,Product_5,94,136,0
2023-05-09,Store_2,Product_6,77,62,0
2023-05-09,Store_2,Product_7,101,93,0
2023-05-09,Store_2,Product_8,39,73,0
2023-05-09,Store_2,Product_9,103,148,0
2023-05-09,Store_2,Product_10,78,95,0
2023-05-09,Store_3,Product_1,42,186,0
2023-05-09,Store_3,Product_2,50,194,0
2023-05-09,Store_3,Product_3,87,82,1
2023-05-09,Store_3,Product_4,63,161,1
2023-05-09,Store_3,Product_5,74,133,0
2023-05-09,Store_3,Product_6,51,167,0
2023-05-09,Store_3,Product_7,92,113,0
2023-05-09,Store_3,Product_8,53,110,0
2023-05-09,Store_3,Product_9,41,155,1
2023-05-09,Store_3,Product_10,100,145,0
2023-05-09,Store_4,Product_1,91,105,0
2023-05-09,Store_4,Product_2,83,84,0
2023-05-09,Store_4,Product_3,58,150,0
2023-05-09,Store_4,Product_4,27,155,0
2023-05-09,Store_4,Product_5,52,96,0
2023-05-09,Store_4,Product_6,80,142,0
2023-05-09,Store_4,Product_7,81,198,0
2023-05-09,Store_4,Product_8,24,94,0
2023-05-09,Store_4,Product_9,64,196,0
2023-05-09,Store_4,Product_10,71,149,0
2023-05-09,Store_5,Product_1,60,124,0
2023-05-09,Store_5,Product_2,62,188,0
2023-05-09,Store_5,Product_3,63,176,0
2023-05-09,Store_5,Product_4,71,199,1
2023-05-09,Store_5,Product_5,108,168,0
2023-05-09,Store_5,Product_6,107,137,0
2023-05-09,Store_5,Product_7,78,150,0
2023-05-09,Store_5,Product_8,46,184,1
2023-05-09,Store_5,Product_9,53,177,0
2023-05-09,Store_5,Product_10,64,105,0
2023-05-10,Store_1,Product_1,132,84,1
2023-05-10,Store_1,Product_2,53,190,0
2023-05-10,Store_1,Product_3,39,77,0
2023-05-10,Store_1,Product_4,82,151,0
2023-05-10,Store_1,Product_5,71,179,0
2023-05-10,Store_1,Product_6,44,155,0
2023-05-10,Store_1,Product_7,84,71,0
2023-05-10,Store_1,Product_8,29,133,0
2023-05-10,Store_1,Product_9,104,123,0
2023-05-10,Store_1,Product_10,56,128,0
2023-05-10,Store_2,Product_1,97,158,0
2023-05-10,Store_2,Product_2,44,174,0
2023-05-10,Store_2,Product_3,37,179,0
2023-05-10,Store_2,Product_4,36,119,0
2023-05-10,Store_2,Product_5,92,198,0
2023-05-10,Store_2,Product_6,54,131,0
2023-05-10,Store_2,Product_7,116,148,1
2023-05-10,Store_2,Product_8,35,89,0
2023-05-10,Store_2,Product_9,67,93,0
2023-05-10,Store_2,Product_10,79,183,0
2023-05-10,Store_3,Product_1,96,167,0
2023-05-10,Store_3,Product_2,67,146,1
2023-05-10,Store_3,Product_3,96,146,0
2023-05-10,Store_3,Product_4,53,115,0
2023-05-10,Store_3,Product_5,49,109,0
2023-05-10,Store_3,Product_6,55,190,0
2023-05-10,Store_3,Product_7,52,138,1
2023-05-10,Store_3,Product_8,81,148,0
2023-05-10,Store_3,Product_9,61,60,0
2023-05-10,Store_3,Product_10,100,74,0
2023-05-10,Store_4,Product_1,85,103,0
2023-05-10,Store_4,Product_2,97,69,0
2023-05-10,Store_4,Product_3,76,56,0
2023-05-10,Store_4,Product_4,40,152,0
2023-05-10,Store_4,Product_5,92,152,0
2023-05-10,Store_4,Product_6,67,141,0
2023-05-10,Store_4,Product_7,69,113,0
2023-05-10,Store_4,Product_8,83,156,0
2023-05-10,Store_4,Product_9,86,144,0
2023-05-10,Store_4,Product_10,42,190,0
2023-05-10,Store_5,Product_1,58,53,0
2023-05-10,Store_5,Product_2,52,156,0
2023-05-10,Store_5,Product_3,88,98,0
2023-05-10,Store_5,Product_4,31,78,0
2023-05-10,Store_5,Product_5,29,161,0
2023-05-10,Store_5,Product_6,78,76,0
2023-05-10,Store_5,Product_7,52,141,0
2023-05-10,Store_5,Product_8,119,120,1
2023-05-10,Store_5,Product_9,108,195,0
2023-05-10,Store_5,Product_10,76,172,0
2023-05-11,Store_1,Product_1,65,129,0
2023-05-11,Store_1,Product_2,29,199,0
2023-05-11,Store_1,Product_3,79,55,0
2023-05-11,Store_1,Product_4,76,50,0
2023-05-11,Store_1,Product_5,73,127,0
2023-05-11,Store_1,Product_6,71,196,0
2023-05-11,Store_1,Product_7,81,94,0
2023-05-11,Store_1,Product_8,27,144,0
2023-05-11,Store_1,Product_9,81,161,0
2023-05-11,Store_1,Product_10,80,90,0
2023-05-11,Store_2,Product_1,35,83,0
2023-05-11,Store_2,Product_2,94,134,0
2023-05-11,Store_2,Product_3,40,95,0
2023-05-11,Store_2,Product_4,26,115,0
2023-05-11,Store_2,Product_5,27,177,0
2023-05-11,Store_2,Product_6,97,146,0
2023-05-11,Store_2,Product_7,66,80,0
2023-05-11,Store_2,Product_8,66,101,0
2023-05-11,Store_2,Product_9,32,56,0
2023-05-11,Store_2,Product_10,65,76,1
2023-05-11,Store_3,Product_1,46,163,0
2023-05-11,Store_3,Product_2,72,148,0
2023-05-11,Store_3,Product_3,76,87,0
2023-05-11,Store_3,Product_4,37,77,0
2023-05-11,Store_3,Product_5,31,83,0
2023-05-11,Store_3,Product_6,99,190,0
2023-05-11,Store_3,Product_7,75,115,0
2023-05-11,Store_3,Product_8,40,150,0
2023-05-11,Store_3,Product_9,64,69,0
2023-05-11,Store_3,Product_10,60,52,0
2023-05-11,Store_4,Product_1,92,95,0
2023-05-11,Store_4,Product_2,72,89,0
2023-05-11,Store_4,Product_3,63,59,1
2023-05-11,Store_4,Product_4,94,55,0
2023-05-11,Store_4,Product_5,65,116,0
2023-05-11,Store_4,Product_6,85,153,0
2023-05-11,Store_4,Product_7,26,155,0
2023-05-11,Store_4,Product_8,91,95,0
2023-05-11,Store_4,Product_9,61,59,0
2023-05-11,Store_4,Product_10,103,76,1
2023-05-11,Store_5,Product_1,75,112,0
2023-05-11,Store_5,Product_2,97,123,1
2023-05-11,Store_5,Product_3,73,180,0
2023-05-11,Store_5,Product_4,60,54,0
2023-05-11,Store_5,Product_5,63,70,0
2023-05-11,Store_5,Product_6,64,73,0
2023-05-11,Store_5,Product_7,59,174,1
2023-05-11,Store_5,Product_8,84,163,0
2023-05-11,Store_5,Product_9,98,157,1
2023-05-11,Store_5,Product_10,71,143,0
2023-05-12,Store_1,Product_1,80,171,1
2023-05-12,Store_1,Product_2,80,190,0
2023-05-12,Store_1,Product_3,40,180,0
2023-05-12,Store_1,Product_4,43,148,1
2023-05-12,Store_1,Product_5,55,65,1
2023-05-12,Store_1,Product_6,98,85,1
2023-05-12,Store_1,Product_7,74,173,0
2023-05-12,Store_1,Product_8,55,152,0
2023-05-12,Store_1,Product_9,78,126,0
2023-05-12,Store_1,Product_10,110,160,1
2023-05-12,Store_2,Product_1,60,167,0
2023-05-12,Store_2,Product_2,86,64,0
2023-05-12,Store_2,Product_3,25,122,0
2023-05-12,Store_2,Product_4,81,120,0
2023-05-12,Store_2,Product_5,108,126,1
2023-05-12,Store_2,Product_6,85,157,1
2023-05-12,Store_2,Product_7,56,168,0
2023-05-12,Store_2,Product_8,62,71,1
2023-05-12,Store_2,Product_9,87,156,1
2023-05-12,Store_2,Product_10,34,103,0
2023-05-12,Store_3,Product_1,118,181,1
2023-05-12,Store_3,Product_2,98,198,1
2023-05-12,Store_3,Product_3,91,62,1
2023-05-12,Store_3,Product_4,67,157,0
2023-05-12,Store_3,Product_5,66,123,0
2023-05-12,Store_3,Product_6,102,81,1
2023-05-12,Store_3,Product_7,93,102,1
2023-05-12,Store_3,Product_8,93,71,0
2023-05-12,Store_3,Product_9,97,122,1
2023-05-12,Store_3,Product_10,101,135,0
2023-05-12,Store_4,Product_1,30,121,0
2023-05-12,Store_4,Product_2,97,102,0
2023-05-12,Store_4,Product_3,73,64,0
2023-05-12,Store_4,Product_4,46,67,1
2023-05-12,Store_4,Product_5,102,124,0
2023-05-12,Store_4,Product_6,110,64,1
2023-05-12,Store_4,Product_7,115,84,1
2023-05-12,Store_4,Product_8,80,175,0
2023-05-12,Store_4,Product_9,63,101,0
2023-05-12,Store_4,Product_10,88,180,0
2023-05-12,Store_5,Product_1,64,129,0
2023-05-12,Store_5,Product_2,24,166,0
2023-05-12,Store_5,Product_3,89,134,1
2023-05-12,Store_5,Product_4,38,177,0
2023-05-12,Store_5,Product_5,47,97,0
2023-05-12,Store_5,Product_6,60,141,0
2023-05-12,Store_5,Product_7,69,109,0
2023-05-12,Store_5,Product_8,46,196,0
2023-05-12,Store_5,Product_9,106,128,0
2023-05-12,Store_5,Product_10,103,136,0
2023-05-13,Store_1,Product_1,56,62,0
2023-05-13,Store_1,Product_2,41,173,0
2023-05-13,Store_1,Product_3,99,149,1
2023-05-13,Store_1,Product_4,86,70,0
2023-05-13,Store_1,Product_5,130,101,1
2023-05-13,Store_1,Product_6,52,128,0
2023-05-13,Store_1,Product_7,37,194,0
2023-05-13,Store_1,Product_8,44,121,0
2023-05-13,Store_1,Product_9,101,91,0
2023-05-13,Store_1,Product_10,47,128,1
2023-05-13,Store_2,Product_1,65,144,0
2023-05-13,Store_2,Product_2,84,136,0
2023-05-13,Store_2,Product_3,42,59,0
2023-05-13,Store_2,Product_4,75,160,0
2023-05-13,Store_2,Product_5,108,102,0
2023-05-13,Store_2,Product_6,51,155,0
2023-05-13,Store_2,Product_7,95,142,0
2023-05-13,Store_2,Product_8,58,56,0
2023-05-13,Store_2,Product_9,102,79,0
2023-05-13,Store_2,Product_10,45,126,0
2023-05-13,Store_3,Product_1,39,87,0
2023-05-13,Store_3,Product_2,63,89,0
2023-05-13,Store_3,Product_3,33,77,0
2023-05-13,Store_3,Product_4,76,74,1
2023-05-13,Store_3,Product_5,69,151,0
2023-05-13,Store_3,Product_6,92,118,0
2023-05-13,Store_3,Product_7,17,176,0
2023-05-13,Store_3,Product_8,74,165,1
2023-05-13,Store_3,Product_9,54,114,0
2023-05-13,Store_3,Product_10,62,139,0
2023-05-13,Store_4,Product_1,57,161,1
2023-05-13,Store_4,Product_2,51,188,0
2023-05-13,Store_4,Product_3,52,173,0
2023-05-13,Store_4,Product_4,53,160,0
2023-05-13,Store_4,Product_5,104,65,0
2023-05-13,Store_4,Product_6,95,182,0
2023-05-13,Store_4,Product_7,66,105,0
2023-05-13,Store_4,Product_8,48,187,0
2023-05-13,Store_4,Product_9,125,118,1
2023-05-13,Store_4,Product_10,35,133,0
2023-05-13,Store_5,Product_1,87,116,0
2023-05-13,Store_5,Product_2,125,193,1
2023-05-13,Store_5,Product_3,62,134,1
2023-05-13,Store_5,Product_4,95,101,1
2023-05-13,Store_5,Product_5,48,52,1
2023-05-13,Store_5,Product_6,32,186,0
2023-05-13,Store_5,Product_7,59,76,0
2023-05-13,Store_5,Product_8,77,130,0
2023-05-13,Store_5,Product_9,43,184,0
2023-05-13,Store_5,Product_10,96,135,0
2023-05-14,Store_1,Product_1,77,66,0
2023-05-14,Store_1,Product_2,41,144,0
2023-05-14,Store_1,Product_3,35,84,0
2023-05-14,Store_1,Product_4,109,112,0
2023-05-14,Store_1,Product_5,56,164,0
2023-05-14,Store_1,Product_6,39,167,1
2023-05-14,Store_1,Product_7,61,196,0
2023-05-14,Store_1,Product_8,87,167,0
2023-05-14,Store_1,Product_9,93,160,0
2023-05-14,Store_1,Product_10,80,156,0
2023-05-14,Store_2,Product_1,89,188,0
2023-05-14,Store_2,Product_2,72,85,0
2023-05-14,Store_2,Product_3,87,189,0
2023-05-14,Store_2,Product_4,32,93,1
2023-05-14,Store_2,Product_5,103,145,0
2023-05-14,Store_2,Product_6,75,82,1
2023-05-14,Store_2,Product_7,41,56,0
2023-05-14,Store_2,Product_8,81,83,0
2023-05-14,Store_2,Product_9,46,173,0
2023-05-14,Store_2,Product_10,88,61,0
2023-05-14,Store_3,Product_1,102,57,0
2023-05-14,Store_3,Product_2,72,130,0
2023-05-14,Store_3,Product_3,35,75,0
2023-05-14,Store_3,Product_4,122,165,1
2023-05-14,Store_3,Product_5,54,79,0
2023-05-14,Store_3,Product_6,94,81,0
2023-05-14,Store_3,Product_7,75,84,0
2023-05-14,Store_3,Product_8,101,185,0
2023-05-14,Store_3,Product_9,82,153,0
2023-05-14,Store_3,Product_10,57,118,1
2023-05-14,Store_4,Product_1,67,119,1
2023-05-14,Store_4,Product_2,104,163,1
2023-05-14,Store_4,Product_3,65,147,0
2023-05-14,Store_4,Product_4,67,164,0
2023-05-14,Store_4,Product_5,32,183,0
2023-05-14,Store_4,Product_6,99,171,0
2023-05-14,Store_4,Product_7,58,107,0
2023-05-14,Store_4,Product_8,95,66,0
2023-05-14,Store_4,Product_9,91,129,0
2023-05-14,Store_4,Product_10,95,156,0
2023-05-14,Store_5,Product_1,56,170,0
2023-05-14,Store_5,Product_2,93,187,0
2023-05-14,Store_5,Product_3,35,67,0
2023-05-14,Store_5,Product_4,52,157,1
2023-05-14,Store_5,Product_5,55,168,0
2023-05-14,Store_5,Product_6,37,123,0
2023-05-14,Store_5,Product_7,50,120,0
2023-05-14,Store_5,Product_8,82,163,0
2023-05-14,Store_5,Product_9,38,67,0
2023-05-14,Store_5,Product_10,88,73,0
2023-05-15,Store_1,Product_1,93,192,0
2023-05-15,Store_1,Product_2,35,105,0
2023-05-15,Store_1,Product_3,107,69,0
2023-05-15,Store_1,Product_4,89,178,0
2023-05-15,Store_1,Product_5,98,73,0
2023-05-15,Store_1,Product_6,96,156,0
2023-05-15,Store_1,Product_7,54,106,0
2023-05-15,Store_1,Product_8,88,149,0
2023-05-15,Store_1,Product_9,36,122,1
2023-05-15,Store_1,Product_10,69,54,0
2023-05-15,Store_2,Product_1,51,109,0
2023-05-15,Store_2,Product_2,80,176,0
2023-05-15,Store_2,Product_3,93,114,0
2023-05-15,Store_2,Product_4,71,57,0
2023-05-15,Store_2,Product_5,47,164,0
2023-05-15,Store_2,Product_6,93,143,0
2023-05-15,Store_2,Product_7,47,162,0
2023-05-15,Store_2,Product_8,89,158,1
2023-05-15,Store_2,Product_9,34,107,0
2023-05-15,Store_2,Product_10,68,104,0
2023-05-15,Store_3,Product_1,98,190,0
2023-05-15,Store_3,Product_2,59,104,0
2023-05-15,Store_3,Product_3,92,71,0
2023-05-15,Store_3,Product_4,40,113,1
2023-05-15,Store_3,Product_5,80,154,1
2023-05-15,Store_3,Product_6,70,145,0
2023-05-15,Store_3,Product_7,31,188,0
2023-05-15,Store_3,Product_8,107,78,1
2023-05-15,Store_3,Product_9,27,140,0
2023-05-15,Store_3,Product_10,37,146,0
2023-05-15,Store_4,Product_1,33,163,0
2023-05-15,Store_4,Product_2,55,89,0
2023-05-15,Store_4,Product_3,50,177,0
2023-05-15,Store_4,Product_4,52,163,0
2023-05-15,Store_4,Product_5,42,51,0
2023-05-15,Store_4,Product_6,80,153,0
2023-05-15,Store_4,Product_7,84,138,0
2023-05-15,Store_4,Product_8,94,63,0
2023-05-15,Store_4,Product_9,57,159,0
2023-05-15,Store_4,Product_10,58,102,0
2023-05-15,Store_5,Product_1,74,152,0
2023-05-15,Store_5,Product_2,34,114,0
2023-05-15,Store_5,Product_3,32,128,0
2023-05-15,Store_5,Product_4,88,53,0
2023-05-15,Store_5,Product_5,85,51,0
2023-05-15,Store_5,Product_6,46,119,0
2023-05-15,Store_5,Product_7,91,165,0
2023-05-15,Store_5,Product_8,125,130,1
2023-05-15,Store_5,Product_9,75,184,0
2023-05-15,Store_5,Product_10,76,68,0
2023-05-16,Store_1,Product_1,89,145,0
2023-05-16,Store_1,Product_2,57,67,0
2023-05-16,Store_1,Product_3,103,165,0
2023-05-16,Store_1,Product_4,32,154,0
2023-05-16,Store_1,Product_5,89,139,0
2023-05-16,Store_1,Product_6,50,156,0
2023-05-16,Store_1,Product_7,47,168,0
2023-05-16,Store_1,Product_8,33,186,0
2023-05-16,Store_1,Product_9,91,68,0
2023-05-16,Store_1,Product_10,87,150,0
2023-05-16,Store_2,Product_1,89,156,0
2023-05-16,Store_2,Product_2,68,197,1
2023-05-16,Store_2,Product_3,100,83,0
2023-05-16,Store_2,Product_4,85,59,0
2023-05-16,Store_2,Product_5,107,84,0
2023-05-16,Store_2,Product_6,95,101,1
2023-05-16,Store_2,Product_7,78,84,0
2023-05-16,Store_2,Product_8,49,51,0
2023-05-16,Store_2,Product_9,42,103,0
2023-05-16,Store_2,Product_10,58,185,0
2023-05-16,Store_3,Product_1,57,86,0
2023-05-16,Store_3,Product_2,36,143,0
2023-05-16,Store_3,Product_3,102,63,0
2023-05-16,Store_3,Product_4,114,59,1
2023-05-16,Store_3,Product_5,69,63,0
2023-05-16,Store_3,Product_6,52,145,0
2023-05-16,Store_3,Product_7,35,145,0
2023-05-16,Store_3,Product_8,22,175,0
2023-05-16,Store_3,Product_9,31,157,0
2023-05-16,Store_3,Product_10,59,136,0
2023-05-16,Store_4,Product_1,54,121,0
2023-05-16,Store_4,Product_2,70,78,0
2023-05-16,Store_4,Product_3,71,128,0
2023-05-16,Store_4,Product_4,35,180,0
2023-05-16,Store_4,Product_5,108,69,1
2023-05-16,Store_4,Product_6,23,88,0
2023-05-16,Store_4,Product_7,107,86,0
2023-05-16,Store_4,Product_8,95,85,0
2023-05-16,Store_4,Product_9,55,151,1
2023-05-16,Store_4,Product_10,49,56,1
2023-05-16,Store_5,Product_1,49,190,0
2023-05-16,Store_5,Product_2,81,69,0
2023-05-16,Store_5,Product_3,85,54,0
2023-05-16,Store_5,Product_4,48,124,0
2023-05-16,Store_5,Product_5,41,63,0
2023-05-16,Store_5,Product_6,97,51,0
2023-05-16,Store_5,Product_7,35,148,0
2023-05-16,Store_5,Product_8,62,165,1
2023-05-16,Store_5,Product_9,82,72,0
2023-05-16,Store_5,Product_10,67,179,0
2023-05-17,Store_1,Product_1,58,123,0
2023-05-17,Store_1,Product_2,35,96,0
2023-05-17,Store_1,Product_3,65,95,0
2023-05-17,Store_1,Product_4,66,72,0
2023-05-17,Store_1,Product_5,90,144,1
2023-05-17,Store_1,Product_6,45,193,0
2023-05-17,Store_1,Product_7,57,84,0
2023-05-17,Store_1,Product_8,61,125,0
2023-05-17,Store_1,Product_9,74,154,0
2023-05-17,Store_1,Product_10,59,153,0
2023-05-17,Store_2,Product_1,96,73,0
2023-05-17,Store_2,Product_2,84,141,1
2023-05-17,Store_2,Product_3,99,102,0
2023-05-17,Store_2,Product_4,78,195,0
2023-05-17,Store_2,Product_5,118,186,1
2023-05-17,Store_2,Product_6,95,133,0
2023-05-17,Store_2,Product_7,48,62,0
2023-05-17,Store_2,Product_8,61,136,0
2023-05-17,Store_2,Product_9,91,122,1
2023-05-17,Store_2,Product_10,89,74,0
2023-05-17,Store_3,Product_1,37,159,0
2023-05-17,Store_3,Product_2,50,134,0
2023-05-17,Store_3,Product_3,38,107,0
2023-05-17,Store_3,Product_4,46,158,1
2023-05-17,Store_3,Product_5,44,156,0
2023-05-17,Store_3,Product_6,27,150,0
2023-05-17,Store_3,Product_7,54,87,0
2023-05-17,Store_3,Product_8,86,96,0
2023-05-17,Store_3,Product_9,43,89,0
2023-05-17,Store_3,Product_10,70,168,0
2023-05-17,Store_4,Product_1,101,125,0
2023-05-17,Store_4,Product_2,49,92,0
2023-05-17,Store_4,Product_3,113,110,1
2023-05-17,Store_4,Product_4,34,94,0
2023-05-17,Store_4,Product_5,44,138,0
2023-05-17,Store_4,Product_6,48,89,0
2023-05-17,Store_4,Product_7,101,162,0
2023-05-17,Store_4,Product_8,25,170,0
2023-05-17,Store_4,Product_9,35,128,0
2023-05-17,Store_4,Product_10,104,150,0
2023-05-17,Store_5,Product_1,103,179,0
2023-05-17,Store_5,Product_2,60,190,0
2023-05-17,Store_5,Product_3,85,63,0
2023-05-17,Store_5,Product_4,35,118,0
2023-05-17,Store_5,Product_5,80,181,0
2023-05-17,Store_5,Product_6,103,72,1
2023-05-17,Store_5,Product_7,47,172,0
2023-05-17,Store_5,Product_8,72,103,0
2023-05-17,Store_5,Product_9,96,112,0
2023-05-17,Store_5,Product_10,70,194,0
2023-05-18,Store_1,Product_1,86,183,0
2023-05-18,Store_1,Product_2,106,76,0
2023-05-18,Store_1,Product_3,62,56,0
2023-05-18,Store_1,Product_4,52,164,0
2023-05-18,Store_1,Product_5,103,51,1
2023-05-18,Store_1,Product_6,80,104,0
2023-05-18,Store_1,Product_7,94,152,0
2023-05-18,Store_1,Product_8,69,196,0
2023-05-18,Store_1,Product_9,67,71,0
2023-05-18,Store_1,Product_10,83,114,0
2023-05-18,Store_2,Product_1,64,93,0
2023-05-18,Store_2,Product_2,65,130,1
2023-05-18,Store_2,Product_3,62,117,0
2023-05-18,Store_2,Product_4,83,159,1
2023-05-18,Store_2,Product_5,34,149,0
2023-05-18,Store_2,Product_6,58,130,0
2023-05-18,Store_2,Product_7,103,53,0
2023-05-18,Store_2,Product_8,66,79,1
2023-05-18,Store_2,Product_9,94,118,0
2023-05-18,Store_2,Product_10,85,136,0
2023-05-18,Store_3,Product_1,98,169,1
2023-05-18,Store_3,Product_2,51,158,0
2023-05-18,Store_3,Product_3,80,182,0
2023-05-18,Store_3,Product_4,117,138,1
2023-05-18,Store_3,Product_5,38,186,0
2023-05-18,Store_3,Product_6,19,136,0
2023-05-18,Store_3,Product_7,79,53,0
2023-05-18,Store_3,Product_8,68,65,1
2023-05-18,Store_3,Product_9,74,115,0
2023-05-18,Store_3,Product_10,21,143,0
2023-05-18,Store_4,Product_1,69,152,1
2023-05-18,Store_4,Product_2,46,137,0
2023-05-18,Store_4,Product_3,38,54,0
2023-05-18,Store_4,Product_4,78,106,0
2023-05-18,Store_4,Product_5,65,85,0
2023-05-18,Store_4,Product_6,116,120,1
2023-05-18,Store_4,Product_7,31,79,0
2023-05-18,Store_4,Product_8,77,197,0
2023-05-18,Store_4,Product_9,59,116,0
2023-05-18,Store_4,Product_10,80,59,0
2023-05-18,Store_5,Product_1,67,164,0
2023-05-18,Store_5,Product_2,43,124,0
2023-05-18,Store_5,Product_3,79,135,0
2023-05-18,Store_5,Product_4,104,162,0
2023-05-18,Store_5,Product_5,94,83,0
2023-05-18,Store_5,Product_6,60,193,0
2023-05-18,Store_5,Product_7,85,121,0
2023-05-18,Store_5,Product_8,36,156,0
2023-05-18,Store_5,Product_9,38,102,0
2023-05-18,Store_5,Product_10,88,103,1
2023-05-19,Store_1,Product_1,62,67,0
2023-05-19,Store_1,Product_2,28,183,0
2023-05-19,Store_1,Product_3,132,113,1
2023-05-19,Store_1,Product_4,96,62,0
2023-05-19,Store_1,Product_5,37,102,0
2023-05-19,Store_1,Product_6,36,83,0
2023-05-19,Store_1,Product_7,77,194,0
2023-05-19,Store_1,Product_8,46,142,0
2023-05-19,Store_1,Product_9,82,165,0
2023-05-19,Store_1,Product_10,55,164,0
2023-05-19,Store_2,Product_1,82,63,0
2023-05-19,Store_2,Product_2,39,100,0
2023-05-19,Store_2,Product_3,94,145,0
2023-05-19,Store_2,Product_4,124,152,1
2023-05-19,Store_2,Product_5,86,130,0
2023-05-19,Store_2,Product_6,118,120,1
2023-05-19,Store_2,Product_7,65,148,0
2023-05-19,Store_2,Product_8,88,88,0
2023-05-19,Store_2,Product_9,59,64,0
2023-05-19,Store_2,Product_10,39,79,0
2023-05-19,Store_3,Product_1,65,168,0
2023-05-19,Store_3,Product_2,112,132,0
2023-05-19,Store_3,Product_3,47,102,0
2023-05-19,Store_3,Product_4,68,87,0
2023-05-19,Store_3,Product_5,74,113,1
2023-05-19,Store_3,Product_6,90,110,0
2023-05-19,Store_3,Product_7,39,51,1
2023-05-19,Store_3,Product_8,74,104,1
2023-05-19,Store_3,Product_9,93,111,0
2023-05-19,Store_3,Product_10,66,168,0
2023-05-19,Store_4,Product_1,77,94,0
2023-05-19,Store_4,Product_2,45,119,1
2023-05-19,Store_4,Product_3,86,122,0
2023-05-19,Store_4,Product_4,77,146,0
2023-05-19,Store_4,Product_5,97,193,0
2023-05-19,Store_4,Product_6,83,126,0
2023-05-19,Store_4,Product_7,73,194,1
2023-05-19,Store_4,Product_8,56,115,0
2023-05-19,Store_4,Product_9,43,60,1
2023-05-19,Store_4,Product_10,27,50,1
2023-05-19,Store_5,Product_1,97,63,0
2023-05-19,Store_5,Product_2,42,197,0
2023-05-19,Store_5,Product_3,32,96,0
2023-05-19,Store_5,Product_4,35,72,0
2023-05-19,Store_5,Product_5,99,129,0
2023-05-19,Store_5,Product_6,102,65,0
2023-05-19,Store_5,Product_7,104,159,0
2023-05-19,Store_5,Product_8,86,115,1
2023-05-19,Store_5,Product_9,25,63,0
2023-05-19,Store_5,Product_10,71,78,0
2023-05-20,Store_1,Product_1,64,161,0
2023-05-20,Store_1,Product_2,46,54,1
2023-05-20,Store_1,Product_3,88,84,0
2023-05-20,Store_1,Product_4,101,188,0
2023-05-20,Store_1,Product_5,69,102,0
2023-05-20,Store_1,Product_6,99,95,0
2023-05-20,Store_1,Product_7,96,147,0
2023-05-20,Store_1,Product_8,49,199,0
2023-05-20,Store_1,Product_9,85,199,1
2023-05-20,Store_1,Product_10,90,199,0
2023-05-20,Store_2,Product_1,54,66,0
2023-05-20,Store_2,Product_2,91,112,0
2023-05-20,Store_2,Product_3,39,158,0
2023-05-20,Store_2,Product_4,60,197,0
2023-05-20,Store_2,Product_5,38,142,0
2023-05-20,Store_2,Product_6,45,60,0
2023-05-20,Store_2,Product_7,84,83,0
2023-05-20,Store_2,Product_8,44,68,1
2023-05-20,Store_2,Product_9,44,57,0
2023-05-20,Store_2,Product_10,69,50,0
2023-05-20,Store_3,Product_1,41,192,0
2023-05-20,Store_3,Product_2,92,173,0
2023-05-20,Store_3,Product_3,47,66,0
2023-05-20,Store_3,Product_4,70,75,0
2023-05-20,Store_3,Product_5,68,131,0
2023-05-20,Store_3,Product_6,42,188,0
2023-05-20,Store_3,Product_7,80,123,0
2023-05-20,Store_3,Product_8,44,121,0
2023-05-20,Store_3,Product_9,65,115,1
2023-05-20,Store_3,Product_10,109,89,1
2023-05-20,Store_4,Product_1,86,118,0
2023-05-20,Store_4,Product_2,96,147,0
2023-05-20,Store_4,Product_3,45,160,0
2023-05-20,Store_4,Product_4,82,189,0
2023-05-20,Store_4,Product_5,108,110,0
2023-05-20,Store_4,Product_6,122,83,1
2023-05-20,Store_4,Product_7,27,150,0
2023-05-20,Store_4,Product_8,70,153,0
2023-05-20,Store_4,Product_9,97,104,0
2023-05-20,Store_4,Product_10,74,199,0
2023-05-20,Store_5,Product_1,57,171,0
2023-05-20,Store_5,Product_2,58,117,0
2023-05-20,Store_5,Product_3,100,106,0
2023-05-20,Store_5,Product_4,56,170,0
2023-05-20,Store_5,Product_5,56,52,0
2023-05-20,Store_5,Product_6,90,104,0
2023-05-20,Store_5,Product_7,78,108,0
2023-05-20,Store_5,Product_8,57,67,0
2023-05-20,Store_5,Product_9,34,71,0
2023-05-20,Store_5,Product_10,37,147,0
2023-05-21,Store_1,Product_1,30,69,0
2023-05-21,Store_1,Product_2,92,78,0
2023-05-21,Store_1,Product_3,53,79,1
2023-05-21,Store_1,Product_4,82,106,0
2023-05-21,Store_1,Product_5,83,77,0
2023-05-21,Store_1,Product_6,56,55,0
2023-05-21,Store_1,Product_7,88,89,0
2023-05-21,Store_1,Product_8,67,186,0
2023-05-21,Store_1,Product_9,39,120,0
2023-05-21,Store_1,Product_10,46,175,0
2023-05-21,Store_2,Product_1,89,91,1
2023-05-21,Store_2,Product_2,71,140,0
2023-05-21,Store_2,Product_3,33,170,0
2023-05-21,Store_2,Product_4,74,58,0
2023-05-21,Store_2,Product_5,80,85,1
2023-05-21,Store_2,Product_6,47,195,1
2023-05-21,Store_2,Product_7,70,161,0
2023-05-21,Store_2,Product_8,43,164,1
2023-05-21,Store_2,Product_9,92,148,0
2023-05-21,Store_2,Product_10,42,188,0
2023-05-21,Store_3,Product_1,59,116,0
2023-05-21,Store_3,Product_2,65,54,0
2023-05-21,Store_3,Product_3,82,132,0
2023-05-21,Store_3,Product_4,73,161,0
2023-05-21,Store_3,Product_5,105,98,0
2023-05-21,Store_3,Product_6,91,161,0
2023-05-21,Store_3,Product_7,41,169,0
2023-05-21,Store_3,Product_8,64,197,0
2023-05-21,Store_3,Product_9,65,168,1
2023-05-21,Store_3,Product_10,75,56,0
2023-05-21,Store_4,Product_1,110,103,1
2023-05-21,Store_4,Product_2,98,80,0
2023-05-21,Store_4,Product_3,85,195,0
2023-05-21,Store_4,Product_4,75,120,0
2023-05-21,Store_4,Product_5,45,132,0
2023-05-21,Store_4,Product_6,52,171,0
2023-05-21,Store_4,Product_7,55,172,0
2023-05-21,Store_4,Product_8,63,119,0
2023-05-21,Store_4,Product_9,106,147,0
2023-05-21,Store_4,Product_10,68,76,0
2023-05-21,Store_5,Product_1,47,134,0
2023-05-21,Store_5,Product_2,21,53,0
2023-05-21,Store_5,Product_3,65,112,0
2023-05-21,Store_5,Product_4,35,72,0
2023-05-21,Store_5,Product_5,53,193,0
2023-05-21,Store_5,Product_6,65,187,1
2023-05-21,Store_5,Product_7,69,199,0
2023-05-21,Store_5,Product_8,42,172,1
2023-05-21,Store_5,Product_9,39,196,0
2023-05-21,Store_5,Product_10,58,123,0
2023-05-22,Store_1,Product_1,63,175,0
2023-05-22,Store_1,Product_2,101,78,0
2023-05-22,Store_1,Product_3,49,127,0
2023-05-22,Store_1,Product_4,54,91,0
2023-05-22,Store_1,Product_5,42,125,1
2023-05-22,Store_1,Product_6,80,62,0
2023-05-22,Store_1,Product_7,48,63,0
2023-05-22,Store_1,Product_8,100,132,1
2023-05-22,Store_1,Product_9,58,134,0
2023-05-22,Store_1,Product_10,52,119,0
2023-05-22,Store_2,Product_1,96,126,0
2023-05-22,Store_2,Product_2,22,66,0
2023-05-22,Store_2,Product_3,70,122,0
2023-05-22,Store_2,Product_4,47,102,0
2023-05-22,Store_2,Product_5,60,130,0
2023-05-22,Store_2,Product_6,78,52,1
2023-05-22,Store_2,Product_7,74,180,0
2023-05-22,Store_2,Product_8,102,145,0
2023-05-22,Store_2,Product_9,100,67,0
2023-05-22,Store_2,Product_10,67,115,0
2023-05-22,Store_3,Product_1,49,179,0
2023-05-22,Store_3,Product_2,39,82,0
2023-05-22,Store_3,Product_3,58,57,1
2023-05-22,Store_3,Product_4,80,54,0
2023-05-22,Store_3,Product_5,90,118,0
2023-05-22,Store_3,Product_6,73,179,0
2023-05-22,Store_3,Product_7,98,121,1
2023-05-22,Store_3,Product_8,63,66,0
2023-05-22,Store_3,Product_9,27,119,0
2023-05-22,Store_3,Product_10,36,143,0
2023-05-22,Store_4,Product_1,33,110,1
2023-05-22,Store_4,Product_2,97,163,0
2023-05-22,Store_4,Product_3,77,95,0
2023-05-22,Store_4,Product_4,51,138,0
2023-05-22,Store_4,Product_5,42,179,0
2023-05-22,Store_4,Product_6,28,140,0
2023-05-22,Store_4,Product_7,127,78,1
2023-05-22,Store_4,Product_8,83,82,1
2023-05-22,Store_4,Product_9,27,58,0
2023-05-22,Store_4,Product_10,58,178,1
2023-05-22,Store_5,Product_1,28,88,1
2023-05-22,Store_5,Product_2,79,124,0
2023-05-22,Store_5,Product_3,64,123,0
2023-05-22,Store_5,Product_4,30,88,0
2023-05-22,Store_5,Product_5,56,184,0
2023-05-22,Store_5,Product_6,40,199,0
2023-05-22,Store_5,Product_7,72,136,0
2023-05-22,Store_5,Product_8,73,103,0
2023-05-22,Store_5,Product_9,97,130,1
2023-05-22,Store_5,Product_10,79,127,0
2023-05-23,Store_1,Product_1,89,84,0
2023-05-23,Store_1,Product_2,125,101,1
2023-05-23,Store_1,Product_3,77,130,0
2023-05-23,Store_1,Product_4,106,122,0
2023-05-23,Store_1,Product_5,79,89,1
2023-05-23,Store_1,Product_6,36,179,0
2023-05-23,Store_1,Product_7,78,138,0
2023-05-23,Store_1,Product_8,57,103,1
2023-05-23,Store_1,Product_9,61,146,1
2023-05-23,Store_1,Product_10,81,95,1
2023-05-23,Store_2,Product_1,60,128,1
2023-05-23,Store_2,Product_2,63,155,0
2023-05-23,Store_2,Product_3,29,65,0
2023-05-23,Store_2,Product_4,121,191,1
2023-05-23,Store_2,Product_5,38,59,0
2023-05-23,Store_2,Product_6,72,58,0
2023-05-23,Store_2,Product_7,29,188,1
2023-05-23,Store_2,Product_8,122,71,1
2023-05-23,Store_2,Product_9,33,196,0
2023-05-23,Store_2,Product_10,31,136,0
2023-05-23,Store_3,Product_1,46,120,0
2023-05-23,Store_3,Product_2,80,75,1
2023-05-23,Store_3,Product_3,70,173,0
2023-05-23,Store_3,Product_4,93,94,0
2023-05-23,Store_3,Product_5,84,109,0
2023-05-23,Store_3,Product_6,82,101,1
2023-05-23,Store_3,Product_7,92,93,0
2023-05-23,Store_3,Product_8,79,71,1
2023-05-23,Store_3,Product_9,45,159,0
2023-05-23,Store_3,Product_10,119,120,1
2023-05-23,Store_4,Product_1,64,131,1
2023-05-23,Store_4,Product_2,69,99,0
2023-05-23,Store_4,Product_3,36,191,0
2023-05-23,Store_4,Product_4,103,102,0
2023-05-23,Store_4,Product_5,93,110,0
2023-05-23,Store_4,Product_6,79,67,0
2023-05-23,Store_4,Product_7,73,108,0
2023-05-23,Store_4,Product_8,33,197,0
2023-05-23,Store_4,Product_9,47,93,0
2023-05-23,Store_4,Product_10,61,105,1
2023-05-23,Store_5,Product_1,70,89,0
2023-05-23,Store_5,Product_2,35,144,0
2023-05-23,Store_5,Product_3,48,156,0
2023-05-23,Store_5,Product_4,42,173,0
2023-05-23,Store_5,Product_5,41,58,1
2023-05-23,Store_5,Product_6,89,161,0
2023-05-23,Store_5,Product_7,95,138,0
2023-05-23,Store_5,Product_8,81,110,0
2023-05-23,Store_5,Product_9,43,92,0
2023-05-23,Store_5,Product_10,68,60,1
2023-05-24,Store_1,Product_1,28,99,0
2023-05-24,Store_1,Product_2,87,59,0
2023-05-24,Store_1,Product_3,98,86,0
2023-05-24,Store_1,Product_4,64,199,0
2023-05-24,Store_1,Product_5,86,148,0
2023-05-24,Store_1,Product_6,68,54,1
2023-05-24,Store_1,Product_7,70,69,0
2023-05-24,Store_1,Product_8,44,56,0
2023-05-24,Store_1,Product_9,41,194,0
2023-05-24,Store_1,Product_10,87,168,0
2023-05-24,Store_2,Product_1,52,67,0
2023-05-24,Store_2,Product_2,93,70,0
2023-05-24,Store_2,Product_3,42,171,0
2023-05-24,Store_2,Product_4,93,117,1
2023-05-24,Store_2,Product_5,67,186,1
2023-05-24,Store_2,Product_6,39,67,0
2023-05-24,Store_2,Product_7,29,108,0
2023-05-24,Store_2,Product_8,49,194,0
2023-05-24,Store_2,Product_9,103,68,1
2023-05-24,Store_2,Product_10,72,53,1
2023-05-24,Store_3,Product_1,31,101,0
2023-05-24,Store_3,Product_2,100,60,1
2023-05-24,Store_3,Product_3,97,113,0
2023-05-24,Store_3,Product_4,55,79,1
2023-05-24,Store_3,Product_5,79,178,0
2023-05-24,Store_3,Product_6,40,196,0
2023-05-24,Store_3,Product_7,75,194,0
2023-05-24,Store_3,Product_8,23,53,0
2023-05-24,Store_3,Product_9,67,146,0
2023-05-24,Store_3,Product_10,118,109,1
2023-05-24,Store_4,Product_1,49,116,0
2023-05-24,Store_4,Product_2,84,55,0
2023-05-24,Store_4,Product_3,38,140,0
2023-05-24,Store_4,Product_4,91,151,0
2023-05-24,Store_4,Product_5,86,175,0
2023-05-24,Store_4,Product_6,51,72,0
2023-05-24,Store_4,Product_7,61,102,0
2023-05-24,Store_4,Product_8,106,142,1
2023-05-24,Store_4,Product_9,102,164,0
2023-05-24,Store_4,Product_10,52,54,0
2023-05-24,Store_5,Product_1,25,77,0
2023-05-24,Store_5,Product_2,69,56,1
2023-05-24,Store_5,Product_3,79,87,0
2023-05-24,Store_5,Product_4,52,192,0
2023-05-24,Store_5,Product_5,79,131,0
2023-05-24,Store_5,Product_6,90,179,0
2023-05-24,Store_5,Product_7,65,121,1
2023-05-24,Store_5,Product_8,99,107,0
2023-05-24,Store_5,Product_9,42,105,1
2023-05-24,Store_5,Product_10,89,158,0
2023-05-25,Store_1,Product_1,100,156,1
2023-05-25,Store_1,Product_2,62,198,1
2023-05-25,Store_1,Product_3,48,157,1
2023-05-25,Store_1,Product_4,76,113,0
2023-05-25,Store_1,Product_5,70,103,0
2023-05-25,Store_1,Product_6,115,91,0
2023-05-25,Store_1,Product_7,110,199,1
2023-05-25,Store_1,Product_8,46,72,0
2023-05-25,Store_1,Product_9,72,63,0
2023-05-25,Store_1,Product_10,60,194,0
2023-05-25,Store_2,Product_1,35,107,1
2023-05-25,Store_2,Product_2,64,125,0
2023-05-25,Store_2,Product_3,102,183,0
2023-05-25,Store_2,Product_4,60,117,0
2023-05-25,Store_2,Product_5,57,124,0
2023-05-25,Store_2,Product_6,102,73,1
2023-05-25,Store_2,Product_7,43,101,0
2023-05-25,Store_2,Product_8,70,167,0
2023-05-25,Store_2,Product_9,41,139,0
2023-05-25,Store_2,Product_10,31,146,1
2023-05-25,Store_3,Product_1,31,75,0
2023-05-25,Store_3,Product_2,121,176,1
2023-05-25,Store_3,Product_3,120,112,1
2023-05-25,Store_3,Product_4,82,180,0
2023-05-25,Store_3,Product_5,89,97,0
2023-05-25,Store_3,Product_6,103,174,0
2023-05-25,Store_3,Product_7,72,198,0
2023-05-25,Store_3,Product_8,80,62,0
2023-05-25,Store_3,Product_9,43,99,0
2023-05-25,Store_3,Product_10,64,187,1
2023-05-25,Store_4,Product_1,43,94,1
2023-05-25,Store_4,Product_2,58,152,0
2023-05-25,Store_4,Product_3,48,149,1
2023-05-25,Store_4,Product_4,33,91,0
2023-05-25,Store_4,Product_5,44,91,0
2023-05-25,Store_4,Product_6,111,78,1
2023-05-25,Store_4,Product_7,69,62,1
2023-05-25,Store_4,Product_8,31,162,0
2023-05-25,Store_4,Product_9,36,153,0
2023-05-25,Store_4,Product_10,43,114,0
2023-05-25,Store_5,Product_1,52,175,0
2023-05-25,Store_5,Product_2,36,168,0
2023-05-25,Store_5,Product_3,55,90,0
2023-05-25,Store_5,Product_4,45,181,0
2023-05-25,Store_5,Product_5,53,145,1
2023-05-25,Store_5,Product_6,85,70,0
2023-05-25,Store_5,Product_7,112,75,1
2023-05-25,Store_5,Product_8,56,112,0
2023-05-25,Store_5,Product_9,71,176,0
2023-05-25,Store_5,Product_10,37,62,0
2023-05-26,Store_1,Product_1,53,88,0
2023-05-26,Store_1,Product_2,99,176,0
2023-05-26,Store_1,Product_3,50,114,0
2023-05-26,Store_1,Product_4,83,115,0
2023-05-26,Store_1,Product_5,105,149,0
2023-05-26,Store_1,Product_6,84,157,0
2023-05-26,Store_1,Product_7,38,93,0
2023-05-26,Store_1,Product_8,96,65,1
2023-05-26,Store_1,Product_9,107,174,1
2023-05-26,Store_1,Product_10,46,123,0
2023-05-26,Store_2,Product_1,76,63,0
2023-05-26,Store_2,Product_2,63,174,1
2023-05-26,Store_2,Product_3,44,55,1
2023-05-26,Store_2,Product_4,33,79,0
2023-05-26,Store_2,Product_5,62,173,0
2023-05-26,Store_2,Product_6,76,92,0
2023-05-26,Store_2,Product_7,91,99,0
2023-05-26,Store_2,Product_8,50,86,0
2023-05-26,Store_2,Product_9,37,66,1
2023-05-26,Store_2,Product_10,78,92,0
2023-05-26,Store_3,Product_1,81,161,0
2023-05-26,Store_3,Product_2,30,54,1
2023-05-26,Store_3,Product_3,71,62,0
2023-05-26,Store_3,Product_4,97,188,0
2023-05-26,Store_3,Product_5,71,124,0
2023-05-26,Store_3,Product_6,35,193,0
2023-05-26,Store_3,Product_7,83,153,0
2023-05-26,Store_3,Product_8,97,178,0
2023-05-26,Store_3,Product_9,39,122,1
2023-05-26,Store_3,Product_10,71,159,0
2023-05-26,Store_4,Product_1,81,129,0
2023-05-26,Store_4,Product_2,97,149,0
2023-05-26,Store_4,Product_3,69,52,0
2023-05-26,Store_4,Product_4,50,62,0
2023-05-26,Store_4,Product_5,52,68,0
2023-05-26,Store_4,Product_6,75,65,0
2023-05-26,Store_4,Product_7,111,162,0
2023-05-26,Store_4,Product_8,76,51,0
2023-05-26,Store_4,Product_9,124,112,1
2023-05-26,Store_4,Product_10,70,63,0
2023-05-26,Store_5,Product_1,74,61,0
2023-05-26,Store_5,Product_2,77,89,0
2023-05-26,Store_5,Product_3,61,117,0
2023-05-26,Store_5,Product_4,94,96,0
2023-05-26,Store_5,Product_5,48,196,0
2023-05-26,Store_5,Product_6,41,165,0
2023-05-26,Store_5,Product_7,55,168,0
2023-05-26,Store_5,Product_8,88,169,0
2023-05-26,Store_5,Product_9,38,176,0
2023-05-26,Store_5,Product_10,47,85,0
2023-05-27,Store_1,Product_1,25,120,0
2023-05-27,Store_1,Product_2,39,186,0
2023-05-27,Store_1,Product_3,91,108,0
2023-05-27,Store_1,Product_4,110,168,0
2023-05-27,Store_1,Product_5,25,80,0
2023-05-27,Store_1,Product_6,88,176,0
2023-05-27,Store_1,Product_7,41,111,0
2023-05-27,Store_1,Product_8,68,126,0
2023-05-27,Store_1,Product_9,42,118,0
2023-05-27,Store_1,Product_10,34,134,1
2023-05-27,Store_2,Product_1,49,159,1
2023-05-27,Store_2,Product_2,51,180,1
2023-05-27,Store_2,Product_3,66,185,0
2023-05-27,Store_2,Product_4,78,146,1
2023-05-27,Store_2,Product_5,102,174,0
2023-05-27,Store_2,Product_6,79,77,0
2023-05-27,Store_2,Product_7,104,167,0
2023-05-27,Store_2,Product_8,83,126,0
2023-05-27,Store_2,Product_9,40,55,0
2023-05-27,Store_2,Product_10,39,194,0
2023-05-27,Store_3,Product_1,120,152,1
2023-05-27,Store_3,Product_2,69,181,0
2023-05-27,Store_3,Product_3,30,175,0
2023-05-27,Store_3,Product_4,81,81,0
2023-05-27,Store_3,Product_5,72,69,0
2023-05-27,Store_3,Product_6,106,179,1
2023-05-27,Store_3,Product_7,44,152,0
2023-05-27,Store_3,Product_8,98,153,1
2023-05-27,Store_3,Product_9,76,171,0
2023-05-27,Store_3,Product_10,111,164,0
2023-05-27,Store_4,Product_1,99,96,0
2023-05-27,Store_4,Product_2,49,191,0
2023-05-27,Store_4,Product_3,114,155,1
2023-05-27,Store_4,Product_4,17,88,0
2023-05-27,Store_4,Product_5,29,158,0
2023-05-27,Store_4,Product_6,88,128,0
2023-05-27,Store_4,Product_7,79,164,1
2023-05-27,Store_4,Product_8,58,95,1
2023-05-27,Store_4,Product_9,58,197,0
2023-05-27,Store_4,Product_10,102,176,0
2023-05-27,Store_5,Product_1,68,125,0
2023-05-27,Store_5,Product_2,34,121,0
2023-05-27,Store_5,Product_3,27,175,0
2023-05-27,Store_5,Product_4,59,79,0
2023-05-27,Store_5,Product_5,71,173,1
2023-05-27,Store_5,Product_6,85,154,1
2023-05-27,Store_5,Product_7,86,156,1
2023-05-27,Store_5,Product_8,50,189,0
2023-05-27,Store_5,Product_9,88,142,1
2023-05-27,Store_5,Product_10,97,193,0
2023-05-28,Store_1,Product_1,44,183,0
2023-05-28,Store_1,Product_2,29,55,0
2023-05-28,Store_1,Product_3,87,178,1
2023-05-28,Store_1,Product_4,101,174,0
2023-05-28,Store_1,Product_5,76,97,0
2023-05-28,Store_1,Product_6,38,197,0
2023-05-28,Store_1,Product_7,54,159,1
2023-05-28,Store_1,Product_8,62,185,0
2023-05-28,Store_1,Product_9,79,105,0
2023-05-28,Store_1,Product_10,74,173,0
2023-05-28,Store_2,Product_1,106,122,0
2023-05-28,Store_2,Product_2,29,174,0
2023-05-28,Store_2,Product_3,36,51,1
2023-05-28,Store_2,Product_4,76,166,0
2023-05-28,Store_2,Product_5,52,163,0
2023-05-28,Store_2,Product_6,57,78,0
2023-05-28,Store_2,Product_7,67,159,1
2023-05-28,Store_2,Product_8,97,168,0
2023-05-28,Store_2,Product_9,69,55,0
2023-05-28,Store_2,Product_10,96,175,1
2023-05-28,Store_3,Product_1,22,156,0
2023-05-28,Store_3,Product_2,23,169,0
2023-05-28,Store_3,Product_3,123,73,1
2023-05-28,Store_3,Product_4,86,112,0
2023-05-28,Store_3,Product_5,48,53,0
2023-05-28,Store_3,Product_6,80,97,0
2023-05-28,Store_3,Product_7,66,77,0
2023-05-28,Store_3,Product_8,74,189,0
2023-05-28,Store_3,Product_9,80,66,0
2023-05-28,Store_3,Product_10,66,179,0
2023-05-28,Store_4,Product_1,77,161,0
2023-05-28,Store_4,Product_2,36,173,0
2023-05-28,Store_4,Product_3,107,123,0
2023-05-28,Store_4,Product_4,65,103,0
2023-05-28,Store_4,Product_5,53,118,0
2023-05-28,Store_4,Product_6,50,82,0
2023-05-28,Store_4,Product_7,39,154,0
2023-05-28,Store_4,Product_8,51,149,0
2023-05-28,Store_4,Product_9,83,52,0
2023-05-28,Store_4,Product_10,67,64,0
2023-05-28,Store_5,Product_1,99,50,0
2023-05-28,Store_5,Product_2,29,182,0
2023-05-28,Store_5,Product_3,58,199,0
2023-05-28,Store_5,Product_4,46,117,0
2023-05-28,Store_5,Product_5,59,137,0
2023-05-28,Store_5,Product_6,57,97,0
2023-05-28,Store_5,Product_7,55,63,0
2023-05-28,Store_5,Product_8,32,188,0
2023-05-28,Store_5,Product_9,38,121,0
2023-05-28,Store_5,Product_10,87,187,0
2023-05-29,Store_1,Product_1,62,128,0
2023-05-29,Store_1,Product_2,42,142,0
2023-05-29,Store_1,Product_3,120,158,1
2023-05-29,Store_1,Product_4,75,148,0
2023-05-29,Store_1,Product_5,30,98,0
2023-05-29,Store_1,Product_6,64,89,1
2023-05-29,Store_1,Product_7,70,133,0
2023-05-29,Store_1,Product_8,40,61,0
2023-05-29,Store_1,Product_9,102,109,0
2023-05-29,Store_1,Product_10,64,125,0
2023-05-29,Store_2,Product_1,100,59,0
2023-05-29,Store_2,Product_2,47,50,0
2023-05-29,Store_2,Product_3,31,114,1
2023-05-29,Store_2,Product_4,39,89,0
2023-05-29,Store_2,Product_5,59,157,1
2023-05-29,Store_2,Product_6,47,51,0
2023-05-29,Store_2,Product_7,96,79,0
2023-05-29,Store_2,Product_8,80,73,0
2023-05-29,Store_2,Product_9,77,60,0
2023-05-29,Store_2,Product_10,23,73,0
2023-05-29,Store_3,Product_1,71,59,0
2023-05-29,Store_3,Product_2,21,194,0
2023-05-29,Store_3,Product_3,80,92,0
2023-05-29,Store_3,Product_4,84,171,0
2023-05-29,Store_3,Product_5,33,157,0
2023-05-29,Store_3,Product_6,37,187,0
2023-05-29,Store_3,Product_7,100,52,0
2023-05-29,Store_3,Product_8,103,122,0
2023-05-29,Store_3,Product_9,72,175,0
2023-05-29,Store_3,Product_10,100,130,0
2023-05-29,Store_4,Product_1,100,176,0
2023-05-29,Store_4,Product_2,26,93,0
2023-05-29,Store_4,Product_3,38,135,0
2023-05-29,Store_4,Product_4,74,165,0
2023-05-29,Store_4,Product_5,94,90,0
2023-05-29,Store_4,Product_6,69,178,0
2023-05-29,Store_4,Product_7,37,174,0
2023-05-29,Store_4,Product_8,47,60,0
2023-05-29,Store_4,Product_9,57,166,0
2023-05-29,Store_4,Product_10,76,122,0
2023-05-29,Store_5,Product_1,65,64,0
2023-05-29,Store_5,Product_2,98,193,0
2023-05-29,Store_5,Product_3,91,119,0
2023-05-29,Store_5,Product_4,27,143,0
2023-05-29,Store_5,Product_5,52,142,0
2023-05-29,Store_5,Product_6,80,172,0
2023-05-29,Store_5,Product_7,45,144,0
2023-05-29,Store_5,Product_8,19,164,0
2023-05-29,Store_5,Product_9,51,105,0
2023-05-29,Store_5,Product_10,63,56,0
2023-05-30,Store_1,Product_1,46,172,0
2023-05-30,Store_1,Product_2,42,163,0
2023-05-30,Store_1,Product_3,115,160,0
2023-05-30,Store_1,Product_4,44,124,0
2023-05-30,Store_1,Product_5,90,85,0
2023-05-30,Store_1,Product_6,76,117,1
2023-05-30,Store_1,Product_7,105,185,0
2023-05-30,Store_1,Product_8,100,175,0
2023-05-30,Store_1,Product_9,40,75,0
2023-05-30,Store_1,Product_10,104,155,1
2023-05-30,Store_2,Product_1,38,113,0
2023-05-30,Store_2,Product_2,65,77,0
2023-05-30,Store_2,Product_3,104,81,0
2023-05-30,Store_2,Product_4,77,67,0
2023-05-30,Store_2,Product_5,101,199,0
2023-05-30,Store_2,Product_6,126,188,1
2023-05-30,Store_2,Product_7,79,74,0
2023-05-30,Store_2,Product_8,99,185,0
2023-05-30,Store_2,Product_9,76,170,0
2023-05-30,Store_2,Product_10,59,135,0
2023-05-30,Store_3,Product_1,73,78,0
2023-05-30,Store_3,Product_2,119,155,1
2023-05-30,Store_3,Product_3,25,193,0
2023-05-30,Store_3,Product_4,94,170,0
2023-05-30,Store_3,Product_5,83,72,0
2023-05-30,Store_3,Product_6,114,78,1
2023-05-30,Store_3,Product_7,47,145,1
2023-05-30,Store_3,Product_8,96,61,0
2023-05-30,Store_3,Product_9,52,145,0
2023-05-30,Store_3,Product_10,65,115,0
2023-05-30,Store_4,Product_1,48,65,0
2023-05-30,Store_4,Product_2,37,85,1
2023-05-30,Store_4,Product_3,102,158,0
2023-05-30,Store_4,Product_4,69,161,0
2023-05-30,Store_4,Product_5,75,115,0
2023-05-30,Store_4,Product_6,38,90,0
2023-05-30,Store_4,Product_7,83,146,0
2023-05-30,Store_4,Product_8,82,181,0
2023-05-30,Store_4,Product_9,121,166,1
2023-05-30,Store_4,Product_10,78,167,0
2023-05-30,Store_5,Product_1,101,98,0
2023-05-30,Store_5,Product_2,103,50,0
2023-05-30,Store_5,Product_3,63,53,0
2023-05-30,Store_5,Product_4,87,71,0
2023-05-30,Store_5,Product_5,126,159,1
2023-05-30,Store_5,Product_6,78,100,0
2023-05-30,Store_5,Product_7,70,126,0
2023-05-30,Store_5,Product_8,106,172,1
2023-05-30,Store_5,Product_9,98,78,0
2023-05-30,Store_5,Product_10,89,164,0
2023-05-31,Store_1,Product_1,82,86,0
2023-05-31,Store_1,Product_2,44,87,1
2023-05-31,Store_1,Product_3,31,168,0
2023-05-31,Store_1,Product_4,94,65,0
2023-05-31,Store_1,Product_5,39,68,0
2023-05-31,Store_1,Product_6,91,96,1
2023-05-31,Store_1,Product_7,62,135,0
2023-05-31,Store_1,Product_8,37,88,0
2023-05-31,Store_1,Product_9,65,162,0
2023-05-31,Store_1,Product_10,43,174,0
2023-05-31,Store_2,Product_1,54,116,1
2023-05-31,Store_2,Product_2,58,127,0
2023-05-31,Store_2,Product_3,68,181,0
2023-05-31,Store_2,Product_4,56,78,0
2023-05-31,Store_2,Product_5,92,138,0
2023-05-31,Store_2,Product_6,66,192,0
2023-05-31,Store_2,Product_7,45,160,0
2023-05-31,Store_2,Product_8,90,75,0
2023-05-31,Store_2,Product_9,105,138,1
2023-05-31,Store_2,Product_10,78,173,0
2023-05-31,Store_3,Product_1,37,51,0
2023-05-31,Store_3,Product_2,85,141,0
2023-05-31,Store_3,Product_3,82,121,0
2023-05-31,Store_3,Product_4,25,62,1
2023-05-31,Store_3,Product_5,70,111,0
2023-05-31,Store_3,Product_6,84,181,0
2023-05-31,Store_3,Product_7,78,144,0
2023-05-31,Store_3,Product_8,35,172,0
2023-05-31,Store_3,Product_9,67,179,0
2023-05-31,Store_3,Product_10,27,113,0
2023-05-31,Store_4,Product_1,73,174,0
2023-05-31,Store_4,Product_2,57,163,0
2023-05-31,Store_4,Product_3,34,79,0
2023-05-31,Store_4,Product_4,45,172,0
2023-05-31,Store_4,Product_5,56,161,0
2023-05-31,Store_4,Product_6,122,159,1
2023-05-31,Store_4,Product_7,93,184,0
2023-05-31,Store_4,Product_8,78,156,1
2023-05-31,Store_4,Product_9,77,118,1
2023-05-31,Store_4,Product_10,46,143,0
2023-05-31,Store_5,Product_1,92,92,0
2023-05-31,Store_5,Product_2,124,103,1
2023-05-31,Store_5,Product_3,99,91,0
2023-05-31,Store_5,Product_4,109,107,0
2023-05-31,Store_5,Product_5,99,151,1
2023-05-31,Store_5,Product_6,52,114,0
2023-05-31,Store_5,Product_7,92,167,0
2023-05-31,Store_5,Product_8,87,112,0
2023-05-31,Store_5,Product_9,93,128,1
2023-05-31,Store_5,Product_10,70,105,0
2023-06-01,Store_1,Product_1,41,182,1
2023-06-01,Store_1,Product_2,60,112,0
2023-06-01,Store_1,Product_3,90,197,0
2023-06-01,Store_1,Product_4,106,168,1
2023-06-01,Store_1,Product_5,97,65,0
2023-06-01,Store_1,Product_6,38,69,0
2023-06-01,Store_1,Product_7,122,55,1
2023-06-01,Store_1,Product_8,96,63,0
2023-06-01,Store_1,Product_9,55,183,1
2023-06-01,Store_1,Product_10,43,73,1
2023-06-01,Store_2,Product_1,82,168,0
2023-06-01,Store_2,Product_2,43,102,0
2023-06-01,Store_2,Product_3,91,95,0
2023-06-01,Store_2,Product_4,110,140,0
2023-06-01,Store_2,Product_5,62,179,0
2023-06-01,Store_2,Product_6,42,50,0
2023-06-01,Store_2,Product_7,92,131,0
2023-06-01,Store_2,Product_8,82,105,0
2023-06-01,Store_2,Product_9,39,50,0
2023-06-01,Store_2,Product_10,55,126,0
2023-06-01,Store_3,Product_1,109,91,1
2023-06-01,Store_3,Product_2,42,74,1
2023-06-01,Store_3,Product_3,103,71,0
2023-06-01,Store_3,Product_4,43,158,1
2023-06-01,Store_3,Product_5,63,132,0
2023-06-01,Store_3,Product_6,29,195,0
2023-06-01,Store_3,Product_7,68,155,0
2023-06-01,Store_3,Product_8,59,70,0
2023-06-01,Store_3,Product_9,71,63,0
2023-06-01,Store_3,Product_10,55,104,0
2023-06-01,Store_4,Product_1,79,55,0
2023-06-01,Store_4,Product_2,114,53,1
2023-06-01,Store_4,Product_3,84,101,0
2023-06-01,Store_4,Product_4,96,57,0
2023-06-01,Store_4,Product_5,61,65,0
2023-06-01,Store_4,Product_6,54,181,0
2023-06-01,Store_4,Product_7,100,198,0
2023-06-01,Store_4,Product_8,60,122,0
2023-06-01,Store_4,Product_9,97,186,1
2023-06-01,Store_4,Product_10,41,146,0
2023-06-01,Store_5,Product_1,101,114,1
2023-06-01,Store_5,Product_2,55,108,0
2023-06-01,Store_5,Product_3,55,104,1
2023-06-01,Store_5,Product_4,51,105,0
2023-06-01,Store_5,Product_5,69,175,0
2023-06-01,Store_5,Product_6,68,63,0
2023-06-01,Store_5,Product_7,99,52,0
2023-06-01,Store_5,Product_8,39,68,0
2023-06-01,Store_5,Product_9,53,167,0
2023-06-01,Store_5,Product_10,39,98,0
2023-06-02,Store_1,Product_1,104,132,1
2023-06-02,Store_1,Product_2,25,50,0
2023-06-02,Store_1,Product_3,47,153,1
2023-06-02,Store_1,Product_4,100,121,0
2023-06-02,Store_1,Product_5,40,151,0
2023-06-02,Store_1,Product_6,125,89,1
2023-06-02,Store_1,Product_7,67,73,0
2023-06-02,Store_1,Product_8,39,111,0
2023-06-02,Store_1,Product_9,53,199,0
2023-06-02,Store_1,Product_10,89,140,0
2023-06-02,Store_2,Product_1,42,54,0
2023-06-02,Store_2,Product_2,46,71,0
2023-06-02,Store_2,Product_3,63,79,0
2023-06-02,Store_2,Product_4,27,67,0
2023-06-02,Store_2,Product_5,36,161,1
2023-06-02,Store_2,Product_6,116,162,1
2023-06-02,Store_2,Product_7,23,113,0
2023-06-02,Store_2,Product_8,35,50,0
2023-06-02,Store_2,Product_9,62,167,0
2023-06-02,Store_2,Product_10,54,128,0
2023-06-02,Store_3,Product_1,102,190,0
2023-06-02,Store_3,Product_2,40,149,0
2023-06-02,Store_3,Product_3,120,178,1
2023-06-02,Store_3,Product_4,49,178,0
2023-06-02,Store_3,Product_5,92,76,0
2023-06-02,Store_3,Product_6,61,122,0
2023-06-02,Store_3,Product_7,29,82,0
2023-06-02,Store_3,Product_8,79,103,0
2023-06-02,Store_3,Product_9,86,79,1
2023-06-02,Store_3,Product_10,72,119,0
2023-06-02,Store_4,Product_1,84,122,0
2023-06-02,Store_4,Product_2,67,91,0
2023-06-02,Store_4,Product_3,94,150,0
2023-06-02,Store_4,Product_4,80,169,0
2023-06-02,Store_4,Product_5,100,126,0
2023-06-02,Store_4,Product_6,74,101,0
2023-06-02,Store_4,Product_7,53,86,0
2023-06-02,Store_4,Product_8,94,84,0
2023-06-02,Store_4,Product_9,108,161,1
2023-06-02,Store_4,Product_10,99,154,0
2023-06-02,Store_5,Product_1,29,67,0
2023-06-02,Store_5,Product_2,87,168,0
2023-06-02,Store_5,Product_3,47,176,0
2023-06-02,Store_5,Product_4,60,121,0
2023-06-02,Store_5,Product_5,127,123,1
2023-06-02,Store_5,Product_6,57,133,1
2023-06-02,Store_5,Product_7,60,185,0
2023-06-02,Store_5,Product_8,86,134,0
2023-06-02,Store_5,Product_9,30,103,0
2023-06-02,Store_5,Product_10,95,143,0
2023-06-03,Store_1,Product_1,43,124,0
2023-06-03,Store_1,Product_2,45,194,0
2023-06-03,Store_1,Product_3,89,181,0
2023-06-03,Store_1,Product_4,93,153,0
2023-06-03,Store_1,Product_5,63,149,0
2023-06-03,Store_1,Product_6,26,198,0
2023-06-03,Store_1,Product_7,63,145,1
2023-06-03,Store_1,Product_8,31,171,0
2023-06-03,Store_1,Product_9,33,75,0
2023-06-03,Store_1,Product_10,89,61,0
2023-06-03,Store_2,Product_1,58,54,1
2023-06-03,Store_2,Product_2,79,67,0
2023-06-03,Store_2,Product_3,36,75,1
2023-06-03,Store_2,Product_4,77,115,1
2023-06-03,Store_2,Product_5,76,68,0
2023-06-03,Store_2,Product_6,65,154,1
2023-06-03,Store_2,Product_7,61,138,0
2023-06-03,Store_2,Product_8,79,165,0
2023-06-03,Store_2,Product_9,71,102,0
2023-06-03,Store_2,Product_10,23,109,0
2023-06-03,Store_3,Product_1,87,127,0
2023-06-03,Store_3,Product_2,73,187,0
2023-06-03,Store_3,Product_3,52,85,0
2023-06-03,Store_3,Product_4,61,169,0
2023-06-03,Store_3,Product_5,67,90,0
2023-06-03,Store_3,Product_6,29,105,0
2023-06-03,Store_3,Product_7,90,82,0
2023-06-03,Store_3,Product_8,99,53,0
2023-06-03,Store_3,Product_9,95,66,1
2023-06-03,Store_3,Product_10,100,136,0
2023-06-03,Store_4,Product_1,47,109,1
2023-06-03,Store_4,Product_2,79,120,0
2023-06-03,Store_4,Product_3,51,76,0
2023-06-03,Store_4,Product_4,36,55,0
2023-06-03,Store_4,Product_5,51,72,0
2023-06-03,Store_4,Product_6,69,108,1
2023-06-03,Store_4,Product_7,43,59,0
2023-06-03,Store_4,Product_8,59,124,0
2023-06-03,Store_4,Product_9,23,94,0
2023-06-03,Store_4,Product_10,55,192,1
2023-06-03,Store_5,Product_1,88,65,0
2023-06-03,Store_5,Product_2,75,182,0
2023-06-03,Store_5,Product_3,93,117,0
2023-06-03,Store_5,Product_4,60,95,0
2023-06-03,Store_5,Product_5,49,192,0
2023-06-03,Store_5,Product_6,120,71,1
2023-06-03,Store_5,Product_7,57,189,0
2023-06-03,Store_5,Product_8,71,154,1
2023-06-03,Store_5,Product_9,27,171,0
2023-06-03,Store_5,Product_10,21,143,0
2023-06-04,Store_1,Product_1,79,102,0
2023-06-04,Store_1,Product_2,90,137,0
2023-06-04,Store_1,Product_3,72,51,0
2023-06-04,Store_1,Product_4,58,170,1
2023-06-04,Store_1,Product_5,93,137,1
2023-06-04,Store_1,Product_6,89,179,0
2023-06-04,Store_1,Product_7,37,101,0
2023-06-04,Store_1,Product_8,45,171,0
2023-06-04,Store_1,Product_9,46,75,0
2023-06-04,Store_1,Product_10,55,114,0
2023-06-04,Store_2,Product_1,96,189,1
2023-06-04,Store_2,Product_2,88,151,0
2023-06-04,Store_2,Product_3,87,158,0
2023-06-04,Store_2,Product_4,38,197,0
2023-06-04,Store_2,Product_5,91,186,0
2023-06-04,Store_2,Product_6,32,101,0
2023-06-04,Store_2,Product_7,53,145,0
2023-06-04,Store_2,Product_8,54,175,1
2023-06-04,Store_2,Product_9,91,130,1
2023-06-04,Store_2,Product_10,44,84,1
2023-06-04,Store_3,Product_1,51,89,1
2023-06-04,Store_3,Product_2,63,154,0
2023-06-04,Store_3,Product_3,122,58,1
2023-06-04,Store_3,Product_4,43,100,0
2023-06-04,Store_3,Product_5,89,157,0
2023-06-04,Store_3,Product_6,69,122,0
2023-06-04,Store_3,Product_7,30,88,0
2023-06-04,Store_3,Product_8,69,157,1
2023-06-04,Store_3,Product_9,76,70,0
2023-06-04,Store_3,Product_10,29,178,0
2023-06-04,Store_4,Product_1,121,144,1
2023-06-04,Store_4,Product_2,81,116,1
2023-06-04,Store_4,Product_3,67,189,0
2023-06-04,Store_4,Product_4,84,122,1
2023-06-04,Store_4,Product_5,100,99,0
2023-06-04,Store_4,Product_6,26,83,0
2023-06-04,Store_4,Product_7,63,179,0
2023-06-04,Store_4,Product_8,28,68,0
2023-06-04,Store_4,Product_9,23,70,0
2023-06-04,Store_4,Product_10,62,69,0
2023-06-04,Store_5,Product_1,37,64,0
2023-06-04,Store_5,Product_2,88,103,1
2023-06-04,Store_5,Product_3,60,58,0
2023-06-04,Store_5,Product_4,82,183,1
2023-06-04,Store_5,Product_5,61,169,0
2023-06-04,Store_5,Product_6,50,183,0
2023-06-04,Store_5,Product_7,80,160,0
2023-06-04,Store_5,Product_8,54,111,0
2023-06-04,Store_5,Product_9,86,69,0
2023-06-04,Store_5,Product_10,72,158,0
2023-06-05,Store_1,Product_1,80,133,0
2023-06-05,Store_1,Product_2,87,178,0
2023-06-05,Store_1,Product_3,75,58,0
2023-06-05,Store_1,Product_4,69,155,0
2023-06-05,Store_1,Product_5,37,181,0
2023-06-05,Store_1,Product_6,72,99,0
2023-06-05,Store_1,Product_7,73,102,0
2023-06-05,Store_1,Product_8,46,169,0
2023-06-05,Store_1,Product_9,48,165,0
2023-06-05,Store_1,Product_10,68,171,0
2023-06-05,Store_2,Product_1,113,175,1
2023-06-05,Store_2,Product_2,73,182,0
2023-06-05,Store_2,Product_3,101,78,0
2023-06-05,Store_2,Product_4,97,185,0
2023-06-05,Store_2,Product_5,26,137,0
2023-06-05,Store_2,Product_6,80,99,0
2023-06-05,Store_2,Product_7,46,176,0
2023-06-05,Store_2,Product_8,58,167,0
2023-06-05,Store_2,Product_9,95,195,0
2023-06-05,Store_2,Product_10,103,113,1
2023-06-05,Store_3,Product_1,37,63,0
2023-06-05,Store_3,Product_2,41,56,0
2023-06-05,Store_3,Product_3,77,185,0
2023-06-05,Store_3,Product_4,70,197,0
2023-06-05,Store_3,Product_5,47,136,0
2023-06-05,Store_3,Product_6,39,140,1
2023-06-05,Store_3,Product_7,40,116,0
2023-06-05,Store_3,Product_8,57,55,1
2023-06-05,Store_3,Product_9,52,87,0
2023-06-05,Store_3,Product_10,64,164,1
2023-06-05,Store_4,Product_1,99,172,0
2023-06-05,Store_4,Product_2,94,130,1
2023-06-05,Store_4,Product_3,33,194,0
2023-06-05,Store_4,Product_4,52,112,0
2023-06-05,Store_4,Product_5,97,133,0
2023-06-05,Store_4,Product_6,122,62,1
2023-06-05,Store_4,Product_7,43,181,0
2023-06-05,Store_4,Product_8,47,135,0
2023-06-05,Store_4,Product_9,67,105,0
2023-06-05,Store_4,Product_10,81,71,0
2023-06-05,Store_5,Product_1,26,188,0
2023-06-05,Store_5,Product_2,33,79,0
2023-06-05,Store_5,Product_3,103,156,0
2023-06-05,Store_5,Product_4,45,183,0
2023-06-05,Store_5,Product_5,92,195,0
2023-06-05,Store_5,Product_6,58,119,0
2023-06-05,Store_5,Product_7,98,184,1
2023-06-05,Store_5,Product_8,81,102,0
2023-06-05,Store_5,Product_9,75,53,0
2023-06-05,Store_5,Product_10,101,143,0
2023-06-06,Store_1,Product_1,74,189,0
2023-06-06,Store_1,Product_2,58,187,0
2023-06-06,Store_1,Product_3,102,190,0
2023-06-06,Store_1,Product_4,64,142,0
2023-06-06,Store_1,Product_5,71,81,0
2023-06-06,Store_1,Product_6,43,133,0
2023-06-06,Store_1,Product_7,70,175,0
2023-06-06,Store_1,Product_8,68,83,0
2023-06-06,Store_1,Product_9,70,93,0
2023-06-06,Store_1,Product_10,60,160,0
2023-06-06,Store_2,Product_1,33,54,1
2023-06-06,Store_2,Product_2,67,67,1
2023-06-06,Store_2,Product_3,93,117,0
2023-06-06,Store_2,Product_4,60,181,1
2023-06-06,Store_2,Product_5,43,144,0
2023-06-06,Store_2,Product_6,82,174,0
2023-06-06,Store_2,Product_7,78,113,0
2023-06-06,Store_2,Product_8,55,75,1
2023-06-06,Store_2,Product_9,67,134,0
2023-06-06,Store_2,Product_10,76,178,0
2023-06-06,Store_3,Product_1,50,86,1
2023-06-06,Store_3,Product_2,93,94,0
2023-06-06,Store_3,Product_3,69,173,0
2023-06-06,Store_3,Product_4,92,195,0
2023-06-06,Store_3,Product_5,70,132,0
2023-06-06,Store_3,Product_6,96,61,0
2023-06-06,Store_3,Product_7,30,86,0
2023-06-06,Store_3,Product_8,109,105,1
2023-06-06,Store_3,Product_9,17,86,0
2023-06-06,Store_3,Product_10,58,188,0
2023-06-06,Store_4,Product_1,83,195,1
2023-06-06,Store_4,Product_2,52,139,0
2023-06-06,Store_4,Product_3,94,53,0
2023-06-06,Store_4,Product_4,90,149,0
2023-06-06,Store_4,Product_5,70,121,0
2023-06-06,Store_4,Product_6,62,135,0
2023-06-06,Store_4,Product_7,93,140,0
2023-06-06,Store_4,Product_8,70,73,0
2023-06-06,Store_4,Product_9,74,71,0
2023-06-06,Store_4,Product_10,19,107,0
2023-06-06,Store_5,Product_1,63,97,0
2023-06-06,Store_5,Product_2,91,93,0
2023-06-06,Store_5,Product_3,51,80,0
2023-06-06,Store_5,Product_4,77,117,0
2023-06-06,Store_5,Product_5,33,184,0
2023-06-06,Store_5,Product_6,18,160,0
2023-06-06,Store_5,Product_7,70,125,0
2023-06-06,Store_5,Product_8,88,119,0
2023-06-06,Store_5,Product_9,39,94,0
2023-06-06,Store_5,Product_10,68,121,0
2023-06-07,Store_1,Product_1,31,69,0
2023-06-07,Store_1,Product_2,96,190,1
2023-06-07,Store_1,Product_3,82,140,0
2023-06-07,Store_1,Product_4,86,144,0
2023-06-07,Store_1,Product_5,86,190,0
2023-06-07,Store_1,Product_6,81,137,0
2023-06-07,Store_1,Product_7,44,153,0
2023-06-07,Store_1,Product_8,84,122,0
2023-06-07,Store_1,Product_9,47,169,0
2023-06-07,Store_1,Product_10,29,86,0
2023-06-07,Store_2,Product_1,97,167,0
2023-06-07,Store_2,Product_2,78,113,0
2023-06-07,Store_2,Product_3,87,62,0
2023-06-07,Store_2,Product_4,27,68,0
2023-06-07,Store_2,Product_5,77,106,0
2023-06-07,Store_2,Product_6,103,50,0
2023-06-07,Store_2,Product_7,77,57,0
2023-06-07,Store_2,Product_8,49,149,0
2023-06-07,Store_2,Product_9,89,104,0
2023-06-07,Store_2,Product_10,23,93,0
2023-06-07,Store_3,Product_1,45,61,0
2023-06-07,Store_3,Product_2,32,50,0
2023-06-07,Store_3,Product_3,81,89,1
2023-06-07,Store_3,Product_4,38,71,1
2023-06-07,Store_3,Product_5,109,161,1
2023-06-07,Store_3,Product_6,82,69,1
2023-06-07,Store_3,Product_7,86,90,0
2023-06-07,Store_3,Product_8,88,144,0
2023-06-07,Store_3,Product_9,100,132,0
2023-06-07,Store_3,Product_10,32,66,0
2023-06-07,Store_4,Product_1,103,55,1
2023-06-07,Store_4,Product_2,96,188,0
2023-06-07,Store_4,Product_3,71,132,0
2023-06-07,Store_4,Product_4,66,149,0
2023-06-07,Store_4,Product_5,43,129,0
2023-06-07,Store_4,Product_6,66,112,0
2023-06-07,Store_4,Product_7,101,184,1
2023-06-07,Store_4,Product_8,102,65,0
2023-06-07,Store_4,Product_9,62,58,1
2023-06-07,Store_4,Product_10,119,121,1
2023-06-07,Store_5,Product_1,41,108,0
2023-06-07,Store_5,Product_2,70,61,0
2023-06-07,Store_5,Product_3,86,160,1
2023-06-07,Store_5,Product_4,87,70,0
2023-06-07,Store_5,Product_5,59,189,0
2023-06-07,Store_5,Product_6,38,173,0
2023-06-07,Store_5,Product_7,82,129,0
2023-06-07,Store_5,Product_8,103,92,0
2023-06-07,Store_5,Product_9,90,72,0
2023-06-07,Store_5,Product_10,107,172,0
2023-06-08,Store_1,Product_1,76,67,0
2023-06-08,Store_1,Product_2,66,82,0
2023-06-08,Store_1,Product_3,80,63,0
2023-06-08,Store_1,Product_4,108,194,1
2023-06-08,Store_1,Product_5,31,73,0
2023-06-08,Store_1,Product_6,93,69,0
2023-06-08,Store_1,Product_7,68,55,0
2023-06-08,Store_1,Product_8,45,195,0
2023-06-08,Store_1,Product_9,85,97,0
2023-06-08,Store_1,Product_10,32,136,1
2023-06-08,Store_2,Product_1,96,116,0
2023-06-08,Store_2,Product_2,43,161,0
2023-06-08,Store_2,Product_3,34,176,1
2023-06-08,Store_2,Product_4,72,125,0
2023-06-08,Store_2,Product_5,41,178,0
2023-06-08,Store_2,Product_6,26,80,1
2023-06-08,Store_2,Product_7,100,136,0
2023-06-08,Store_2,Product_8,26,144,0
2023-06-08,Store_2,Product_9,44,66,0
2023-06-08,Store_2,Product_10,70,54,0
2023-06-08,Store_3,Product_1,96,189,0
2023-06-08,Store_3,Product_2,85,176,0
2023-06-08,Store_3,Product_3,42,195,0
2023-06-08,Store_3,Product_4,39,75,1
2023-06-08,Store_3,Product_5,63,50,0
2023-06-08,Store_3,Product_6,86,190,1
2023-06-08,Store_3,Product_7,96,195,0
2023-06-08,Store_3,Product_8,45,113,0
2023-06-08,Store_3,Product_9,108,106,1
2023-06-08,Store_3,Product_10,64,116,0
2023-06-08,Store_4,Product_1,100,194,0
2023-06-08,Store_4,Product_2,59,182,0
2023-06-08,Store_4,Product_3,83,139,0
2023-06-08,Store_4,Product_4,72,170,0
2023-06-08,Store_4,Product_5,84,130,0
2023-06-08,Store_4,Product_6,97,195,0
2023-06-08,Store_4,Product_7,91,65,0
2023-06-08,Store_4,Product_8,101,191,0
2023-06-08,Store_4,Product_9,29,180,0
2023-06-08,Store_4,Product_10,51,108,0
2023-06-08,Store_5,Product_1,38,140,0
2023-06-08,Store_5,Product_2,32,96,0
2023-06-08,Store_5,Product_3,93,110,0
2023-06-08,Store_5,Product_4,65,177,0
2023-06-08,Store_5,Product_5,59,128,0
2023-06-08,Store_5,Product_6,36,85,0
2023-06-08,Store_5,Product_7,84,53,0
2023-06-08,Store_5,Product_8,86,75,0
2023-06-08,Store_5,Product_9,53,97,0
2023-06-08,Store_5,Product_10,49,95,0
2023-06-09,Store_1,Product_1,31,175,0
2023-06-09,Store_1,Product_2,85,98,0
2023-06-09,Store_1,Product_3,74,62,0
2023-06-09,Store_1,Product_4,94,119,1
2023-06-09,Store_1,Product_5,87,111,0
2023-06-09,Store_1,Product_6,26,87,1
2023-06-09,Store_1,Product_7,60,99,0
2023-06-09,Store_1,Product_8,37,124,0
2023-06-09,Store_1,Product_9,72,115,0
2023-06-09,Store_1,Product_10,99,142,0
2023-06-09,Store_2,Product_1,69,167,1
2023-06-09,Store_2,Product_2,56,133,0
2023-06-09,Store_2,Product_3,102,191,0
2023-06-09,Store_2,Product_4,49,119,0
2023-06-09,Store_2,Product_5,82,66,0
2023-06-09,Store_2,Product_6,49,193,0
2023-06-09,Store_2,Product_7,53,111,0
2023-06-09,Store_2,Product_8,102,191,1
2023-06-09,Store_2,Product_9,109,97,1
2023-06-09,Store_2,Product_10,25,108,0
2023-06-09,Store_3,Product_1,64,194,0
2023-06-09,Store_3,Product_2,82,120,0
2023-06-09,Store_3,Product_3,94,132,0
2023-06-09,Store_3,Product_4,36,126,0
2023-06-09,Store_3,Product_5,97,197,0
2023-06-09,Store_3,Product_6,50,79,1
2023-06-09,Store_3,Product_7,87,191,0
2023-06-09,Store_3,Product_8,105,73,1
2023-06-09,Store_3,Product_9,75,83,0
2023-06-09,Store_3,Product_10,70,71,0
2023-06-09,Store_4,Product_1,19,96,0
2023-06-09,Store_4,Product_2,93,164,0
2023-06-09,Store_4,Product_3,45,115,0
2023-06-09,Store_4,Product_4,78,162,0
2023-06-09,Store_4,Product_5,80,111,0
2023-06-09,Store_4,Product_6,45,186,1
2023-06-09,Store_4,Product_7,23,122,0
2023-06-09,Store_4,Product_8,65,91,0
2023-06-09,Store_4,Product_9,93,52,0
2023-06-09,Store_4,Product_10,18,164,0
2023-06-09,Store_5,Product_1,87,108,1
2023-06-09,Store_5,Product_2,91,74,0
2023-06-09,Store_5,Product_3,22,50,0
2023-06-09,Store_5,Product_4,27,93,0
2023-06-09,Store_5,Product_5,81,109,0
2023-06-09,Store_5,Product_6,76,164,0
2023-06-09,Store_5,Product_7,67,88,0
2023-06-09,Store_5,Product_8,63,198,0
2023-06-09,Store_5,Product_9,47,162,0
2023-06-09,Store_5,Product_10,74,177,0
2023-06-10,Store_1,Product_1,24,149,0
2023-06-10,Store_1,Product_2,81,110,0
2023-06-10,Store_1,Product_3,53,151,0
2023-06-10,Store_1,Product_4,51,130,0
2023-06-10,Store_1,Product_5,96,139,0
2023-06-10,Store_1,Product_6,85,66,0
2023-06-10,Store_1,Product_7,38,110,0
2023-06-10,Store_1,Product_8,44,174,0
2023-06-10,Store_1,Product_9,60,69,0
2023-06-10,Store_1,Product_10,82,85,0
2023-06-10,Store_2,Product_1,59,122,0
2023-06-10,Store_2,Product_2,81,113,0
2023-06-10,Store_2,Product_3,43,187,0
2023-06-10,Store_2,Product_4,53,113,0
2023-06-10,Store_2,Product_5,106,188,1
2023-06-10,Store_2,Product_6,83,88,1
2023-06-10,Store_2,Product_7,103,192,0
2023-06-10,Store_2,Product_8,46,183,0
2023-06-10,Store_2,Product_9,101,132,0
2023-06-10,Store_2,Product_10,54,51,0
2023-06-10,Store_3,Product_1,27,94,0
2023-06-10,Store_3,Product_2,59,56,0
2023-06-10,Store_3,Product_3,86,198,1
2023-06-10,Store_3,Product_4,32,51,0
2023-06-10,Store_3,Product_5,62,167,1
2023-06-10,Store_3,Product_6,90,74,1
2023-06-10,Store_3,Product_7,28,86,0
2023-06-10,Store_3,Product_8,31,77,0
2023-06-10,Store_3,Product_9,102,76,0
2023-06-10,Store_3,Product_10,41,175,0
2023-06-10,Store_4,Product_1,67,91,0
2023-06-10,Store_4,Product_2,98,185,1
2023-06-10,Store_4,Product_3,20,104,0
2023-06-10,Store_4,Product_4,109,54,1
2023-06-10,Store_4,Product_5,73,77,0
2023-06-10,Store_4,Product_6,78,155,0
2023-06-10,Store_4,Product_7,61,150,1
2023-06-10,Store_4,Product_8,62,71,0
2023-06-10,Store_4,Product_9,77,125,1
2023-06-10,Store_4,Product_10,48,131,0
2023-06-10,Store_5,Product_1,47,129,1
2023-06-10,Store_5,Product_2,42,56,1
2023-06-10,Store_5,Product_3,96,71,0
2023-06-10,Store_5,Product_4,36,191,0
2023-06-10,Store_5,Product_5,28,148,0
2023-06-10,Store_5,Product_6,89,164,0
2023-06-10,Store_5,Product_7,77,55,0
2023-06-10,Store_5,Product_8,29,125,0
2023-06-10,Store_5,Product_9,64,155,0
2023-06-10,Store_5,Product_10,56,117,0
2023-06-11,Store_1,Product_1,34,98,0
2023-06-11,Store_1,Product_2,100,51,0
2023-06-11,Store_1,Product_3,58,199,0
2023-06-11,Store_1,Product_4,42,199,0
2023-06-11,Store_1,Product_5,104,92,1
2023-06-11,Store_1,Product_6,35,167,0
2023-06-11,Store_1,Product_7,38,169,0
2023-06-11,Store_1,Product_8,50,101,0
2023-06-11,Store_1,Product_9,33,162,0
2023-06-11,Store_1,Product_10,94,141,0
2023-06-11,Store_2,Product_1,45,52,1
2023-06-11,Store_2,Product_2,84,195,0
2023-06-11,Store_2,Product_3,103,94,0
2023-06-11,Store_2,Product_4,114,63,1
2023-06-11,Store_2,Product_5,90,68,0
2023-06-11,Store_2,Product_6,86,152,0
2023-06-11,Store_2,Product_7,77,178,0
2023-06-11,Store_2,Product_8,84,148,0
2023-06-11,Store_2,Product_9,52,77,0
2023-06-11,Store_2,Product_10,88,159,0
2023-06-11,Store_3,Product_1,35,148,0
2023-06-11,Store_3,Product_2,46,82,0
2023-06-11,Store_3,Product_3,44,69,0
2023-06-11,Store_3,Product_4,31,140,0
2023-06-11,Store_3,Product_5,29,134,0
2023-06-11,Store_3,Product_6,32,86,0
2023-06-11,Store_3,Product_7,61,98,0
2023-06-11,Store_3,Product_8,73,83,0
2023-06-11,Store_3,Product_9,58,117,0
2023-06-11,Store_3,Product_10,46,174,1
2023-06-11,Store_4,Product_1,137,74,1
2023-06-11,Store_4,Product_2,65,83,1
2023-06-11,Store_4,Product_3,102,171,0
2023-06-11,Store_4,Product_4,83,76,0
2023-06-11,Store_4,Product_5,93,81,0
2023-06-11,Store_4,Product_6,69,69,0
2023-06-11,Store_4,Product_7,69,191,1
2023-06-11,Store_4,Product_8,41,185,1
2023-06-11,Store_4,Product_9,34,83,0
2023-06-11,Store_4,Product_10,44,158,0
2023-06-11,Store_5,Product_1,33,120,0
2023-06-11,Store_5,Product_2,57,82,0
2023-06-11,Store_5,Product_3,32,116,1
2023-06-11,Store_5,Product_4,56,122,1
2023-06-11,Store_5,Product_5,87,118,0
2023-06-11,Store_5,Product_6,103,110,1
2023-06-11,Store_5,Product_7,28,119,0
2023-06-11,Store_5,Product_8,79,85,0
2023-06-11,Store_5,Product_9,78,78,0
2023-06-11,Store_5,Product_10,60,59,0
2023-06-12,Store_1,Product_1,102,172,0
2023-06-12,Store_1,Product_2,59,179,0
2023-06-12,Store_1,Product_3,56,133,0
2023-06-12,Store_1,Product_4,83,121,1
2023-06-12,Store_1,Product_5,73,61,0
2023-06-12,Store_1,Product_6,55,55,0
2023-06-12,Store_1,Product_7,86,168,0
2023-06-12,Store_1,Product_8,99,58,1
2023-06-12,Store_1,Product_9,39,121,0
2023-06-12,Store_1,Product_10,67,159,0
2023-06-12,Store_2,Product_1,41,56,0
2023-06-12,Store_2,Product_2,62,197,1
2023-06-12,Store_2,Product_3,57,147,0
2023-06-12,Store_2,Product_4,70,92,0
2023-06-12,Store_2,Product_5,40,101,1
2023-06-12,Store_2,Product_6,27,82,0
2023-06-12,Store_2,Product_7,88,175,0
2023-06-12,Store_2,Product_8,46,163,0
2023-06-12,Store_2,Product_9,77,141,0
2023-06-12,Store_2,Product_10,77,168,0
2023-06-12,Store_3,Product_1,84,150,0
2023-06-12,Store_3,Product_2,108,73,0
2023-06-12,Store_3,Product_3,28,172,0
2023-06-12,Store_3,Product_4,43,130,1
2023-06-12,Store_3,Product_5,40,185,0
2023-06-12,Store_3,Product_6,86,94,0
2023-06-12,Store_3,Product_7,53,116,0
2023-06-12,Store_3,Product_8,95,84,0
2023-06-12,Store_3,Product_9,69,67,1
2023-06-12,Store_3,Product_10,26,162,0
2023-06-12,Store_4,Product_1,112,100,1
2023-06-12,Store_4,Product_2,59,91,0
2023-06-12,Store_4,Product_3,88,127,0
2023-06-12,Store_4,Product_4,58,82,0
2023-06-12,Store_4,Product_5,104,117,0
2023-06-12,Store_4,Product_6,46,108,0
2023-06-12,Store_4,Product_7,101,183,0
2023-06-12,Store_4,Product_8,75,147,0
2023-06-12,Store_4,Product_9,85,84,0
2023-06-12,Store_4,Product_10,55,118,0
2023-06-12,Store_5,Product_1,77,105,0
2023-06-12,Store_5,Product_2,39,177,0
2023-06-12,Store_5,Product_3,34,157,0
2023-06-12,Store_5,Product_4,32,190,0
2023-06-12,Store_5,Product_5,51,171,1
2023-06-12,Store_5,Product_6,39,64,1
2023-06-12,Store_5,Product_7,103,53,0
2023-06-12,Store_5,Product_8,99,118,0
2023-06-12,Store_5,Product_9,67,92,1
2023-06-12,Store_5,Product_10,82,108,0
2023-06-13,Store_1,Product_1,96,72,1
2023-06-13,Store_1,Product_2,64,68,0
2023-06-13,Store_1,Product_3,71,84,0
2023-06-13,Store_1,Product_4,102,97,0
2023-06-13,Store_1,Product_5,43,192,0
2023-06-13,Store_1,Product_6,86,116,0
2023-06-13,Store_1,Product_7,37,167,0
2023-06-13,Store_1,Product_8,59,173,0
2023-06-13,Store_1,Product_9,22,59,0
2023-06-13,Store_1,Product_10,70,153,0
2023-06-13,Store_2,Product_1,107,157,0
2023-06-13,Store_2,Product_2,61,193,0
2023-06-13,Store_2,Product_3,25,154,0
2023-06-13,Store_2,Product_4,88,77,0
2023-06-13,Store_2,Product_5,88,69,1
2023-06-13,Store_2,Product_6,82,124,0
2023-06-13,Store_2,Product_7,21,93,0
2023-06-13,Store_2,Product_8,31,88,1
2023-06-13,Store_2,Product_9,64,178,0
2023-06-13,Store_2,Product_10,102,82,1
2023-06-13,Store_3,Product_1,95,135,1
2023-06-13,Store_3,Product_2,53,113,0
2023-06-13,Store_3,Product_3,58,160,0
2023-06-13,Store_3,Product_4,47,184,0
2023-06-13,Store_3,Product_5,83,149,0
2023-06-13,Store_3,Product_6,69,77,1
2023-06-13,Store_3,Product_7,53,58,0
2023-06-13,Store_3,Product_8,35,65,0
2023-06-13,Store_3,Product_9,55,54,0
2023-06-13,Store_3,Product_10,58,128,1
2023-06-13,Store_4,Product_1,41,191,0
2023-06-13,Store_4,Product_2,31,181,0
2023-06-13,Store_4,Product_3,46,185,0
2023-06-13,Store_4,Product_4,43,113,0
2023-06-13,Store_4,Product_5,66,144,1
2023-06-13,Store_4,Product_6,60,137,0
2023-06-13,Store_4,Product_7,86,74,0
2023-06-13,Store_4,Product_8,72,165,0
2023-06-13,Store_4,Product_9,87,95,1
2023-06-13,Store_4,Product_10,97,105,0
2023-06-13,Store_5,Product_1,96,66,0
2023-06-13,Store_5,Product_2,50,183,0
2023-06-13,Store_5,Product_3,28,105,0
2023-06-13,Store_5,Product_4,55,82,1
2023-06-13,Store_5,Product_5,23,96,1
2023-06-13,Store_5,Product_6,50,130,0
2023-06-13,Store_5,Product_7,45,181,0
2023-06-13,Store_5,Product_8,43,120,1
2023-06-13,Store_5,Product_9,73,54,0
2023-06-13,Store_5,Product_10,52,64,0
2023-06-14,Store_1,Product_1,94,70,1
2023-06-14,Store_1,Product_2,85,152,0
2023-06-14,Store_1,Product_3,51,158,0
2023-06-14,Store_1,Product_4,46,160,0
2023-06-14,Store_1,Product_5,63,87,0
2023-06-14,Store_1,Product_6,87,99,0
2023-06-14,Store_1,Product_7,58,198,0
2023-06-14,Store_1,Product_8,87,191,0
2023-06-14,Store_1,Product_9,34,158,0
2023-06-14,Store_1,Product_10,30,198,0
2023-06-14,Store_2,Product_1,90,94,0
2023-06-14,Store_2,Product_2,42,76,0
2023-06-14,Store_2,Product_3,71,109,1
2023-06-14,Store_2,Product_4,79,129,0
2023-06-14,Store_2,Product_5,44,55,0
2023-06-14,Store_2,Product_6,33,76,0
2023-06-14,Store_2,Product_7,96,165,0
2023-06-14,Store_2,Product_8,48,197,0
2023-06-14,Store_2,Product_9,123,101,1
2023-06-14,Store_2,Product_10,48,186,0
2023-06-14,Store_3,Product_1,83,143,1
2023-06-14,Store_3,Product_2,105,153,0
2023-06-14,Store_3,Product_3,51,76,0
2023-06-14,Store_3,Product_4,46,68,1
2023-06-14,Store_3,Product_5,59,131,0
2023-06-14,Store_3,Product_6,65,87,0
2023-06-14,Store_3,Product_7,98,76,0
2023-06-14,Store_3,Product_8,85,132,0
2023-06-14,Store_3,Product_9,33,188,0
2023-06-14,Store_3,Product_10,49,71,0
2023-06-14,Store_4,Product_1,95,194,0
2023-06-14,Store_4,Product_2,41,108,0
2023-06-14,Store_4,Product_3,47,113,1
2023-06-14,Store_4,Product_4,103,86,0
2023-06-14,Store_4,Product_5,31,78,0
2023-06-14,Store_4,Product_6,81,103,0
2023-06-14,Store_4,Product_7,56,129,1
2023-06-14,Store_4,Product_8,98,89,0
2023-06-14,Store_4,Product_9,81,146,0
2023-06-14,Store_4,Product_10,41,166,0
2023-06-14,Store_5,Product_1,101,147,0
2023-06-14,Store_5,Product_2,95,168,0
2023-06-14,Store_5,Product_3,77,178,0
2023-06-14,Store_5,Product_4,54,76,1
2023-06-14,Store_5,Product_5,130,132,1
2023-06-14,Store_5,Product_6,81,120,1
2023-06-14,Store_5,Product_7,76,105,0
2023-06-14,Store_5,Product_8,32,57,0
2023-06-14,Store_5,Product_9,71,56,0
2023-06-14,Store_5,Product_10,32,124,0
2023-06-15,Store_1,Product_1,25,122,0
2023-06-15,Store_1,Product_2,90,80,0
2023-06-15,Store_1,Product_3,49,169,0
2023-06-15,Store_1,Product_4,34,69,0
2023-06-15,Store_1,Product_5,96,93,0
2023-06-15,Store_1,Product_6,76,121,0
2023-06-15,Store_1,Product_7,72,180,0
2023-06-15,Store_1,Product_8,33,143,1
2023-06-15,Store_1,Product_9,67,79,0
2023-06-15,Store_1,Product_10,86,194,1
2023-06-15,Store_2,Product_1,119,160,1
2023-06-15,Store_2,Product_2,50,177,1
2023-06-15,Store_2,Product_3,69,144,0
2023-06-15,Store_2,Product_4,24,74,0
2023-06-15,Store_2,Product_5,94,149,0
2023-06-15,Store_2,Product_6,47,184,0
2023-06-15,Store_2,Product_7,31,68,0
2023-06-15,Store_2,Product_8,24,172,0
2023-06-15,Store_2,Product_9,54,199,1
2023-06-15,Store_2,Product_10,33,169,0
2023-06-15,Store_3,Product_1,50,66,0
2023-06-15,Store_3,Product_2,22,79,0
2023-06-15,Store_3,Product_3,69,148,0
2023-06-15,Store_3,Product_4,88,94,0
2023-06-15,Store_3,Product_5,28,141,0
2023-06-15,Store_3,Product_6,72,199,0
2023-06-15,Store_3,Product_7,46,79,0
2023-06-15,Store_3,Product_8,31,189,1
2023-06-15,Store_3,Product_9,68,147,0
2023-06-15,Store_3,Product_10,31,86,0
2023-06-15,Store_4,Product_1,85,94,0
2023-06-15,Store_4,Product_2,96,193,0
2023-06-15,Store_4,Product_3,48,166,1
2023-06-15,Store_4,Product_4,36,108,0
2023-06-15,Store_4,Product_5,28,102,1
2023-06-15,Store_4,Product_6,65,119,1
2023-06-15,Store_4,Product_7,98,179,0
2023-06-15,Store_4,Product_8,111,144,1
2023-06-15,Store_4,Product_9,87,71,1
2023-06-15,Store_4,Product_10,37,161,0
2023-06-15,Store_5,Product_1,68,121,0
2023-06-15,Store_5,Product_2,82,69,0
2023-06-15,Store_5,Product_3,78,130,0
2023-06-15,Store_5,Product_4,39,138,0
2023-06-15,Store_5,Product_5,42,186,0
2023-06-15,Store_5,Product_6,74,105,0
2023-06-15,Store_5,Product_7,83,198,0
2023-06-15,Store_5,Product_8,30,138,0
2023-06-15,Store_5,Product_9,104,78,0
2023-06-15,Store_5,Product_10,85,198,0
2023-06-16,Store_1,Product_1,43,187,0
2023-06-16,Store_1,Product_2,64,99,1
2023-06-16,Store_1,Product_3,28,79,0
2023-06-16,Store_1,Product_4,81,86,0
2023-06-16,Store_1,Product_5,33,153,0
2023-06-16,Store_1,Product_6,70,140,0
2023-06-16,Store_1,Product_7,42,109,0
2023-06-16,Store_1,Product_8,63,181,0
2023-06-16,Store_1,Product_9,58,103,0
2023-06-16,Store_1,Product_10,104,184,0
2023-06-16,Store_2,Product_1,40,88,0
2023-06-16,Store_2,Product_2,38,199,0
2023-06-16,Store_2,Product_3,71,122,0
2023-06-16,Store_2,Product_4,97,141,0
2023-06-16,Store_2,Product_5,65,51,0
2023-06-16,Store_2,Product_6,100,59,0
2023-06-16,Store_2,Product_7,91,54,0
2023-06-16,Store_2,Product_8,47,76,0
2023-06-16,Store_2,Product_9,91,51,1
2023-06-16,Store_2,Product_10,85,52,0
2023-06-16,Store_3,Product_1,54,69,0
2023-06-16,Store_3,Product_2,57,73,0
2023-06-16,Store_3,Product_3,105,74,1
2023-06-16,Store_3,Product_4,56,135,0
2023-06-16,Store_3,Product_5,82,195,0
2023-06-16,Store_3,Product_6,53,91,0
2023-06-16,Store_3,Product_7,34,180,0
2023-06-16,Store_3,Product_8,75,109,0
2023-06-16,Store_3,Product_9,87,185,1
2023-06-16,Store_3,Product_10,60,160,1
2023-06-16,Store_4,Product_1,56,150,0
2023-06-16,Store_4,Product_2,104,135,1
2023-06-16,Store_4,Product_3,32,159,0
2023-06-16,Store_4,Product_4,61,125,0
2023-06-16,Store_4,Product_5,83,166,0
2023-06-16,Store_4,Product_6,73,193,1
2023-06-16,Store_4,Product_7,46,74,0
2023-06-16,Store_4,Product_8,77,109,0
2023-06-16,Store_4,Product_9,48,96,0
2023-06-16,Store_4,Product_10,69,91,0
2023-06-16,Store_5,Product_1,38,171,0
2023-06-16,Store_5,Product_2,35,166,0
2023-06-16,Store_5,Product_3,85,63,0
2023-06-16,Store_5,Product_4,84,124,0
2023-06-16,Store_5,Product_5,88,173,0
2023-06-16,Store_5,Product_6,81,68,0
2023-06-16,Store_5,Product_7,99,129,1
2023-06-16,Store_5,Product_8,99,78,0
2023-06-16,Store_5,Product_9,113,136,1
2023-06-16,Store_5,Product_10,33,181,0
2023-06-17,Store_1,Product_1,33,168,0
2023-06-17,Store_1,Product_2,89,112,1
2023-06-17,Store_1,Product_3,80,65,0
2023-06-17,Store_1,Product_4,75,58,0
2023-06-17,Store_1,Product_5,47,197,1
2023-06-17,Store_1,Product_6,20,77,0
2023-06-17,Store_1,Product_7,57,122,1
2023-06-17,Store_1,Product_8,42,116,0
2023-06-17,Store_1,Product_9,62,131,0
2023-06-17,Store_1,Product_10,117,75,1
2023-06-17,Store_2,Product_1,31,85,1
2023-06-17,Store_2,Product_2,85,78,0
2023-06-17,Store_2,Product_3,33,159,0
2023-06-17,Store_2,Product_4,91,115,0
2023-06-17,Store_2,Product_5,95,53,0
2023-06-17,Store_2,Product_6,30,143,0
2023-06-17,Store_2,Product_7,37,117,0
2023-06-17,Store_2,Product_8,24,93,0
2023-06-17,Store_2,Product_9,90,155,0
2023-06-17,Store_2,Product_10,97,163,0
2023-06-17,Store_3,Product_1,54,182,0
2023-06-17,Store_3,Product_2,65,81,0
2023-06-17,Store_3,Product_3,34,159,0
2023-06-17,Store_3,Product_4,54,147,1
2023-06-17,Store_3,Product_5,98,107,1
2023-06-17,Store_3,Product_6,55,169,0
2023-06-17,Store_3,Product_7,122,50,1
2023-06-17,Store_3,Product_8,34,118,0
2023-06-17,Store_3,Product_9,102,52,1
2023-06-17,Store_3,Product_10,55,83,0
2023-06-17,Store_4,Product_1,89,74,1
2023-06-17,Store_4,Product_2,88,87,1
2023-06-17,Store_4,Product_3,69,77,1
2023-06-17,Store_4,Product_4,40,90,0
2023-06-17,Store_4,Product_5,79,187,0
2023-06-17,Store_4,Product_6,98,85,1
2023-06-17,Store_4,Product_7,70,150,0
2023-06-17,Store_4,Product_8,96,58,0
2023-06-17,Store_4,Product_9,16,91,0
2023-06-17,Store_4,Product_10,95,114,0
2023-06-17,Store_5,Product_1,53,109,0
2023-06-17,Store_5,Product_2,90,101,0
2023-06-17,Store_5,Product_3,104,135,0
2023-06-17,Store_5,Product_4,22,88,0
2023-06-17,Store_5,Product_5,25,122,0
2023-06-17,Store_5,Product_6,30,175,0
2023-06-17,Store_5,Product_7,46,86,0
2023-06-17,Store_5,Product_8,104,135,0
2023-06-17,Store_5,Product_9,66,126,0
2023-06-17,Store_5,Product_10,78,199,0
2023-06-18,Store_1,Product_1,74,90,0
2023-06-18,Store_1,Product_2,74,121,0
2023-06-18,Store_1,Product_3,81,121,0
2023-06-18,Store_1,Product_4,46,66,0
2023-06-18,Store_1,Product_5,75,66,0
2023-06-18,Store_1,Product_6,60,195,1
2023-06-18,Store_1,Product_7,62,147,0
2023-06-18,Store_1,Product_8,48,197,0
2023-06-18,Store_1,Product_9,58,122,1
2023-06-18,Store_1,Product_10,69,189,0
2023-06-18,Store_2,Product_1,62,159,0
2023-06-18,Store_2,Product_2,62,165,0
2023-06-18,Store_2,Product_3,66,148,1
2023-06-18,Store_2,Product_4,71,123,0
2023-06-18,Store_2,Product_5,62,65,1
2023-06-18,Store_2,Product_6,43,83,0
2023-06-18,Store_2,Product_7,82,87,1
2023-06-18,Store_2,Product_8,92,131,0
2023-06-18,Store_2,Product_9,79,155,0
2023-06-18,Store_2,Product_10,30,136,0
2023-06-18,Store_3,Product_1,65,77,0
2023-06-18,Store_3,Product_2,41,135,0
2023-06-18,Store_3,Product_3,15,154,0
2023-06-18,Store_3,Product_4,84,183,0
2023-06-18,Store_3,Product_5,51,141,1
2023-06-18,Store_3,Product_6,27,160,0
2023-06-18,Store_3,Product_7,70,139,0
2023-06-18,Store_3,Product_8,93,141,1
2023-06-18,Store_3,Product_9,26,157,0
2023-06-18,Store_3,Product_10,68,86,0
2023-06-18,Store_4,Product_1,38,95,0
2023-06-18,Store_4,Product_2,30,98,0
2023-06-18,Store_4,Product_3,90,168,0
2023-06-18,Store_4,Product_4,53,163,1
2023-06-18,Store_4,Product_5,77,136,0
2023-06-18,Store_4,Product_6,97,119,0
2023-06-18,Store_4,Product_7,72,188,0
2023-06-18,Store_4,Product_8,23,57,0
2023-06-18,Store_4,Product_9,37,180,0
2023-06-18,Store_4,Product_10,23,164,0
2023-06-18,Store_5,Product_1,66,156,1
2023-06-18,Store_5,Product_2,93,187,0
2023-06-18,Store_5,Product_3,83,114,0
2023-06-18,Store_5,Product_4,76,192,0
2023-06-18,Store_5,Product_5,31,54,0
2023-06-18,Store_5,Product_6,58,158,0
2023-06-18,Store_5,Product_7,48,135,0
2023-06-18,Store_5,Product_8,61,107,0
2023-06-18,Store_5,Product_9,32,63,0
2023-06-18,Store_5,Product_10,39,173,0
2023-06-19,Store_1,Product_1,59,179,0
2023-06-19,Store_1,Product_2,68,89,0
2023-06-19,Store_1,Product_3,40,81,0
2023-06-19,Store_1,Product_4,84,84,1
2023-06-19,Store_1,Product_5,27,59,0
2023-06-19,Store_1,Product_6,77,117,0
2023-06-19,Store_1,Product_7,53,178,0
2023-06-19,Store_1,Product_8,55,113,0
2023-06-19,Store_1,Product_9,35,57,0
2023-06-19,Store_1,Product_10,17,51,0
2023-06-19,Store_2,Product_1,59,145,0
2023-06-19,Store_2,Product_2,62,88,1
2023-06-19,Store_2,Product_3,34,125,0
2023-06-19,Store_2,Product_4,110,160,1
2023-06-19,Store_2,Product_5,46,177,0
2023-06-19,Store_2,Product_6,60,131,0
2023-06-19,Store_2,Product_7,98,165,0
2023-06-19,Store_2,Product_8,41,175,1
2023-06-19,Store_2,Product_9,109,60,1
2023-06-19,Store_2,Product_10,55,187,0
2023-06-19,Store_3,Product_1,23,85,0
2023-06-19,Store_3,Product_2,74,199,0
2023-06-19,Store_3,Product_3,36,60,0
2023-06-19,Store_3,Product_4,88,81,0
2023-06-19,Store_3,Product_5,72,136,0
2023-06-19,Store_3,Product_6,84,114,0
2023-06-19,Store_3,Product_7,85,127,0
2023-06-19,Store_3,Product_8,57,149,0
2023-06-19,Store_3,Product_9,87,113,0
2023-06-19,Store_3,Product_10,69,51,1
2023-06-19,Store_4,Product_1,85,89,1
2023-06-19,Store_4,Product_2,77,168,1
2023-06-19,Store_4,Product_3,26,174,0
2023-06-19,Store_4,Product_4,53,70,0
2023-06-19,Store_4,Product_5,69,108,0
2023-06-19,Store_4,Product_6,91,143,0
2023-06-19,Store_4,Product_7,86,136,0
2023-06-19,Store_4,Product_8,58,61,0
2023-06-19,Store_4,Product_9,73,162,0
2023-06-19,Store_4,Product_10,57,192,0
2023-06-19,Store_5,Product_1,61,163,0
2023-06-19,Store_5,Product_2,74,105,1
2023-06-19,Store_5,Product_3,26,63,1
2023-06-19,Store_5,Product_4,33,133,0
2023-06-19,Store_5,Product_5,71,71,1
2023-06-19,Store_5,Product_6,74,188,0
2023-06-19,Store_5,Product_7,90,55,0
2023-06-19,Store_5,Product_8,93,62,0
2023-06-19,Store_5,Product_9,59,53,1
2023-06-19,Store_5,Product_10,48,81,0
2023-06-20,Store_1,Product_1,65,142,1
2023-06-20,Store_1,Product_2,29,167,0
2023-06-20,Store_1,Product_3,81,181,0
2023-06-20,Store_1,Product_4,96,68,0
2023-06-20,Store_1,Product_5,86,183,0
2023-06-20,Store_1,Product_6,40,106,1
2023-06-20,Store_1,Product_7,72,51,0
2023-06-20,Store_1,Product_8,24,56,0
2023-06-20,Store_1,Product_9,30,140,0
2023-06-20,Store_1,Product_10,21,97,0
2023-06-20,Store_2,Product_1,53,55,0
2023-06-20,Store_2,Product_2,55,171,0
2023-06-20,Store_2,Product_3,46,123,0
2023-06-20,Store_2,Product_4,47,114,0
2023-06-20,Store_2,Product_5,33,153,0
2023-06-20,Store_2,Product_6,22,114,0
2023-06-20,Store_2,Product_7,83,113,0
2023-06-20,Store_2,Product_8,93,177,0
2023-06-20,Store_2,Product_9,92,173,0
2023-06-20,Store_2,Product_10,64,151,1
2023-06-20,Store_3,Product_1,87,61,0
2023-06-20,Store_3,Product_2,95,104,0
2023-06-20,Store_3,Product_3,78,52,0
2023-06-20,Store_3,Product_4,75,79,0
2023-06-20,Store_3,Product_5,51,159,1
2023-06-20,Store_3,Product_6,21,139,0
2023-06-20,Store_3,Product_7,91,67,0
2023-06-20,Store_3,Product_8,53,167,0
2023-06-20,Store_3,Product_9,38,112,0
2023-06-20,Store_3,Product_10,98,131,1
2023-06-20,Store_4,Product_1,58,182,0
2023-06-20,Store_4,Product_2,98,164,1
2023-06-20,Store_4,Product_3,84,61,1
2023-06-20,Store_4,Product_4,32,142,0
2023-06-20,Store_4,Product_5,50,111,0
2023-06-20,Store_4,Product_6,102,83,0
2023-06-20,Store_4,Product_7,52,186,0
2023-06-20,Store_4,Product_8,71,50,0
2023-06-20,Store_4,Product_9,101,168,0
2023-06-20,Store_4,Product_10,55,130,1
2023-06-20,Store_5,Product_1,45,160,0
2023-06-20,Store_5,Product_2,61,120,1
2023-06-20,Store_5,Product_3,28,142,0
2023-06-20,Store_5,Product_4,26,84,1
2023-06-20,Store_5,Product_5,41,173,0
2023-06-20,Store_5,Product_6,22,140,0
2023-06-20,Store_5,Product_7,120,158,1
2023-06-20,Store_5,Product_8,30,133,0
2023-06-20,Store_5,Product_9,50,123,1
2023-06-20,Store_5,Product_10,30,110,0
2023-06-21,Store_1,Product_1,51,165,0
2023-06-21,Store_1,Product_2,85,151,0
2023-06-21,Store_1,Product_3,36,191,0
2023-06-21,Store_1,Product_4,56,80,0
2023-06-21,Store_1,Product_5,94,179,0
2023-06-21,Store_1,Product_6,29,79,0
2023-06-21,Store_1,Product_7,78,182,0
2023-06-21,Store_1,Product_8,24,171,0
2023-06-21,Store_1,Product_9,64,121,0
2023-06-21,Store_1,Product_10,107,70,1
2023-06-21,Store_2,Product_1,92,187,0
2023-06-21,Store_2,Product_2,32,58,0
2023-06-21,Store_2,Product_3,44,113,0
2023-06-21,Store_2,Product_4,95,172,0
2023-06-21,Store_2,Product_5,32,154,0
2023-06-21,Store_2,Product_6,81,110,0
2023-06-21,Store_2,Product_7,56,99,0
2023-06-21,Store_2,Product_8,74,93,0
2023-06-21,Store_2,Product_9,72,186,1
2023-06-21,Store_2,Product_10,76,80,1
2023-06-21,Store_3,Product_1,80,191,0
2023-06-21,Store_3,Product_2,103,95,0
2023-06-21,Store_3,Product_3,45,183,0
2023-06-21,Store_3,Product_4,75,149,0
2023-06-21,Store_3,Product_5,68,60,0
2023-06-21,Store_3,Product_6,57,150,0
2023-06-21,Store_3,Product_7,99,58,0
2023-06-21,Store_3,Product_8,73,76,0
2023-06-21,Store_3,Product_9,68,114,0
2023-06-21,Store_3,Product_10,55,149,0
2023-06-21,Store_4,Product_1,62,166,0
2023-06-21,Store_4,Product_2,50,80,0
2023-06-21,Store_4,Product_3,52,170,0
2023-06-21,Store_4,Product_4,89,176,0
2023-06-21,Store_4,Product_5,18,54,0
2023-06-21,Store_4,Product_6,46,52,0
2023-06-21,Store_4,Product_7,51,149,0
2023-06-21,Store_4,Product_8,37,60,1
2023-06-21,Store_4,Product_9,85,114,0
2023-06-21,Store_4,Product_10,89,107,0
2023-06-21,Store_5,Product_1,23,164,0
2023-06-21,Store_5,Product_2,22,185,0
2023-06-21,Store_5,Product_3,33,161,0
2023-06-21,Store_5,Product_4,30,85,0
2023-06-21,Store_5,Product_5,103,77,1
2023-06-21,Store_5,Product_6,71,58,0
2023-06-21,Store_5,Product_7,76,60,0
2023-06-21,Store_5,Product_8,26,152,0
2023-06-21,Store_5,Product_9,54,82,0
2023-06-21,Store_5,Product_10,49,130,0
2023-06-22,Store_1,Product_1,84,158,0
2023-06-22,Store_1,Product_2,44,184,0
2023-06-22,Store_1,Product_3,97,153,0
2023-06-22,Store_1,Product_4,93,106,0
2023-06-22,Store_1,Product_5,53,70,1
2023-06-22,Store_1,Product_6,76,167,0
2023-06-22,Store_1,Product_7,49,119,0
2023-06-22,Store_1,Product_8,77,94,0
2023-06-22,Store_1,Product_9,83,146,0
2023-06-22,Store_1,Product_10,94,157,0
2023-06-22,Store_2,Product_1,63,65,0
2023-06-22,Store_2,Product_2,27,94,1
2023-06-22,Store_2,Product_3,43,153,0
2023-06-22,Store_2,Product_4,83,89,0
2023-06-22,Store_2,Product_5,39,80,0
2023-06-22,Store_2,Product_6,91,154,0
2023-06-22,Store_2,Product_7,56,145,0
2023-06-22,Store_2,Product_8,80,65,0
2023-06-22,Store_2,Product_9,73,166,0
2023-06-22,Store_2,Product_10,73,172,0
2023-06-22,Store_3,Product_1,83,185,0
2023-06-22,Store_3,Product_2,58,94,0
2023-06-22,Store_3,Product_3,110,106,1
2023-06-22,Store_3,Product_4,43,170,0
2023-06-22,Store_3,Product_5,103,59,0
2023-06-22,Store_3,Product_6,63,64,1
2023-06-22,Store_3,Product_7,105,155,1
2023-06-22,Store_3,Product_8,43,104,0
2023-06-22,Store_3,Product_9,78,185,1
2023-06-22,Store_3,Product_10,49,119,0
2023-06-22,Store_4,Product_1,78,185,0
2023-06-22,Store_4,Product_2,81,68,0
2023-06-22,Store_4,Product_3,101,117,0
2023-06-22,Store_4,Product_4,48,73,0
2023-06-22,Store_4,Product_5,46,136,0
2023-06-22,Store_4,Product_6,87,163,0
2023-06-22,Store_4,Product_7,57,113,0
2023-06-22,Store_4,Product_8,63,183,0
2023-06-22,Store_4,Product_9,42,147,0
2023-06-22,Store_4,Product_10,30,58,0
2023-06-22,Store_5,Product_1,55,65,0
2023-06-22,Store_5,Product_2,31,101,0
2023-06-22,Store_5,Product_3,41,99,0
2023-06-22,Store_5,Product_4,87,128,0
2023-06-22,Store_5,Product_5,97,131,0
2023-06-22,Store_5,Product_6,70,154,0
2023-06-22,Store_5,Product_7,33,89,0
2023-06-22,Store_5,Product_8,93,189,1
2023-06-22,Store_5,Product_9,40,173,0
2023-06-22,Store_5,Product_10,37,71,0
2023-06-23,Store_1,Product_1,54,196,0
2023-06-23,Store_1,Product_2,19,96,0
2023-06-23,Store_1,Product_3,78,136,0
2023-06-23,Store_1,Product_4,33,129,0
2023-06-23,Store_1,Product_5,96,180,0
2023-06-23,Store_1,Product_6,41,73,0
2023-06-23,Store_1,Product_7,91,196,0
2023-06-23,Store_1,Product_8,72,141,1
2023-06-23,Store_1,Product_9,38,102,0
2023-06-23,Store_1,Product_10,21,87,1
2023-06-23,Store_2,Product_1,82,117,1
2023-06-23,Store_2,Product_2,83,133,0
2023-06-23,Store_2,Product_3,59,133,0
2023-06-23,Store_2,Product_4,64,134,0
2023-06-23,Store_2,Product_5,107,71,0
2023-06-23,Store_2,Product_6,26,157,0
2023-06-23,Store_2,Product_7,123,187,1
2023-06-23,Store_2,Product_8,102,172,1
2023-06-23,Store_2,Product_9,92,110,0
2023-06-23,Store_2,Product_10,29,124,0
2023-06-23,Store_3,Product_1,101,156,0
2023-06-23,Store_3,Product_2,50,166,0
2023-06-23,Store_3,Product_3,51,139,0
2023-06-23,Store_3,Product_4,29,57,0
2023-06-23,Store_3,Product_5,86,110,0
2023-06-23,Store_3,Product_6,66,197,0
2023-06-23,Store_3,Product_7,90,155,0
2023-06-23,Store_3,Product_8,69,114,0
2023-06-23,Store_3,Product_9,95,108,1
2023-06-23,Store_3,Product_10,47,87,0
2023-06-23,Store_4,Product_1,67,58,0
2023-06-23,Store_4,Product_2,26,112,0
2023-06-23,Store_4,Product_3,43,84,0
2023-06-23,Store_4,Product_4,50,98,0
2023-06-23,Store_4,Product_5,36,75,0
2023-06-23,Store_4,Product_6,66,160,0
2023-06-23,Store_4,Product_7,29,130,1
2023-06-23,Store_4,Product_8,23,86,0
2023-06-23,Store_4,Product_9,78,57,0
2023-06-23,Store_4,Product_10,81,161,0
2023-06-23,Store_5,Product_1,39,140,0
2023-06-23,Store_5,Product_2,54,125,0
2023-06-23,Store_5,Product_3,72,149,0
2023-06-23,Store_5,Product_4,73,176,1
2023-06-23,Store_5,Product_5,78,152,0
2023-06-23,Store_5,Product_6,93,89,0
2023-06-23,Store_5,Product_7,27,130,0
2023-06-23,Store_5,Product_8,30,154,0
2023-06-23,Store_5,Product_9,80,127,0
2023-06-23,Store_5,Product_10,84,85,0
2023-06-24,Store_1,Product_1,104,116,1
2023-06-24,Store_1,Product_2,80,132,1
2023-06-24,Store_1,Product_3,70,152,0
2023-06-24,Store_1,Product_4,44,83,1
2023-06-24,Store_1,Product_5,42,62,0
2023-06-24,Store_1,Product_6,16,61,0
2023-06-24,Store_1,Product_7,59,118,0
2023-06-24,Store_1,Product_8,34,162,0
2023-06-24,Store_1,Product_9,87,102,0
2023-06-24,Store_1,Product_10,43,62,0
2023-06-24,Store_2,Product_1,66,88,0
2023-06-24,Store_2,Product_2,50,156,0
2023-06-24,Store_2,Product_3,57,136,0
2023-06-24,Store_2,Product_4,86,59,0
2023-06-24,Store_2,Product_5,48,148,0
2023-06-24,Store_2,Product_6,71,123,0
2023-06-24,Store_2,Product_7,53,128,0
2023-06-24,Store_2,Product_8,43,170,0
2023-06-24,Store_2,Product_9,79,119,0
2023-06-24,Store_2,Product_10,68,88,0
2023-06-24,Store_3,Product_1,68,60,0
2023-06-24,Store_3,Product_2,31,163,0
2023-06-24,Store_3,Product_3,66,65,0
2023-06-24,Store_3,Product_4,72,75,1
2023-06-24,Store_3,Product_5,81,153,1
2023-06-24,Store_3,Product_6,43,112,0
2023-06-24,Store_3,Product_7,66,97,1
2023-06-24,Store_3,Product_8,25,86,0
2023-06-24,Store_3,Product_9,68,83,0
2023-06-24,Store_3,Product_10,46,57,0
2023-06-24,Store_4,Product_1,63,100,0
2023-06-24,Store_4,Product_2,61,199,0
2023-06-24,Store_4,Product_3,69,188,1
2023-06-24,Store_4,Product_4,42,128,0
2023-06-24,Store_4,Product_5,35,88,1
2023-06-24,Store_4,Product_6,87,74,0
2023-06-24,Store_4,Product_7,34,146,0
2023-06-24,Store_4,Product_8,43,58,0
2023-06-24,Store_4,Product_9,86,156,1
2023-06-24,Store_4,Product_10,62,105,0
2023-06-24,Store_5,Product_1,64,53,0
2023-06-24,Store_5,Product_2,55,77,0
2023-06-24,Store_5,Product_3,24,59,0
2023-06-24,Store_5,Product_4,103,193,1
2023-06-24,Store_5,Product_5,102,84,0
2023-06-24,Store_5,Product_6,109,151,0
2023-06-24,Store_5,Product_7,89,131,0
2023-06-24,Store_5,Product_8,67,104,0
2023-06-24,Store_5,Product_9,45,129,0
2023-06-24,Store_5,Product_10,44,94,0
2023-06-25,Store_1,Product_1,34,67,1
2023-06-25,Store_1,Product_2,59,135,1
2023-06-25,Store_1,Product_3,46,61,0
2023-06-25,Store_1,Product_4,66,117,0
2023-06-25,Store_1,Product_5,64,67,0
2023-06-25,Store_1,Product_6,88,154,0
2023-06-25,Store_1,Product_7,87,146,1
2023-06-25,Store_1,Product_8,99,99,0
2023-06-25,Store_1,Product_9,31,75,0
2023-06-25,Store_1,Product_10,91,92,0
2023-06-25,Store_2,Product_1,67,81,0
2023-06-25,Store_2,Product_2,92,107,0
2023-06-25,Store_2,Product_3,49,73,0
2023-06-25,Store_2,Product_4,19,163,0
2023-06-25,Store_2,Product_5,35,99,0
2023-06-25,Store_2,Product_6,65,62,0
2023-06-25,Store_2,Product_7,67,145,1
2023-06-25,Store_2,Product_8,40,110,0
2023-06-25,Store_2,Product_9,52,170,0
2023-06-25,Store_2,Product_10,89,193,0
2023-06-25,Store_3,Product_1,100,152,0
2023-06-25,Store_3,Product_2,30,100,0
2023-06-25,Store_3,Product_3,80,195,0
2023-06-25,Store_3,Product_4,77,197,1
2023-06-25,Store_3,Product_5,46,96,0
2023-06-25,Store_3,Product_6,27,182,1
2023-06-25,Store_3,Product_7,29,50,1
2023-06-25,Store_3,Product_8,31,188,0
2023-06-25,Store_3,Product_9,49,180,0
2023-06-25,Store_3,Product_10,18,72,0
2023-06-25,Store_4,Product_1,46,78,0
2023-06-25,Store_4,Product_2,63,107,0
2023-06-25,Store_4,Product_3,28,129,0
2023-06-25,Store_4,Product_4,68,50,0
2023-06-25,Store_4,Product_5,64,136,1
2023-06-25,Store_4,Product_6,81,188,0
2023-06-25,Store_4,Product_7,21,110,0
2023-06-25,Store_4,Product_8,21,51,1
2023-06-25,Store_4,Product_9,40,106,0
2023-06-25,Store_4,Product_10,67,144,0
2023-06-25,Store_5,Product_1,74,53,0
2023-06-25,Store_5,Product_2,80,106,0
2023-06-25,Store_5,Product_3,76,111,1
2023-06-25,Store_5,Product_4,73,175,1
2023-06-25,Store_5,Product_5,37,100,0
2023-06-25,Store_5,Product_6,82,186,0
2023-06-25,Store_5,Product_7,41,137,0
2023-06-25,Store_5,Product_8,75,147,0
2023-06-25,Store_5,Product_9,76,113,1
2023-06-25,Store_5,Product_10,20,154,0
2023-06-26,Store_1,Product_1,48,190,0
2023-06-26,Store_1,Product_2,61,158,0
2023-06-26,Store_1,Product_3,74,133,0
2023-06-26,Store_1,Product_4,75,57,0
2023-06-26,Store_1,Product_5,103,102,0
2023-06-26,Store_1,Product_6,86,167,0
2023-06-26,Store_1,Product_7,60,98,0
2023-06-26,Store_1,Product_8,27,86,1
2023-06-26,Store_1,Product_9,60,152,0
2023-06-26,Store_1,Product_10,42,159,0
2023-06-26,Store_2,Product_1,66,132,1
2023-06-26,Store_2,Product_2,50,152,1
2023-06-26,Store_2,Product_3,99,64,0
2023-06-26,Store_2,Product_4,20,84,0
2023-06-26,Store_2,Product_5,53,51,0
2023-06-26,Store_2,Product_6,75,163,0
2023-06-26,Store_2,Product_7,42,155,0
2023-06-26,Store_2,Product_8,97,56,0
2023-06-26,Store_2,Product_9,27,105,0
2023-06-26,Store_2,Product_10,79,121,1
2023-06-26,Store_3,Product_1,86,131,1
2023-06-26,Store_3,Product_2,90,188,0
2023-06-26,Store_3,Product_3,79,117,0
2023-06-26,Store_3,Product_4,60,146,0
2023-06-26,Store_3,Product_5,76,173,0
2023-06-26,Store_3,Product_6,76,146,0
2023-06-26,Store_3,Product_7,38,152,0
2023-06-26,Store_3,Product_8,37,86,0
2023-06-26,Store_3,Product_9,67,81,0
2023-06-26,Store_3,Product_10,77,148,0
2023-06-26,Store_4,Product_1,61,102,0
2023-06-26,Store_4,Product_2,50,125,0
2023-06-26,Store_4,Product_3,98,156,0
2023-06-26,Store_4,Product_4,92,185,0
2023-06-26,Store_4,Product_5,35,175,0
2023-06-26,Store_4,Product_6,96,173,0
2023-06-26,Store_4,Product_7,37,199,0
2023-06-26,Store_4,Product_8,80,113,0
2023-06-26,Store_4,Product_9,34,133,0
2023-06-26,Store_4,Product_10,93,180,0
2023-06-26,Store_5,Product_1,80,172,0
2023-06-26,Store_5,Product_2,66,132,0
2023-06-26,Store_5,Product_3,28,167,0
2023-06-26,Store_5,Product_4,95,68,0
2023-06-26,Store_5,Product_5,74,145,0
2023-06-26,Store_5,Product_6,42,116,0
2023-06-26,Store_5,Product_7,38,152,0
2023-06-26,Store_5,Product_8,70,171,0
2023-06-26,Store_5,Product_9,40,124,0
2023-06-26,Store_5,Product_10,66,152,0
2023-06-27,Store_1,Product_1,115,101,0
2023-06-27,Store_1,Product_2,98,128,1
2023-06-27,Store_1,Product_3,87,69,0
2023-06-27,Store_1,Product_4,46,134,1
2023-06-27,Store_1,Product_5,87,185,1
2023-06-27,Store_1,Product_6,89,70,0
2023-06-27,Store_1,Product_7,64,52,1
2023-06-27,Store_1,Product_8,45,56,1
2023-06-27,Store_1,Product_9,80,60,0
2023-06-27,Store_1,Product_10,60,58,0
2023-06-27,Store_2,Product_1,82,193,0
2023-06-27,Store_2,Product_2,75,84,0
2023-06-27,Store_2,Product_3,83,142,1
2023-06-27,Store_2,Product_4,60,138,0
2023-06-27,Store_2,Product_5,20,145,0
2023-06-27,Store_2,Product_6,86,86,1
2023-06-27,Store_2,Product_7,81,156,0
2023-06-27,Store_2,Product_8,67,157,0
2023-06-27,Store_2,Product_9,75,160,0
2023-06-27,Store_2,Product_10,83,165,0
2023-06-27,Store_3,Product_1,93,67,0
2023-06-27,Store_3,Product_2,30,73,0
2023-06-27,Store_3,Product_3,52,193,0
2023-06-27,Store_3,Product_4,40,182,0
2023-06-27,Store_3,Product_5,66,196,0
2023-06-27,Store_3,Product_6,45,121,0
2023-06-27,Store_3,Product_7,20,143,1
2023-06-27,Store_3,Product_8,35,76,0
2023-06-27,Store_3,Product_9,94,64,0
2023-06-27,Store_3,Product_10,91,96,0
2023-06-27,Store_4,Product_1,70,127,0
2023-06-27,Store_4,Product_2,32,61,0
2023-06-27,Store_4,Product_3,93,120,0
2023-06-27,Store_4,Product_4,90,53,0
2023-06-27,Store_4,Product_5,92,65,0
2023-06-27,Store_4,Product_6,43,188,0
2023-06-27,Store_4,Product_7,45,67,0
2023-06-27,Store_4,Product_8,40,147,0
2023-06-27,Store_4,Product_9,89,190,0
2023-06-27,Store_4,Product_10,128,116,1
2023-06-27,Store_5,Product_1,70,178,0
2023-06-27,Store_5,Product_2,92,182,0
2023-06-27,Store_5,Product_3,104,198,0
2023-06-27,Store_5,Product_4,73,196,1
2023-06-27,Store_5,Product_5,50,106,1
2023-06-27,Store_5,Product_6,84,199,0
2023-06-27,Store_5,Product_7,41,115,1
2023-06-27,Store_5,Product_8,60,112,0
2023-06-27,Store_5,Product_9,90,139,0
2023-06-27,Store_5,Product_10,60,156,0
2023-06-28,Store_1,Product_1,116,97,1
2023-06-28,Store_1,Product_2,96,166,1
2023-06-28,Store_1,Product_3,84,177,0
2023-06-28,Store_1,Product_4,75,133,0
2023-06-28,Store_1,Product_5,34,168,0
2023-06-28,Store_1,Product_6,28,127,0
2023-06-28,Store_1,Product_7,39,145,0
2023-06-28,Store_1,Product_8,56,135,0
2023-06-28,Store_1,Product_9,38,155,0
2023-06-28,Store_1,Product_10,27,141,0
2023-06-28,Store_2,Product_1,42,63,0
2023-06-28,Store_2,Product_2,82,57,0
2023-06-28,Store_2,Product_3,59,195,0
2023-06-28,Store_2,Product_4,44,52,0
2023-06-28,Store_2,Product_5,52,141,0
2023-06-28,Store_2,Product_6,33,53,0
2023-06-28,Store_2,Product_7,77,190,0
2023-06-28,Store_2,Product_8,89,141,0
2023-06-28,Store_2,Product_9,21,91,0
2023-06-28,Store_2,Product_10,100,86,1
2023-06-28,Store_3,Product_1,74,131,0
2023-06-28,Store_3,Product_2,87,115,0
2023-06-28,Store_3,Product_3,53,199,0
2023-06-28,Store_3,Product_4,51,108,0
2023-06-28,Store_3,Product_5,70,71,0
2023-06-28,Store_3,Product_6,62,56,0
2023-06-28,Store_3,Product_7,129,195,1
2023-06-28,Store_3,Product_8,85,94,0
2023-06-28,Store_3,Product_9,58,181,1
2023-06-28,Store_3,Product_10,116,128,1
2023-06-28,Store_4,Product_1,52,153,0
2023-06-28,Store_4,Product_2,102,52,0
2023-06-28,Store_4,Product_3,94,167,0
2023-06-28,Store_4,Product_4,99,79,0
2023-06-28,Store_4,Product_5,98,152,1
2023-06-28,Store_4,Product_6,69,135,0
2023-06-28,Store_4,Product_7,78,86,1
2023-06-28,Store_4,Product_8,91,168,1
2023-06-28,Store_4,Product_9,46,85,0
2023-06-28,Store_4,Product_10,56,162,0
2023-06-28,Store_5,Product_1,101,62,0
2023-06-28,Store_5,Product_2,74,77,0
2023-06-28,Store_5,Product_3,83,73,0
2023-06-28,Store_5,Product_4,25,162,0
2023-06-28,Store_5,Product_5,39,151,0
2023-06-28,Store_5,Product_6,46,189,0
2023-06-28,Store_5,Product_7,23,196,1
2023-06-28,Store_5,Product_8,30,111,1
2023-06-28,Store_5,Product_9,82,50,1
2023-06-28,Store_5,Product_10,71,126,1
2023-06-29,Store_1,Product_1,66,132,0
2023-06-29,Store_1,Product_2,109,155,1
2023-06-29,Store_1,Product_3,51,132,1
2023-06-29,Store_1,Product_4,69,170,1
2023-06-29,Store_1,Product_5,56,192,0
2023-06-29,Store_1,Product_6,33,118,0
2023-06-29,Store_1,Product_7,23,138,0
2023-06-29,Store_1,Product_8,70,166,0
2023-06-29,Store_1,Product_9,65,56,0
2023-06-29,Store_1,Product_10,94,53,1
2023-06-29,Store_2,Product_1,82,130,0
2023-06-29,Store_2,Product_2,83,151,0
2023-06-29,Store_2,Product_3,63,112,0
2023-06-29,Store_2,Product_4,61,130,0
2023-06-29,Store_2,Product_5,22,157,0
2023-06-29,Store_2,Product_6,37,105,0
2023-06-29,Store_2,Product_7,57,53,0
2023-06-29,Store_2,Product_8,72,72,0
2023-06-29,Store_2,Product_9,32,50,0
2023-06-29,Store_2,Product_10,37,151,0
2023-06-29,Store_3,Product_1,101,107,1
2023-06-29,Store_3,Product_2,79,86,0
2023-06-29,Store_3,Product_3,76,66,0
2023-06-29,Store_3,Product_4,74,99,0
2023-06-29,Store_3,Product_5,76,98,0
2023-06-29,Store_3,Product_6,32,199,0
2023-06-29,Store_3,Product_7,74,61,0
2023-06-29,Store_3,Product_8,47,65,0
2023-06-29,Store_3,Product_9,93,139,0
2023-06-29,Store_3,Product_10,27,138,0
2023-06-29,Store_4,Product_1,28,180,0
2023-06-29,Store_4,Product_2,97,76,0
2023-06-29,Store_4,Product_3,32,164,0
2023-06-29,Store_4,Product_4,34,121,0
2023-06-29,Store_4,Product_5,29,77,0
2023-06-29,Store_4,Product_6,47,100,0
2023-06-29,Store_4,Product_7,82,55,0
2023-06-29,Store_4,Product_8,21,73,0
2023-06-29,Store_4,Product_9,48,179,1
2023-06-29,Store_4,Product_10,90,145,0
2023-06-29,Store_5,Product_1,93,71,0
2023-06-29,Store_5,Product_2,77,78,0
2023-06-29,Store_5,Product_3,28,180,0
2023-06-29,Store_5,Product_4,84,192,0
2023-06-29,Store_5,Product_5,31,176,1
2023-06-29,Store_5,Product_6,86,158,0
2023-06-29,Store_5,Product_7,46,168,0
2023-06-29,Store_5,Product_8,87,57,0
2023-06-29,Store_5,Product_9,25,73,0
2023-06-29,Store_5,Product_10,27,95,0
2023-06-30,Store_1,Product_1,98,82,0
2023-06-30,Store_1,Product_2,54,62,1
2023-06-30,Store_1,Product_3,78,50,1
2023-06-30,Store_1,Product_4,79,181,0
2023-06-30,Store_1,Product_5,97,184,0
2023-06-30,Store_1,Product_6,92,74,1
2023-06-30,Store_1,Product_7,91,53,0
2023-06-30,Store_1,Product_8,65,138,0
2023-06-30,Store_1,Product_9,23,149,0
2023-06-30,Store_1,Product_10,71,167,0
2023-06-30,Store_2,Product_1,83,198,0
2023-06-30,Store_2,Product_2,39,139,0
2023-06-30,Store_2,Product_3,45,166,1
2023-06-30,Store_2,Product_4,92,111,0
2023-06-30,Store_2,Product_5,94,57,0
2023-06-30,Store_2,Product_6,30,152,0
2023-06-30,Store_2,Product_7,48,69,0
2023-06-30,Store_2,Product_8,88,190,0
2023-06-30,Store_2,Product_9,59,118,1
2023-06-30,Store_2,Product_10,66,184,1
2023-06-30,Store_3,Product_1,73,115,0
2023-06-30,Store_3,Product_2,62,66,1
2023-06-30,Store_3,Product_3,29,54,1
2023-06-30,Store_3,Product_4,40,171,0
2023-06-30,Store_3,Product_5,91,161,0
2023-06-30,Store_3,Product_6,16,87,0
2023-06-30,Store_3,Product_7,40,112,0
2023-06-30,Store_3,Product_8,94,106,0
2023-06-30,Store_3,Product_9,76,112,0
2023-06-30,Store_3,Product_10,28,141,0
2023-06-30,Store_4,Product_1,99,175,0
2023-06-30,Store_4,Product_2,92,161,0
2023-06-30,Store_4,Product_3,85,154,0
2023-06-30,Store_4,Product_4,37,136,0
2023-06-30,Store_4,Product_5,64,126,0
2023-06-30,Store_4,Product_6,37,182,0
2023-06-30,Store_4,Product_7,45,83,0
2023-06-30,Store_4,Product_8,23,74,0
2023-06-30,Store_4,Product_9,68,167,1
2023-06-30,Store_4,Product_10,113,142,1
2023-06-30,Store_5,Product_1,69,75,1
2023-06-30,Store_5,Product_2,67,94,0
2023-06-30,Store_5,Product_3,83,72,0
2023-06-30,Store_5,Product_4,87,112,0
2023-06-30,Store_5,Product_5,81,182,1
2023-06-30,Store_5,Product_6,54,198,0
2023-06-30,Store_5,Product_7,98,108,0
2023-06-30,Store_5,Product_8,17,136,0
2023-06-30,Store_5,Product_9,38,175,0
2023-06-30,Store_5,Product_10,78,174,1
2023-07-01,Store_1,Product_1,27,102,0
2023-07-01,Store_1,Product_2,84,53,0
2023-07-01,Store_1,Product_3,97,71,0
2023-07-01,Store_1,Product_4,70,194,0
2023-07-01,Store_1,Product_5,65,156,0
2023-07-01,Store_1,Product_6,26,159,0
2023-07-01,Store_1,Product_7,99,121,0
2023-07-01,Store_1,Product_8,52,130,0
2023-07-01,Store_1,Product_9,95,54,0
2023-07-01,Store_1,Product_10,28,199,0
2023-07-01,Store_2,Product_1,44,79,0
2023-07-01,Store_2,Product_2,71,111,0
2023-07-01,Store_2,Product_3,45,123,0
2023-07-01,Store_2,Product_4,92,89,0
2023-07-01,Store_2,Product_5,24,155,0
2023-07-01,Store_2,Product_6,26,130,0
2023-07-01,Store_2,Product_7,27,56,0
2023-07-01,Store_2,Product_8,87,78,0
2023-07-01,Store_2,Product_9,69,142,0
2023-07-01,Store_2,Product_10,67,120,0
2023-07-01,Store_3,Product_1,89,128,0
2023-07-01,Store_3,Product_2,77,170,0
2023-07-01,Store_3,Product_3,61,91,0
2023-07-01,Store_3,Product_4,31,163,0
2023-07-01,Store_3,Product_5,26,92,1
2023-07-01,Store_3,Product_6,62,124,0
2023-07-01,Store_3,Product_7,84,144,0
2023-07-01,Store_3,Product_8,28,188,0
2023-07-01,Store_3,Product_9,77,91,0
2023-07-01,Store_3,Product_10,75,140,0
2023-07-01,Store_4,Product_1,112,177,1
2023-07-01,Store_4,Product_2,51,97,0
2023-07-01,Store_4,Product_3,83,155,0
2023-07-01,Store_4,Product_4,28,55,1
2023-07-01,Store_4,Product_5,97,181,0
2023-07-01,Store_4,Product_6,95,112,0
2023-07-01,Store_4,Product_7,74,176,0
2023-07-01,Store_4,Product_8,22,82,0
2023-07-01,Store_4,Product_9,69,146,0
2023-07-01,Store_4,Product_10,24,134,0
2023-07-01,Store_5,Product_1,29,140,0
2023-07-01,Store_5,Product_2,25,125,0
2023-07-01,Store_5,Product_3,47,166,0
2023-07-01,Store_5,Product_4,81,130,0
2023-07-01,Store_5,Product_5,57,199,0
2023-07-01,Store_5,Product_6,108,54,1
2023-07-01,Store_5,Product_7,95,168,0
2023-07-01,Store_5,Product_8,95,128,0
2023-07-01,Store_5,Product_9,93,109,0
2023-07-01,Store_5,Product_10,64,130,0
2023-07-02,Store_1,Product_1,26,140,1
2023-07-02,Store_1,Product_2,79,176,0
2023-07-02,Store_1,Product_3,36,64,0
2023-07-02,Store_1,Product_4,66,128,0
2023-07-02,Store_1,Product_5,94,108,0
2023-07-02,Store_1,Product_6,59,166,0
2023-07-02,Store_1,Product_7,23,74,0
2023-07-02,Store_1,Product_8,87,112,0
2023-07-02,Store_1,Product_9,30,120,0
2023-07-02,Store_1,Product_10,59,136,0
2023-07-02,Store_2,Product_1,64,155,0
2023-07-02,Store_2,Product_2,51,52,0
2023-07-02,Store_2,Product_3,104,89,0
2023-07-02,Store_2,Product_4,28,158,0
2023-07-02,Store_2,Product_5,64,110,0
2023-07-02,Store_2,Product_6,38,109,1
2023-07-02,Store_2,Product_7,76,112,0
2023-07-02,Store_2,Product_8,41,74,0
2023-07-02,Store_2,Product_9,91,102,1
2023-07-02,Store_2,Product_10,40,80,0
2023-07-02,Store_3,Product_1,100,84,1
2023-07-02,Store_3,Product_2,66,98,1
2023-07-02,Store_3,Product_3,34,154,0
2023-07-02,Store_3,Product_4,70,145,0
2023-07-02,Store_3,Product_5,27,148,0
2023-07-02,Store_3,Product_6,26,61,0
2023-07-02,Store_3,Product_7,43,122,0
2023-07-02,Store_3,Product_8,51,132,0
2023-07-02,Store_3,Product_9,27,144,0
2023-07-02,Store_3,Product_10,33,100,0
2023-07-02,Store_4,Product_1,106,144,1
2023-07-02,Store_4,Product_2,35,65,0
2023-07-02,Store_4,Product_3,25,168,0
2023-07-02,Store_4,Product_4,38,93,0
2023-07-02,Store_4,Product_5,38,170,0
2023-07-02,Store_4,Product_6,24,132,1
2023-07-02,Store_4,Product_7,67,65,0
2023-07-02,Store_4,Product_8,29,75,0
2023-07-02,Store_4,Product_9,35,117,0
2023-07-02,Store_4,Product_10,95,50,1
2023-07-02,Store_5,Product_1,67,174,1
2023-07-02,Store_5,Product_2,27,55,1
2023-07-02,Store_5,Product_3,66,60,1
2023-07-02,Store_5,Product_4,19,130,1
2023-07-02,Store_5,Product_5,53,182,0
2023-07-02,Store_5,Product_6,25,181,0
2023-07-02,Store_5,Product_7,123,55,1
2023-07-02,Store_5,Product_8,83,167,0
2023-07-02,Store_5,Product_9,87,174,0
2023-07-02,Store_5,Product_10,27,63,1
2023-07-03,Store_1,Product_1,53,105,1
2023-07-03,Store_1,Product_2,58,72,1
2023-07-03,Store_1,Product_3,72,134,0
2023-07-03,Store_1,Product_4,78,52,0
2023-07-03,Store_1,Product_5,27,89,0
2023-07-03,Store_1,Product_6,16,193,0
2023-07-03,Store_1,Product_7,94,151,0
2023-07-03,Store_1,Product_8,74,107,0
2023-07-03,Store_1,Product_9,93,79,0
2023-07-03,Store_1,Product_10,105,124,0
2023-07-03,Store_2,Product_1,25,90,1
2023-07-03,Store_2,Product_2,63,158,0
2023-07-03,Store_2,Product_3,62,177,0
2023-07-03,Store_2,Product_4,43,172,0
2023-07-03,Store_2,Product_5,67,71,0
2023-07-03,Store_2,Product_6,30,195,1
2023-07-03,Store_2,Product_7,42,100,0
2023-07-03,Store_2,Product_8,79,159,0
2023-07-03,Store_2,Product_9,74,75,1
2023-07-03,Store_2,Product_10,94,192,1
2023-07-03,Store_3,Product_1,36,126,0
2023-07-03,Store_3,Product_2,67,67,0
2023-07-03,Store_3,Product_3,81,68,0
2023-07-03,Store_3,Product_4,52,136,0
2023-07-03,Store_3,Product_5,68,190,0
2023-07-03,Store_3,Product_6,56,195,0
2023-07-03,Store_3,Product_7,61,106,0
2023-07-03,Store_3,Product_8,17,98,0
2023-07-03,Store_3,Product_9,40,140,1
2023-07-03,Store_3,Product_10,21,172,0
2023-07-03,Store_4,Product_1,74,63,0
2023-07-03,Store_4,Product_2,53,151,1
2023-07-03,Store_4,Product_3,57,166,0
2023-07-03,Store_4,Product_4,69,73,0
2023-07-03,Store_4,Product_5,36,51,1
2023-07-03,Store_4,Product_6,62,87,0
2023-07-03,Store_4,Product_7,31,177,0
2023-07-03,Store_4,Product_8,83,181,1
2023-07-03,Store_4,Product_9,23,151,0
2023-07-03,Store_4,Product_10,38,51,0
2023-07-03,Store_5,Product_1,41,192,0
2023-07-03,Store_5,Product_2,28,149,1
2023-07-03,Store_5,Product_3,27,76,0
2023-07-03,Store_5,Product_4,32,94,0
2023-07-03,Store_5,Product_5,74,101,0
2023-07-03,Store_5,Product_6,54,130,0
2023-07-03,Store_5,Product_7,46,178,0
2023-07-03,Store_5,Product_8,25,103,0
2023-07-03,Store_5,Product_9,97,84,0
2023-07-03,Store_5,Product_10,101,85,1
2023-07-04,Store_1,Product_1,77,154,0
2023-07-04,Store_1,Product_2,94,86,0
2023-07-04,Store_1,Product_3,63,185,0
2023-07-04,Store_1,Product_4,92,119,0
2023-07-04,Store_1,Product_5,86,116,0
2023-07-04,Store_1,Product_6,38,120,1
2023-07-04,Store_1,Product_7,79,55,0
2023-07-04,Store_1,Product_8,76,197,1
2023-07-04,Store_1,Product_9,51,71,1
2023-07-04,Store_1,Product_10,78,86,0
2023-07-04,Store_2,Product_1,41,109,0
2023-07-04,Store_2,Product_2,44,126,0
2023-07-04,Store_2,Product_3,24,129,1
2023-07-04,Store_2,Product_4,53,80,0
2023-07-04,Store_2,Product_5,125,135,1
2023-07-04,Store_2,Product_6,57,160,0
2023-07-04,Store_2,Product_7,86,171,1
2023-07-04,Store_2,Product_8,55,78,1
2023-07-04,Store_2,Product_9,48,164,1
2023-07-04,Store_2,Product_10,26,197,0
2023-07-04,Store_3,Product_1,18,52,1
2023-07-04,Store_3,Product_2,25,192,0
2023-07-04,Store_3,Product_3,84,72,0
2023-07-04,Store_3,Product_4,58,58,0
2023-07-04,Store_3,Product_5,74,190,0
2023-07-04,Store_3,Product_6,61,92,0
2023-07-04,Store_3,Product_7,73,68,0
2023-07-04,Store_3,Product_8,59,148,0
2023-07-04,Store_3,Product_9,102,173,1
2023-07-04,Store_3,Product_10,48,82,0
2023-07-04,Store_4,Product_1,68,126,0
2023-07-04,Store_4,Product_2,63,98,0
2023-07-04,Store_4,Product_3,70,73,1
2023-07-04,Store_4,Product_4,57,147,0
2023-07-04,Store_4,Product_5,38,52,1
2023-07-04,Store_4,Product_6,84,170,1
2023-07-04,Store_4,Product_7,29,183,1
2023-07-04,Store_4,Product_8,45,126,0
2023-07-04,Store_4,Product_9,68,111,0
2023-07-04,Store_4,Product_10,96,142,0
2023-07-04,Store_5,Product_1,68,53,0
2023-07-04,Store_5,Product_2,77,99,0
2023-07-04,Store_5,Product_3,95,78,0
2023-07-04,Store_5,Product_4,49,190,0
2023-07-04,Store_5,Product_5,38,132,0
2023-07-04,Store_5,Product_6,63,166,0
2023-07-04,Store_5,Product_7,41,144,0
2023-07-04,Store_5,Product_8,112,194,1
2023-07-04,Store_5,Product_9,51,138,0
2023-07-04,Store_5,Product_10,42,197,1
2023-07-05,Store_1,Product_1,46,97,0
2023-07-05,Store_1,Product_2,89,81,0
2023-07-05,Store_1,Product_3,69,110,0
2023-07-05,Store_1,Product_4,117,196,1
2023-07-05,Store_1,Product_5,50,199,0
2023-07-05,Store_1,Product_6,28,174,0
2023-07-05,Store_1,Product_7,60,116,0
2023-07-05,Store_1,Product_8,75,142,0
2023-07-05,Store_1,Product_9,86,96,0
2023-07-05,Store_1,Product_10,67,111,0
2023-07-05,Store_2,Product_1,72,77,0
2023-07-05,Store_2,Product_2,92,53,0
2023-07-05,Store_2,Product_3,51,102,0
2023-07-05,Store_2,Product_4,31,162,0
2023-07-05,Store_2,Product_5,84,179,0
2023-07-05,Store_2,Product_6,45,77,0
2023-07-05,Store_2,Product_7,64,97,0
2023-07-05,Store_2,Product_8,22,154,0
2023-07-05,Store_2,Product_9,77,78,0
2023-07-05,Store_2,Product_10,75,63,1
2023-07-05,Store_3,Product_1,46,128,0
2023-07-05,Store_3,Product_2,42,67,0
2023-07-05,Store_3,Product_3,80,67,0
2023-07-05,Store_3,Product_4,46,195,0
2023-07-05,Store_3,Product_5,71,77,0
2023-07-05,Store_3,Product_6,56,82,0
2023-07-05,Store_3,Product_7,30,165,0
2023-07-05,Store_3,Product_8,20,85,0
2023-07-05,Store_3,Product_9,93,104,0
2023-07-05,Store_3,Product_10,59,147,0
2023-07-05,Store_4,Product_1,26,132,0
2023-07-05,Store_4,Product_2,53,71,1
2023-07-05,Store_4,Product_3,88,92,0
2023-07-05,Store_4,Product_4,40,104,0
2023-07-05,Store_4,Product_5,37,198,0
2023-07-05,Store_4,Product_6,58,130,0
2023-07-05,Store_4,Product_7,98,177,1
2023-07-05,Store_4,Product_8,39,105,0
2023-07-05,Store_4,Product_9,97,64,0
2023-07-05,Store_4,Product_10,47,199,0
2023-07-05,Store_5,Product_1,84,120,0
2023-07-05,Store_5,Product_2,89,135,0
2023-07-05,Store_5,Product_3,44,108,0
2023-07-05,Store_5,Product_4,26,132,0
2023-07-05,Store_5,Product_5,46,183,0
2023-07-05,Store_5,Product_6,95,90,0
2023-07-05,Store_5,Product_7,27,97,0
2023-07-05,Store_5,Product_8,84,121,0
2023-07-05,Store_5,Product_9,46,101,0
2023-07-05,Store_5,Product_10,54,170,0
2023-07-06,Store_1,Product_1,63,106,0
2023-07-06,Store_1,Product_2,23,184,0
2023-07-06,Store_1,Product_3,80,77,0
2023-07-06,Store_1,Product_4,61,179,0
2023-07-06,Store_1,Product_5,85,103,0
2023-07-06,Store_1,Product_6,28,51,0
2023-07-06,Store_1,Product_7,86,149,1
2023-07-06,Store_1,Product_8,93,105,0
2023-07-06,Store_1,Product_9,73,164,0
2023-07-06,Store_1,Product_10,105,105,1
2023-07-06,Store_2,Product_1,48,85,0
2023-07-06,Store_2,Product_2,72,168,1
2023-07-06,Store_2,Product_3,26,151,0
2023-07-06,Store_2,Product_4,84,159,1
2023-07-06,Store_2,Product_5,73,65,0
2023-07-06,Store_2,Product_6,29,113,0
2023-07-06,Store_2,Product_7,33,55,0
2023-07-06,Store_2,Product_8,77,134,0
2023-07-06,Store_2,Product_9,43,150,0
2023-07-06,Store_2,Product_10,54,117,0
2023-07-06,Store_3,Product_1,72,187,0
2023-07-06,Store_3,Product_2,36,173,0
2023-07-06,Store_3,Product_3,93,180,0
2023-07-06,Store_3,Product_4,30,175,0
2023-07-06,Store_3,Product_5,97,73,0
2023-07-06,Store_3,Product_6,35,138,0
2023-07-06,Store_3,Product_7,58,131,0
2023-07-06,Store_3,Product_8,30,165,0
2023-07-06,Store_3,Product_9,43,193,0
2023-07-06,Store_3,Product_10,88,53,0
2023-07-06,Store_4,Product_1,68,152,0
2023-07-06,Store_4,Product_2,69,179,0
2023-07-06,Store_4,Product_3,46,151,0
2023-07-06,Store_4,Product_4,29,116,0
2023-07-06,Store_4,Product_5,30,162,0
2023-07-06,Store_4,Product_6,29,107,0
2023-07-06,Store_4,Product_7,72,72,0
2023-07-06,Store_4,Product_8,87,63,0
2023-07-06,Store_4,Product_9,39,66,0
2023-07-06,Store_4,Product_10,85,175,1
2023-07-06,Store_5,Product_1,41,61,0
2023-07-06,Store_5,Product_2,32,152,0
2023-07-06,Store_5,Product_3,38,57,0
2023-07-06,Store_5,Product_4,35,121,1
2023-07-06,Store_5,Product_5,49,157,0
2023-07-06,Store_5,Product_6,47,155,0
2023-07-06,Store_5,Product_7,30,131,0
2023-07-06,Store_5,Product_8,31,65,1
2023-07-06,Store_5,Product_9,95,163,0
2023-07-06,Store_5,Product_10,80,135,0
2023-07-07,Store_1,Product_1,81,149,1
2023-07-07,Store_1,Product_2,88,111,0
2023-07-07,Store_1,Product_3,43,103,0
2023-07-07,Store_1,Product_4,31,144,1
2023-07-07,Store_1,Product_5,94,51,1
2023-07-07,Store_1,Product_6,81,96,0
2023-07-07,Store_1,Product_7,84,97,0
2023-07-07,Store_1,Product_8,69,174,0
2023-07-07,Store_1,Product_9,69,66,0
2023-07-07,Store_1,Product_10,72,60,0
2023-07-07,Store_2,Product_1,80,103,0
2023-07-07,Store_2,Product_2,32,117,0
2023-07-07,Store_2,Product_3,55,165,0
2023-07-07,Store_2,Product_4,26,64,0
2023-07-07,Store_2,Product_5,75,127,0
2023-07-07,Store_2,Product_6,54,167,0
2023-07-07,Store_2,Product_7,94,52,1
2023-07-07,Store_2,Product_8,59,103,1
2023-07-07,Store_2,Product_9,29,142,0
2023-07-07,Store_2,Product_10,88,98,0
2023-07-07,Store_3,Product_1,64,145,0
2023-07-07,Store_3,Product_2,31,91,0
2023-07-07,Store_3,Product_3,41,60,0
2023-07-07,Store_3,Product_4,55,153,0
2023-07-07,Store_3,Product_5,46,129,0
2023-07-07,Store_3,Product_6,83,156,0
2023-07-07,Store_3,Product_7,106,77,1
2023-07-07,Store_3,Product_8,52,141,0
2023-07-07,Store_3,Product_9,60,159,0
2023-07-07,Store_3,Product_10,85,95,0
2023-07-07,Store_4,Product_1,20,162,0
2023-07-07,Store_4,Product_2,63,167,0
2023-07-07,Store_4,Product_3,60,169,1
2023-07-07,Store_4,Product_4,62,76,1
2023-07-07,Store_4,Product_5,21,148,0
2023-07-07,Store_4,Product_6,42,93,0
2023-07-07,Store_4,Product_7,72,63,0
2023-07-07,Store_4,Product_8,74,149,0
2023-07-07,Store_4,Product_9,71,58,0
2023-07-07,Store_4,Product_10,60,134,0
2023-07-07,Store_5,Product_1,66,54,1
2023-07-07,Store_5,Product_2,55,176,0
2023-07-07,Store_5,Product_3,21,111,0
2023-07-07,Store_5,Product_4,64,98,0
2023-07-07,Store_5,Product_5,28,61,1
2023-07-07,Store_5,Product_6,30,144,1
2023-07-07,Store_5,Product_7,88,57,0
2023-07-07,Store_5,Product_8,98,94,0
2023-07-07,Store_5,Product_9,85,92,0
2023-07-07,Store_5,Product_10,75,60,0
2023-07-08,Store_1,Product_1,36,58,0
2023-07-08,Store_1,Product_2,92,107,1
2023-07-08,Store_1,Product_3,31,118,0
2023-07-08,Store_1,Product_4,71,83,0
2023-07-08,Store_1,Product_5,47,99,1
2023-07-08,Store_1,Product_6,89,53,0
2023-07-08,Store_1,Product_7,54,65,0
2023-07-08,Store_1,Product_8,82,187,0
2023-07-08,Store_1,Product_9,50,135,0
2023-07-08,Store_1,Product_10,94,171,0
2023-07-08,Store_2,Product_1,46,155,0
2023-07-08,Store_2,Product_2,45,156,0
2023-07-08,Store_2,Product_3,41,153,0
2023-07-08,Store_2,Product_4,46,145,0
2023-07-08,Store_2,Product_5,109,153,1
2023-07-08,Store_2,Product_6,35,163,0
2023-07-08,Store_2,Product_7,28,107,0
2023-07-08,Store_2,Product_8,68,54,0
2023-07-08,Store_2,Product_9,41,127,0
2023-07-08,Store_2,Product_10,70,50,0
2023-07-08,Store_3,Product_1,58,178,1
2023-07-08,Store_3,Product_2,31,169,0
2023-07-08,Store_3,Product_3,34,70,0
2023-07-08,Store_3,Product_4,43,73,0
2023-07-08,Store_3,Product_5,65,188,0
2023-07-08,Store_3,Product_6,36,184,0
2023-07-08,Store_3,Product_7,94,172,0
2023-07-08,Store_3,Product_8,45,125,0
2023-07-08,Store_3,Product_9,64,70,1
2023-07-08,Store_3,Product_10,24,119,0
2023-07-08,Store_4,Product_1,50,148,0
2023-07-08,Store_4,Product_2,20,64,0
2023-07-08,Store_4,Product_3,99,168,0
2023-07-08,Store_4,Product_4,79,153,0
2023-07-08,Store_4,Product_5,77,148,0
2023-07-08,Store_4,Product_6,101,88,0
2023-07-08,Store_4,Product_7,109,71,1
2023-07-08,Store_4,Product_8,69,163,1
2023-07-08,Store_4,Product_9,64,118,0
2023-07-08,Store_4,Product_10,39,164,0
2023-07-08,Store_5,Product_1,50,116,1
2023-07-08,Store_5,Product_2,108,168,1
2023-07-08,Store_5,Product_3,48,153,0
2023-07-08,Store_5,Product_4,86,165,0
2023-07-08,Store_5,Product_5,56,134,0
2023-07-08,Store_5,Product_6,66,177,1
2023-07-08,Store_5,Product_7,103,148,0
2023-07-08,Store_5,Product_8,44,136,1
2023-07-08,Store_5,Product_9,28,168,0
2023-07-08,Store_5,Product_10,40,179,0
2023-07-09,Store_1,Product_1,60,95,0
2023-07-09,Store_1,Product_2,53,119,0
2023-07-09,Store_1,Product_3,87,142,0
2023-07-09,Store_1,Product_4,63,76,0
2023-07-09,Store_1,Product_5,64,186,0
2023-07-09,Store_1,Product_6,42,196,0
2023-07-09,Store_1,Product_7,38,198,0
2023-07-09,Store_1,Product_8,82,55,0
2023-07-09,Store_1,Product_9,29,75,0
2023-07-09,Store_1,Product_10,45,64,0
2023-07-09,Store_2,Product_1,52,117,0
2023-07-09,Store_2,Product_2,65,78,0
2023-07-09,Store_2,Product_3,67,133,0
2023-07-09,Store_2,Product_4,80,72,0
2023-07-09,Store_2,Product_5,45,143,1
2023-07-09,Store_2,Product_6,47,176,0
2023-07-09,Store_2,Product_7,60,185,0
2023-07-09,Store_2,Product_8,23,80,0
2023-07-09,Store_2,Product_9,42,76,0
2023-07-09,Store_2,Product_10,76,81,0
2023-07-09,Store_3,Product_1,44,75,0
2023-07-09,Store_3,Product_2,104,168,1
2023-07-09,Store_3,Product_3,38,159,1
2023-07-09,Store_3,Product_4,53,50,0
2023-07-09,Store_3,Product_5,65,75,0
2023-07-09,Store_3,Product_6,30,182,0
2023-07-09,Store_3,Product_7,27,76,0
2023-07-09,Store_3,Product_8,96,72,0
2023-07-09,Store_3,Product_9,43,119,1
2023-07-09,Store_3,Product_10,88,135,0
2023-07-09,Store_4,Product_1,45,184,1
2023-07-09,Store_4,Product_2,21,125,0
2023-07-09,Store_4,Product_3,96,52,0
2023-07-09,Store_4,Product_4,42,189,0
2023-07-09,Store_4,Product_5,35,174,0
2023-07-09,Store_4,Product_6,74,59,0
2023-07-09,Store_4,Product_7,42,125,0
2023-07-09,Store_4,Product_8,71,151,0
2023-07-09,Store_4,Product_9,78,51,0
2023-07-09,Store_4,Product_10,39,63,1
2023-07-09,Store_5,Product_1,62,67,0
2023-07-09,Store_5,Product_2,63,129,0
2023-07-09,Store_5,Product_3,83,97,1
2023-07-09,Store_5,Product_4,68,119,0
2023-07-09,Store_5,Product_5,45,111,0
2023-07-09,Store_5,Product_6,65,92,0
2023-07-09,Store_5,Product_7,57,65,0
2023-07-09,Store_5,Product_8,26,77,1
2023-07-09,Store_5,Product_9,54,169,0
2023-07-09,Store_5,Product_10,39,165,0
2023-07-10,Store_1,Product_1,67,137,0
2023-07-10,Store_1,Product_2,70,137,0
2023-07-10,Store_1,Product_3,28,123,0
2023-07-10,Store_1,Product_4,50,187,1
2023-07-10,Store_1,Product_5,29,150,0
2023-07-10,Store_1,Product_6,16,158,0
2023-07-10,Store_1,Product_7,71,189,1
2023-07-10,Store_1,Product_8,32,185,0
2023-07-10,Store_1,Product_9,84,165,0
2023-07-10,Store_1,Product_10,89,90,0
2023-07-10,Store_2,Product_1,90,130,0
2023-07-10,Store_2,Product_2,64,172,0
2023-07-10,Store_2,Product_3,35,145,0
2023-07-10,Store_2,Product_4,54,98,0
2023-07-10,Store_2,Product_5,30,142,1
2023-07-10,Store_2,Product_6,33,170,0
2023-07-10,Store_2,Product_7,59,189,0
2023-07-10,Store_2,Product_8,46,62,1
2023-07-10,Store_2,Product_9,71,100,0
2023-07-10,Store_2,Product_10,20,168,0
2023-07-10,Store_3,Product_1,39,174,0
2023-07-10,Store_3,Product_2,86,170,0
2023-07-10,Store_3,Product_3,57,147,1
2023-07-10,Store_3,Product_4,86,78,1
2023-07-10,Store_3,Product_5,113,160,1
2023-07-10,Store_3,Product_6,36,139,0
2023-07-10,Store_3,Product_7,59,80,1
2023-07-10,Store_3,Product_8,25,156,1
2023-07-10,Store_3,Product_9,93,125,0
2023-07-10,Store_3,Product_10,19,162,0
2023-07-10,Store_4,Product_1,66,175,0
2023-07-10,Store_4,Product_2,97,188,0
2023-07-10,Store_4,Product_3,88,55,1
2023-07-10,Store_4,Product_4,77,88,1
2023-07-10,Store_4,Product_5,55,117,0
2023-07-10,Store_4,Product_6,83,162,0
2023-07-10,Store_4,Product_7,14,98,0
2023-07-10,Store_4,Product_8,45,164,0
2023-07-10,Store_4,Product_9,43,62,0
2023-07-10,Store_4,Product_10,14,71,0
2023-07-10,Store_5,Product_1,68,152,0
2023-07-10,Store_5,Product_2,38,154,1
2023-07-10,Store_5,Product_3,88,102,1
2023-07-10,Store_5,Product_4,72,108,0
2023-07-10,Store_5,Product_5,39,123,0
2023-07-10,Store_5,Product_6,86,184,1
2023-07-10,Store_5,Product_7,44,50,1
2023-07-10,Store_5,Product_8,77,194,1
2023-07-10,Store_5,Product_9,67,112,1
2023-07-10,Store_5,Product_10,64,58,0
2023-07-11,Store_1,Product_1,105,108,0
2023-07-11,Store_1,Product_2,58,138,0
2023-07-11,Store_1,Product_3,101,93,1
2023-07-11,Store_1,Product_4,66,190,0
2023-07-11,Store_1,Product_5,40,71,1
2023-07-11,Store_1,Product_6,35,139,0
2023-07-11,Store_1,Product_7,47,157,0
2023-07-11,Store_1,Product_8,55,131,0
2023-07-11,Store_1,Product_9,52,70,0
2023-07-11,Store_1,Product_10,54,78,0
2023-07-11,Store_2,Product_1,78,166,0
2023-07-11,Store_2,Product_2,94,123,0
2023-07-11,Store_2,Product_3,53,133,0
2023-07-11,Store_2,Product_4,21,73,0
2023-07-11,Store_2,Product_5,67,84,0
2023-07-11,Store_2,Product_6,66,92,0
2023-07-11,Store_2,Product_7,46,132,0
2023-07-11,Store_2,Product_8,16,187,0
2023-07-11,Store_2,Product_9,70,126,0
2023-07-11,Store_2,Product_10,27,123,0
2023-07-11,Store_3,Product_1,73,168,0
2023-07-11,Store_3,Product_2,33,98,0
2023-07-11,Store_3,Product_3,41,106,0
2023-07-11,Store_3,Product_4,17,118,0
2023-07-11,Store_3,Product_5,86,137,0
2023-07-11,Store_3,Product_6,85,162,0
2023-07-11,Store_3,Product_7,85,177,0
2023-07-11,Store_3,Product_8,81,195,0
2023-07-11,Store_3,Product_9,61,108,0
2023-07-11,Store_3,Product_10,39,188,0
2023-07-11,Store_4,Product_1,125,80,1
2023-07-11,Store_4,Product_2,55,145,0
2023-07-11,Store_4,Product_3,47,136,0
2023-07-11,Store_4,Product_4,57,99,1
2023-07-11,Store_4,Product_5,53,126,1
2023-07-11,Store_4,Product_6,73,70,0
2023-07-11,Store_4,Product_7,82,153,0
2023-07-11,Store_4,Product_8,21,153,0
2023-07-11,Store_4,Product_9,61,187,0
2023-07-11,Store_4,Product_10,55,184,0
2023-07-11,Store_5,Product_1,33,86,0
2023-07-11,Store_5,Product_2,63,198,0
2023-07-11,Store_5,Product_3,65,198,0
2023-07-11,Store_5,Product_4,72,93,0
2023-07-11,Store_5,Product_5,50,162,0
2023-07-11,Store_5,Product_6,33,87,0
2023-07-11,Store_5,Product_7,15,198,0
2023-07-11,Store_5,Product_8,40,81,0
2023-07-11,Store_5,Product_9,90,66,0
2023-07-11,Store_5,Product_10,64,106,0
2023-07-12,Store_1,Product_1,51,102,0
2023-07-12,Store_1,Product_2,71,77,0
2023-07-12,Store_1,Product_3,95,181,1
2023-07-12,Store_1,Product_4,67,78,0
2023-07-12,Store_1,Product_5,54,161,0
2023-07-12,Store_1,Product_6,64,61,0
2023-07-12,Store_1,Product_7,36,159,1
2023-07-12,Store_1,Product_8,88,129,0
2023-07-12,Store_1,Product_9,51,157,0
2023-07-12,Store_1,Product_10,15,82,0
2023-07-12,Store_2,Product_1,80,57,1
2023-07-12,Store_2,Product_2,25,81,0
2023-07-12,Store_2,Product_3,102,131,1
2023-07-12,Store_2,Product_4,36,145,0
2023-07-12,Store_2,Product_5,25,189,1
2023-07-12,Store_2,Product_6,67,68,0
2023-07-12,Store_2,Product_7,44,78,0
2023-07-12,Store_2,Product_8,41,159,0
2023-07-12,Store_2,Product_9,87,86,0
2023-07-12,Store_2,Product_10,34,90,0
2023-07-12,Store_3,Product_1,80,195,0
2023-07-12,Store_3,Product_2,97,85,0
2023-07-12,Store_3,Product_3,46,182,1
2023-07-12,Store_3,Product_4,34,135,0
2023-07-12,Store_3,Product_5,56,193,1
2023-07-12,Store_3,Product_6,36,186,0
2023-07-12,Store_3,Product_7,59,99,1
2023-07-12,Store_3,Product_8,44,93,0
2023-07-12,Store_3,Product_9,71,136,0
2023-07-12,Store_3,Product_10,85,185,0
2023-07-12,Store_4,Product_1,15,118,0
2023-07-12,Store_4,Product_2,99,160,1
2023-07-12,Store_4,Product_3,36,52,0
2023-07-12,Store_4,Product_4,18,130,0
2023-07-12,Store_4,Product_5,36,116,0
2023-07-12,Store_4,Product_6,67,53,0
2023-07-12,Store_4,Product_7,97,136,0
2023-07-12,Store_4,Product_8,64,103,0
2023-07-12,Store_4,Product_9,31,177,0
2023-07-12,Store_4,Product_10,100,148,1
2023-07-12,Store_5,Product_1,42,125,0
2023-07-12,Store_5,Product_2,62,135,0
2023-07-12,Store_5,Product_3,33,168,0
2023-07-12,Store_5,Product_4,90,184,0
2023-07-12,Store_5,Product_5,55,131,1
2023-07-12,Store_5,Product_6,66,99,0
2023-07-12,Store_5,Product_7,73,58,1
2023-07-12,Store_5,Product_8,49,160,0
2023-07-12,Store_5,Product_9,40,97,0
2023-07-12,Store_5,Product_10,29,177,0
2023-07-13,Store_1,Product_1,82,88,0
2023-07-13,Store_1,Product_2,61,69,0
2023-07-13,Store_1,Product_3,37,87,0
2023-07-13,Store_1,Product_4,96,86,0
2023-07-13,Store_1,Product_5,95,133,0
2023-07-13,Store_1,Product_6,39,155,0
2023-07-13,Store_1,Product_7,118,129,1
2023-07-13,Store_1,Product_8,40,50,0
2023-07-13,Store_1,Product_9,80,95,0
2023-07-13,Store_1,Product_10,91,115,0
2023-07-13,Store_2,Product_1,95,178,0
2023-07-13,Store_2,Product_2,28,162,0
2023-07-13,Store_2,Product_3,88,151,0
2023-07-13,Store_2,Product_4,17,122,1
2023-07-13,Store_2,Product_5,82,185,0
2023-07-13,Store_2,Product_6,93,79,1
2023-07-13,Store_2,Product_7,21,180,0
2023-07-13,Store_2,Product_8,89,157,0
2023-07-13,Store_2,Product_9,85,93,0
2023-07-13,Store_2,Product_10,25,87,0
2023-07-13,Store_3,Product_1,27,68,0
2023-07-13,Store_3,Product_2,36,60,0
2023-07-13,Store_3,Product_3,92,105,0
2023-07-13,Store_3,Product_4,68,174,0
2023-07-13,Store_3,Product_5,23,101,0
2023-07-13,Store_3,Product_6,23,112,0
2023-07-13,Store_3,Product_7,54,115,0
2023-07-13,Store_3,Product_8,62,124,1
2023-07-13,Store_3,Product_9,19,80,0
2023-07-13,Store_3,Product_10,71,196,0
2023-07-13,Store_4,Product_1,111,151,1
2023-07-13,Store_4,Product_2,44,122,0
2023-07-13,Store_4,Product_3,44,75,0
2023-07-13,Store_4,Product_4,23,146,0
2023-07-13,Store_4,Product_5,87,137,0
2023-07-13,Store_4,Product_6,53,89,0
2023-07-13,Store_4,Product_7,97,131,1
2023-07-13,Store_4,Product_8,74,131,0
2023-07-13,Store_4,Product_9,55,168,0
2023-07-13,Store_4,Product_10,29,99,0
2023-07-13,Store_5,Product_1,23,56,0
2023-07-13,Store_5,Product_2,71,57,0
2023-07-13,Store_5,Product_3,26,70,0
2023-07-13,Store_5,Product_4,25,196,0
2023-07-13,Store_5,Product_5,85,82,0
2023-07-13,Store_5,Product_6,45,85,0
2023-07-13,Store_5,Product_7,76,145,0
2023-07-13,Store_5,Product_8,80,172,0
2023-07-13,Store_5,Product_9,83,103,0
2023-07-13,Store_5,Product_10,26,51,0
2023-07-14,Store_1,Product_1,9,128,0
2023-07-14,Store_1,Product_2,85,198,0
2023-07-14,Store_1,Product_3,37,52,0
2023-07-14,Store_1,Product_4,52,164,0
2023-07-14,Store_1,Product_5,27,100,0
2023-07-14,Store_1,Product_6,48,144,0
2023-07-14,Store_1,Product_7,42,195,1
2023-07-14,Store_1,Product_8,34,195,0
2023-07-14,Store_1,Product_9,48,50,0
2023-07-14,Store_1,Product_10,44,105,0
2023-07-14,Store_2,Product_1,22,128,0
2023-07-14,Store_2,Product_2,11,194,0
2023-07-14,Store_2,Product_3,45,73,0
2023-07-14,Store_2,Product_4,72,106,0
2023-07-14,Store_2,Product_5,67,190,0
2023-07-14,Store_2,Product_6,13,169,0
2023-07-14,Store_2,Product_7,18,197,0
2023-07-14,Store_2,Product_8,78,67,0
2023-07-14,Store_2,Product_9,92,67,0
2023-07-14,Store_2,Product_10,80,155,0
2023-07-14,Store_3,Product_1,59,176,0
2023-07-14,Store_3,Product_2,93,162,0
2023-07-14,Store_3,Product_3,59,62,0
2023-07-14,Store_3,Product_4,85,113,1
2023-07-14,Store_3,Product_5,31,178,0
2023-07-14,Store_3,Product_6,67,112,1
2023-07-14,Store_3,Product_7,41,181,0
2023-07-14,Store_3,Product_8,54,118,0
2023-07-14,Store_3,Product_9,38,85,0
2023-07-14,Store_3,Product_10,86,99,0
2023-07-14,Store_4,Product_1,82,153,0
2023-07-14,Store_4,Product_2,59,118,0
2023-07-14,Store_4,Product_3,43,192,0
2023-07-14,Store_4,Product_4,50,158,0
2023-07-14,Store_4,Product_5,76,84,0
2023-07-14,Store_4,Product_6,50,133,1
2023-07-14,Store_4,Product_7,17,127,0
2023-07-14,Store_4,Product_8,46,149,0
2023-07-14,Store_4,Product_9,32,91,0
2023-07-14,Store_4,Product_10,18,124,0
2023-07-14,Store_5,Product_1,40,119,0
2023-07-14,Store_5,Product_2,49,93,0
2023-07-14,Store_5,Product_3,36,62,1
2023-07-14,Store_5,Product_4,26,132,0
2023-07-14,Store_5,Product_5,57,175,0
2023-07-14,Store_5,Product_6,60,60,0
2023-07-14,Store_5,Product_7,42,183,0
2023-07-14,Store_5,Product_8,53,190,0
2023-07-14,Store_5,Product_9,13,88,1
2023-07-14,Store_5,Product_10,65,164,0
2023-07-15,Store_1,Product_1,46,161,0
2023-07-15,Store_1,Product_2,60,114,0
2023-07-15,Store_1,Product_3,94,60,1
2023-07-15,Store_1,Product_4,43,52,1
2023-07-15,Store_1,Product_5,40,107,1
2023-07-15,Store_1,Product_6,98,110,0
2023-07-15,Store_1,Product_7,71,87,0
2023-07-15,Store_1,Product_8,83,146,0
2023-07-15,Store_1,Product_9,89,152,0
2023-07-15,Store_1,Product_10,62,95,0
2023-07-15,Store_2,Product_1,24,190,0
2023-07-15,Store_2,Product_2,79,177,1
2023-07-15,Store_2,Product_3,22,107,0
2023-07-15,Store_2,Product_4,79,138,0
2023-07-15,Store_2,Product_5,86,97,0
2023-07-15,Store_2,Product_6,34,81,0
2023-07-15,Store_2,Product_7,27,84,0
2023-07-15,Store_2,Product_8,63,132,0
2023-07-15,Store_2,Product_9,70,167,0
2023-07-15,Store_2,Product_10,55,137,0
2023-07-15,Store_3,Product_1,53,173,0
2023-07-15,Store_3,Product_2,75,101,0
2023-07-15,Store_3,Product_3,17,142,1
2023-07-15,Store_3,Product_4,81,81,0
2023-07-15,Store_3,Product_5,40,177,0
2023-07-15,Store_3,Product_6,55,198,0
2023-07-15,Store_3,Product_7,85,119,0
2023-07-15,Store_3,Product_8,29,62,0
2023-07-15,Store_3,Product_9,35,92,0
2023-07-15,Store_3,Product_10,42,104,0
2023-07-15,Store_4,Product_1,50,195,0
2023-07-15,Store_4,Product_2,78,190,0
2023-07-15,Store_4,Product_3,23,193,1
2023-07-15,Store_4,Product_4,19,193,0
2023-07-15,Store_4,Product_5,18,182,0
2023-07-15,Store_4,Product_6,71,173,0
2023-07-15,Store_4,Product_7,73,73,1
2023-07-15,Store_4,Product_8,75,116,0
2023-07-15,Store_4,Product_9,41,135,0
2023-07-15,Store_4,Product_10,84,187,0
2023-07-15,Store_5,Product_1,42,135,0
2023-07-15,Store_5,Product_2,46,129,0
2023-07-15,Store_5,Product_3,19,140,1
2023-07-15,Store_5,Product_4,63,130,0
2023-07-15,Store_5,Product_5,34,79,0
2023-07-15,Store_5,Product_6,27,180,0
2023-07-15,Store_5,Product_7,39,54,0
2023-07-15,Store_5,Product_8,27,50,0
2023-07-15,Store_5,Product_9,32,179,0
2023-07-15,Store_5,Product_10,56,189,0
2023-07-16,Store_1,Product_1,40,60,0
2023-07-16,Store_1,Product_2,71,112,0
2023-07-16,Store_1,Product_3,23,56,0
2023-07-16,Store_1,Product_4,78,199,0
2023-07-16,Store_1,Product_5,43,119,0
2023-07-16,Store_1,Product_6,45,177,0
2023-07-16,Store_1,Product_7,55,158,0
2023-07-16,Store_1,Product_8,24,178,0
2023-07-16,Store_1,Product_9,60,141,0
2023-07-16,Store_1,Product_10,85,174,0
2023-07-16,Store_2,Product_1,45,78,0
2023-07-16,Store_2,Product_2,18,187,0
2023-07-16,Store_2,Product_3,105,136,1
2023-07-16,Store_2,Product_4,52,123,0
2023-07-16,Store_2,Product_5,33,120,0
2023-07-16,Store_2,Product_6,53,94,0
2023-07-16,Store_2,Product_7,64,118,1
2023-07-16,Store_2,Product_8,53,50,0
2023-07-16,Store_2,Product_9,68,103,1
2023-07-16,Store_2,Product_10,46,180,0
2023-07-16,Store_3,Product_1,50,161,0
2023-07-16,Store_3,Product_2,79,60,0
2023-07-16,Store_3,Product_3,23,168,0
2023-07-16,Store_3,Product_4,67,98,0
2023-07-16,Store_3,Product_5,92,169,0
2023-07-16,Store_3,Product_6,85,97,0
2023-07-16,Store_3,Product_7,100,112,0
2023-07-16,Store_3,Product_8,79,55,0
2023-07-16,Store_3,Product_9,71,105,0
2023-07-16,Store_3,Product_10,55,182,0
2023-07-16,Store_4,Product_1,40,155,1
2023-07-16,Store_4,Product_2,96,63,0
2023-07-16,Store_4,Product_3,92,182,0
2023-07-16,Store_4,Product_4,27,128,0
2023-07-16,Store_4,Product_5,70,130,0
2023-07-16,Store_4,Product_6,33,108,1
2023-07-16,Store_4,Product_7,26,71,0
2023-07-16,Store_4,Product_8,43,188,0
2023-07-16,Store_4,Product_9,65,53,0
2023-07-16,Store_4,Product_10,32,189,0
2023-07-16,Store_5,Product_1,78,107,0
2023-07-16,Store_5,Product_2,89,178,0
2023-07-16,Store_5,Product_3,29,100,0
2023-07-16,Store_5,Product_4,37,93,0
2023-07-16,Store_5,Product_5,56,193,0
2023-07-16,Store_5,Product_6,60,171,0
2023-07-16,Store_5,Product_7,47,154,0
2023-07-16,Store_5,Product_8,51,89,0
2023-07-16,Store_5,Product_9,31,153,0
2023-07-16,Store_5,Product_10,84,174,1
2023-07-17,Store_1,Product_1,83,137,0
2023-07-17,Store_1,Product_2,94,116,0
2023-07-17,Store_1,Product_3,90,122,0
2023-07-17,Store_1,Product_4,34,56,0
2023-07-17,Store_1,Product_5,51,146,0
2023-07-17,Store_1,Product_6,77,105,0
2023-07-17,Store_1,Product_7,79,181,1
2023-07-17,Store_1,Product_8,81,195,0
2023-07-17,Store_1,Product_9,24,116,0
2023-07-17,Store_1,Product_10,85,117,0
2023-07-17,Store_2,Product_1,37,82,1
2023-07-17,Store_2,Product_2,38,163,0
2023-07-17,Store_2,Product_3,84,55,0
2023-07-17,Store_2,Product_4,78,193,0
2023-07-17,Store_2,Product_5,29,125,0
2023-07-17,Store_2,Product_6,67,130,0
2023-07-17,Store_2,Product_7,66,116,0
2023-07-17,Store_2,Product_8,49,183,0
2023-07-17,Store_2,Product_9,46,123,1
2023-07-17,Store_2,Product_10,24,169,0
2023-07-17,Store_3,Product_1,69,135,0
2023-07-17,Store_3,Product_2,43,180,0
2023-07-17,Store_3,Product_3,54,95,1
2023-07-17,Store_3,Product_4,90,130,0
2023-07-17,Store_3,Product_5,38,71,0
2023-07-17,Store_3,Product_6,41,93,0
2023-07-17,Store_3,Product_7,59,79,1
2023-07-17,Store_3,Product_8,54,118,0
2023-07-17,Store_3,Product_9,17,83,0
2023-07-17,Store_3,Product_10,67,127,0
2023-07-17,Store_4,Product_1,31,83,0
2023-07-17,Store_4,Product_2,99,148,1
2023-07-17,Store_4,Product_3,88,115,0
2023-07-17,Store_4,Product_4,66,100,1
2023-07-17,Store_4,Product_5,55,160,0
2023-07-17,Store_4,Product_6,81,87,0
2023-07-17,Store_4,Product_7,32,174,1
2023-07-17,Store_4,Product_8,61,80,0
2023-07-17,Store_4,Product_9,82,98,0
2023-07-17,Store_4,Product_10,42,183,0
2023-07-17,Store_5,Product_1,39,177,0
2023-07-17,Store_5,Product_2,42,121,0
2023-07-17,Store_5,Product_3,40,198,0
2023-07-17,Store_5,Product_4,52,184,0
2023-07-17,Store_5,Product_5,71,138,0
2023-07-17,Store_5,Product_6,28,51,0
2023-07-17,Store_5,Product_7,34,81,0
2023-07-17,Store_5,Product_8,31,74,0
2023-07-17,Store_5,Product_9,24,60,0
2023-07-17,Store_5,Product_10,27,56,0
2023-07-18,Store_1,Product_1,50,172,0
2023-07-18,Store_1,Product_2,65,54,0
2023-07-18,Store_1,Product_3,99,198,0
2023-07-18,Store_1,Product_4,71,106,0
2023-07-18,Store_1,Product_5,50,123,0
2023-07-18,Store_1,Product_6,50,174,0
2023-07-18,Store_1,Product_7,94,81,1
2023-07-18,Store_1,Product_8,42,176,0
2023-07-18,Store_1,Product_9,37,70,0
2023-07-18,Store_1,Product_10,32,63,0
2023-07-18,Store_2,Product_1,30,153,0
2023-07-18,Store_2,Product_2,32,119,0
2023-07-18,Store_2,Product_3,23,163,0
2023-07-18,Store_2,Product_4,61,153,1
2023-07-18,Store_2,Product_5,67,75,0
2023-07-18,Store_2,Product_6,81,118,0
2023-07-18,Store_2,Product_7,38,189,0
2023-07-18,Store_2,Product_8,22,57,0
2023-07-18,Store_2,Product_9,52,167,0
2023-07-18,Store_2,Product_10,60,132,0
2023-07-18,Store_3,Product_1,71,153,0
2023-07-18,Store_3,Product_2,28,100,0
2023-07-18,Store_3,Product_3,70,128,0
2023-07-18,Store_3,Product_4,62,190,0
2023-07-18,Store_3,Product_5,59,50,0
2023-07-18,Store_3,Product_6,40,87,0
2023-07-18,Store_3,Product_7,23,197,0
2023-07-18,Store_3,Product_8,25,118,0
2023-07-18,Store_3,Product_9,84,165,0
2023-07-18,Store_3,Product_10,29,192,0
2023-07-18,Store_4,Product_1,19,175,0
2023-07-18,Store_4,Product_2,54,59,0
2023-07-18,Store_4,Product_3,28,72,0
2023-07-18,Store_4,Product_4,40,104,0
2023-07-18,Store_4,Product_5,53,198,0
2023-07-18,Store_4,Product_6,71,68,1
2023-07-18,Store_4,Product_7,74,127,0
2023-07-18,Store_4,Product_8,74,125,0
2023-07-18,Store_4,Product_9,54,163,1
2023-07-18,Store_4,Product_10,37,121,0
2023-07-18,Store_5,Product_1,94,60,0
2023-07-18,Store_5,Product_2,39,71,0
2023-07-18,Store_5,Product_3,35,118,0
2023-07-18,Store_5,Product_4,71,68,0
2023-07-18,Store_5,Product_5,53,150,1
2023-07-18,Store_5,Product_6,35,134,1
2023-07-18,Store_5,Product_7,39,125,1
2023-07-18,Store_5,Product_8,32,69,0
2023-07-18,Store_5,Product_9,85,190,0
2023-07-18,Store_5,Product_10,84,138,0
2023-07-19,Store_1,Product_1,60,96,1
2023-07-19,Store_1,Product_2,46,188,0
2023-07-19,Store_1,Product_3,90,162,0
2023-07-19,Store_1,Product_4,37,82,0
2023-07-19,Store_1,Product_5,103,192,0
2023-07-19,Store_1,Product_6,78,160,1
2023-07-19,Store_1,Product_7,75,181,0
2023-07-19,Store_1,Product_8,80,74,0
2023-07-19,Store_1,Product_9,59,65,0
2023-07-19,Store_1,Product_10,59,54,0
2023-07-19,Store_2,Product_1,27,178,0
2023-07-19,Store_2,Product_2,69,127,0
2023-07-19,Store_2,Product_3,81,170,1
2023-07-19,Store_2,Product_4,66,141,0
2023-07-19,Store_2,Product_5,12,70,0
2023-07-19,Store_2,Product_6,33,138,0
2023-07-19,Store_2,Product_7,43,130,0
2023-07-19,Store_2,Product_8,78,134,0
2023-07-19,Store_2,Product_9,21,164,0
2023-07-19,Store_2,Product_10,65,58,0
2023-07-19,Store_3,Product_1,65,126,0
2023-07-19,Store_3,Product_2,58,111,1
2023-07-19,Store_3,Product_3,39,90,1
2023-07-19,Store_3,Product_4,55,154,0
2023-07-19,Store_3,Product_5,64,154,0
2023-07-19,Store_3,Product_6,24,142,0
2023-07-19,Store_3,Product_7,27,187,0
2023-07-19,Store_3,Product_8,77,66,0
2023-07-19,Store_3,Product_9,27,116,0
2023-07-19,Store_3,Product_10,34,188,0
2023-07-19,Store_4,Product_1,61,190,0
2023-07-19,Store_4,Product_2,40,87,0
2023-07-19,Store_4,Product_3,48,114,1
2023-07-19,Store_4,Product_4,69,181,0
2023-07-19,Store_4,Product_5,46,52,0
2023-07-19,Store_4,Product_6,88,188,1
2023-07-19,Store_4,Product_7,11,50,0
2023-07-19,Store_4,Product_8,91,92,0
2023-07-19,Store_4,Product_9,32,156,0
2023-07-19,Store_4,Product_10,18,71,0
2023-07-19,Store_5,Product_1,29,87,0
2023-07-19,Store_5,Product_2,52,91,0
2023-07-19,Store_5,Product_3,69,160,0
2023-07-19,Store_5,Product_4,48,56,0
2023-07-19,Store_5,Product_5,30,126,0
2023-07-19,Store_5,Product_6,59,112,1
2023-07-19,Store_5,Product_7,78,164,0
2023-07-19,Store_5,Product_8,50,53,0
2023-07-19,Store_5,Product_9,70,82,0
2023-07-19,Store_5,Product_10,62,183,0
2023-07-20,Store_1,Product_1,60,175,0
2023-07-20,Store_1,Product_2,60,116,0
2023-07-20,Store_1,Product_3,89,127,0
2023-07-20,Store_1,Product_4,51,189,0
2023-07-20,Store_1,Product_5,62,170,0
2023-07-20,Store_1,Product_6,56,184,0
2023-07-20,Store_1,Product_7,78,135,0
2023-07-20,Store_1,Product_8,23,135,0
2023-07-20,Store_1,Product_9,67,57,0
2023-07-20,Store_1,Product_10,37,198,0
2023-07-20,Store_2,Product_1,24,109,0
2023-07-20,Store_2,Product_2,88,94,0
2023-07-20,Store_2,Product_3,79,162,0
2023-07-20,Store_2,Product_4,79,104,1
2023-07-20,Store_2,Product_5,106,58,0
2023-07-20,Store_2,Product_6,104,183,0
2023-07-20,Store_2,Product_7,75,186,0
2023-07-20,Store_2,Product_8,68,106,0
2023-07-20,Store_2,Product_9,24,88,0
2023-07-20,Store_2,Product_10,41,151,0
2023-07-20,Store_3,Product_1,77,167,0
2023-07-20,Store_3,Product_2,64,189,0
2023-07-20,Store_3,Product_3,96,199,1
2023-07-20,Store_3,Product_4,80,174,0
2023-07-20,Store_3,Product_5,63,132,0
2023-07-20,Store_3,Product_6,50,112,0
2023-07-20,Store_3,Product_7,20,134,1
2023-07-20,Store_3,Product_8,45,165,0
2023-07-20,Store_3,Product_9,24,56,0
2023-07-20,Store_3,Product_10,30,180,0
2023-07-20,Store_4,Product_1,50,64,0
2023-07-20,Store_4,Product_2,69,146,0
2023-07-20,Store_4,Product_3,25,127,0
2023-07-20,Store_4,Product_4,55,173,0
2023-07-20,Store_4,Product_5,71,186,0
2023-07-20,Store_4,Product_6,39,167,0
2023-07-20,Store_4,Product_7,94,56,0
2023-07-20,Store_4,Product_8,49,125,0
2023-07-20,Store_4,Product_9,47,69,0
2023-07-20,Store_4,Product_10,84,76,0
2023-07-20,Store_5,Product_1,31,180,0
2023-07-20,Store_5,Product_2,26,133,1
2023-07-20,Store_5,Product_3,19,145,0
2023-07-20,Store_5,Product_4,58,161,0
2023-07-20,Store_5,Product_5,76,124,1
2023-07-20,Store_5,Product_6,66,167,0
2023-07-20,Store_5,Product_7,50,110,0
2023-07-20,Store_5,Product_8,34,180,0
2023-07-20,Store_5,Product_9,41,162,0
2023-07-20,Store_5,Product_10,78,84,0
2023-07-21,Store_1,Product_1,53,83,0
2023-07-21,Store_1,Product_2,36,141,0
2023-07-21,Store_1,Product_3,89,125,1
2023-07-21,Store_1,Product_4,60,112,0
2023-07-21,Store_1,Product_5,29,195,0
2023-07-21,Store_1,Product_6,81,83,0
2023-07-21,Store_1,Product_7,61,160,0
2023-07-21,Store_1,Product_8,39,156,1
2023-07-21,Store_1,Product_9,41,58,0
2023-07-21,Store_1,Product_10,104,118,1
2023-07-21,Store_2,Product_1,81,54,0
2023-07-21,Store_2,Product_2,15,58,0
2023-07-21,Store_2,Product_3,24,85,1
2023-07-21,Store_2,Product_4,54,150,0
2023-07-21,Store_2,Product_5,18,193,0
2023-07-21,Store_2,Product_6,37,118,0
2023-07-21,Store_2,Product_7,85,151,0
2023-07-21,Store_2,Product_8,33,163,0
2023-07-21,Store_2,Product_9,31,131,0
2023-07-21,Store_2,Product_10,72,77,1
2023-07-21,Store_3,Product_1,96,55,0
2023-07-21,Store_3,Product_2,70,92,0
2023-07-21,Store_3,Product_3,52,195,0
2023-07-21,Store_3,Product_4,92,178,0
2023-07-21,Store_3,Product_5,72,115,0
2023-07-21,Store_3,Product_6,44,142,0
2023-07-21,Store_3,Product_7,72,97,0
2023-07-21,Store_3,Product_8,32,70,0
2023-07-21,Store_3,Product_9,19,54,0
2023-07-21,Store_3,Product_10,51,144,0
2023-07-21,Store_4,Product_1,87,110,1
2023-07-21,Store_4,Product_2,43,55,0
2023-07-21,Store_4,Product_3,62,73,1
2023-07-21,Store_4,Product_4,61,157,1
2023-07-21,Store_4,Product_5,81,134,0
2023-07-21,Store_4,Product_6,51,138,0
2023-07-21,Store_4,Product_7,36,98,0
2023-07-21,Store_4,Product_8,60,54,0
2023-07-21,Store_4,Product_9,62,189,0
2023-07-21,Store_4,Product_10,72,171,0
2023-07-21,Store_5,Product_1,89,71,0
2023-07-21,Store_5,Product_2,59,128,0
2023-07-21,Store_5,Product_3,17,155,0
2023-07-21,Store_5,Product_4,63,174,0
2023-07-21,Store_5,Product_5,30,145,0
2023-07-21,Store_5,Product_6,79,114,0
2023-07-21,Store_5,Product_7,88,179,0
2023-07-21,Store_5,Product_8,69,150,0
2023-07-21,Store_5,Product_9,62,151,0
2023-07-21,Store_5,Product_10,20,110,0
2023-07-22,Store_1,Product_1,43,108,0
2023-07-22,Store_1,Product_2,40,107,0
2023-07-22,Store_1,Product_3,39,187,0
2023-07-22,Store_1,Product_4,14,147,0
2023-07-22,Store_1,Product_5,46,113,0
2023-07-22,Store_1,Product_6,95,147,1
2023-07-22,Store_1,Product_7,70,82,1
2023-07-22,Store_1,Product_8,91,91,1
2023-07-22,Store_1,Product_9,57,82,0
2023-07-22,Store_1,Product_10,77,85,1
2023-07-22,Store_2,Product_1,40,132,1
2023-07-22,Store_2,Product_2,39,175,0
2023-07-22,Store_2,Product_3,113,62,1
2023-07-22,Store_2,Product_4,83,154,0
2023-07-22,Store_2,Product_5,74,79,0
2023-07-22,Store_2,Product_6,18,73,0
2023-07-22,Store_2,Product_7,64,105,0
2023-07-22,Store_2,Product_8,28,67,0
2023-07-22,Store_2,Product_9,72,63,0
2023-07-22,Store_2,Product_10,61,135,1
2023-07-22,Store_3,Product_1,64,89,0
2023-07-22,Store_3,Product_2,37,159,1
2023-07-22,Store_3,Product_3,52,89,0
2023-07-22,Store_3,Product_4,58,91,0
2023-07-22,Store_3,Product_5,66,76,0
2023-07-22,Store_3,Product_6,47,170,0
2023-07-22,Store_3,Product_7,75,171,0
2023-07-22,Store_3,Product_8,58,72,0
2023-07-22,Store_3,Product_9,54,60,0
2023-07-22,Store_3,Product_10,45,130,0
2023-07-22,Store_4,Product_1,28,78,0
2023-07-22,Store_4,Product_2,36,152,0
2023-07-22,Store_4,Product_3,30,92,0
2023-07-22,Store_4,Product_4,33,183,0
2023-07-22,Store_4,Product_5,81,122,0
2023-07-22,Store_4,Product_6,26,112,0
2023-07-22,Store_4,Product_7,80,87,0
2023-07-22,Store_4,Product_8,68,168,0
2023-07-22,Store_4,Product_9,67,150,0
2023-07-22,Store_4,Product_10,66,123,0
2023-07-22,Store_5,Product_1,26,183,0
2023-07-22,Store_5,Product_2,45,164,0
2023-07-22,Store_5,Product_3,88,103,0
2023-07-22,Store_5,Product_4,60,175,0
2023-07-22,Store_5,Product_5,74,167,0
2023-07-22,Store_5,Product_6,99,113,0
2023-07-22,Store_5,Product_7,85,93,0
2023-07-22,Store_5,Product_8,74,168,0
2023-07-22,Store_5,Product_9,79,115,0
2023-07-22,Store_5,Product_10,40,78,0
2023-07-23,Store_1,Product_1,15,154,0
2023-07-23,Store_1,Product_2,60,122,1
2023-07-23,Store_1,Product_3,47,138,0
2023-07-23,Store_1,Product_4,45,82,0
2023-07-23,Store_1,Product_5,81,71,0
2023-07-23,Store_1,Product_6,82,186,0
2023-07-23,Store_1,Product_7,89,186,0
2023-07-23,Store_1,Product_8,33,58,0
2023-07-23,Store_1,Product_9,24,115,0
2023-07-23,Store_1,Product_10,95,155,0
2023-07-23,Store_2,Product_1,93,94,0
2023-07-23,Store_2,Product_2,62,151,0
2023-07-23,Store_2,Product_3,32,69,0
2023-07-23,Store_2,Product_4,47,147,1
2023-07-23,Store_2,Product_5,38,82,0
2023-07-23,Store_2,Product_6,68,100,0
2023-07-23,Store_2,Product_7,40,131,0
2023-07-23,Store_2,Product_8,25,73,0
2023-07-23,Store_2,Product_9,88,120,0
2023-07-23,Store_2,Product_10,96,125,1
2023-07-23,Store_3,Product_1,62,190,0
2023-07-23,Store_3,Product_2,54,134,0
2023-07-23,Store_3,Product_3,88,173,0
2023-07-23,Store_3,Product_4,70,56,0
2023-07-23,Store_3,Product_5,71,151,1
2023-07-23,Store_3,Product_6,72,195,0
2023-07-23,Store_3,Product_7,37,133,0
2023-07-23,Store_3,Product_8,25,181,0
2023-07-23,Store_3,Product_9,75,134,0
2023-07-23,Store_3,Product_10,4,126,0
2023-07-23,Store_4,Product_1,81,185,0
2023-07-23,Store_4,Product_2,22,99,0
2023-07-23,Store_4,Product_3,39,87,0
2023-07-23,Store_4,Product_4,85,91,0
2023-07-23,Store_4,Product_5,69,115,0
2023-07-23,Store_4,Product_6,65,197,0
2023-07-23,Store_4,Product_7,63,122,0
2023-07-23,Store_4,Product_8,55,79,0
2023-07-23,Store_4,Product_9,24,165,0
2023-07-23,Store_4,Product_10,89,83,0
2023-07-23,Store_5,Product_1,33,192,0
2023-07-23,Store_5,Product_2,81,113,0
2023-07-23,Store_5,Product_3,86,54,0
2023-07-23,Store_5,Product_4,28,51,0
2023-07-23,Store_5,Product_5,91,98,1
2023-07-23,Store_5,Product_6,83,66,1
2023-07-23,Store_5,Product_7,19,110,0
2023-07-23,Store_5,Product_8,55,84,1
2023-07-23,Store_5,Product_9,79,188,0
2023-07-23,Store_5,Product_10,71,168,0
2023-07-24,Store_1,Product_1,77,77,0
2023-07-24,Store_1,Product_2,57,141,1
2023-07-24,Store_1,Product_3,23,114,0
2023-07-24,Store_1,Product_4,31,147,1
2023-07-24,Store_1,Product_5,44,186,0
2023-07-24,Store_1,Product_6,84,51,0
2023-07-24,Store_1,Product_7,36,161,0
2023-07-24,Store_1,Product_8,61,77,0
2023-07-24,Store_1,Product_9,31,107,1
2023-07-24,Store_1,Product_10,19,67,0
2023-07-24,Store_2,Product_1,111,194,1
2023-07-24,Store_2,Product_2,59,88,0
2023-07-24,Store_2,Product_3,73,78,0
2023-07-24,Store_2,Product_4,19,144,0
2023-07-24,Store_2,Product_5,17,161,0
2023-07-24,Store_2,Product_6,92,160,0
2023-07-24,Store_2,Product_7,104,90,1
2023-07-24,Store_2,Product_8,72,175,1
2023-07-24,Store_2,Product_9,73,93,0
2023-07-24,Store_2,Product_10,33,197,0
2023-07-24,Store_3,Product_1,73,95,0
2023-07-24,Store_3,Product_2,35,52,1
2023-07-24,Store_3,Product_3,50,132,1
2023-07-24,Store_3,Product_4,19,97,0
2023-07-24,Store_3,Product_5,67,142,0
2023-07-24,Store_3,Product_6,68,72,0
2023-07-24,Store_3,Product_7,21,105,0
2023-07-24,Store_3,Product_8,80,158,1
2023-07-24,Store_3,Product_9,79,146,1
2023-07-24,Store_3,Product_10,68,128,0
2023-07-24,Store_4,Product_1,71,129,1
2023-07-24,Store_4,Product_2,110,128,1
2023-07-24,Store_4,Product_3,89,166,0
2023-07-24,Store_4,Product_4,70,60,0
2023-07-24,Store_4,Product_5,21,111,0
2023-07-24,Store_4,Product_6,99,139,1
2023-07-24,Store_4,Product_7,27,110,0
2023-07-24,Store_4,Product_8,94,82,0
2023-07-24,Store_4,Product_9,34,198,0
2023-07-24,Store_4,Product_10,65,90,0
2023-07-24,Store_5,Product_1,65,54,1
2023-07-24,Store_5,Product_2,59,110,1
2023-07-24,Store_5,Product_3,87,79,1
2023-07-24,Store_5,Product_4,54,71,0
2023-07-24,Store_5,Product_5,61,163,0
2023-07-24,Store_5,Product_6,24,171,0
2023-07-24,Store_5,Product_7,85,72,0
2023-07-24,Store_5,Product_8,80,107,1
2023-07-24,Store_5,Product_9,39,120,0
2023-07-24,Store_5,Product_10,66,192,0
2023-07-25,Store_1,Product_1,81,87,0
2023-07-25,Store_1,Product_2,24,104,0
2023-07-25,Store_1,Product_3,86,119,0
2023-07-25,Store_1,Product_4,29,117,1
2023-07-25,Store_1,Product_5,87,165,0
2023-07-25,Store_1,Product_6,61,78,0
2023-07-25,Store_1,Product_7,44,199,0
2023-07-25,Store_1,Product_8,87,55,0
2023-07-25,Store_1,Product_9,68,104,0
2023-07-25,Store_1,Product_10,83,68,1
2023-07-25,Store_2,Product_1,52,145,0
2023-07-25,Store_2,Product_2,81,147,1
2023-07-25,Store_2,Product_3,40,83,0
2023-07-25,Store_2,Product_4,82,135,0
2023-07-25,Store_2,Product_5,71,179,0
2023-07-25,Store_2,Product_6,39,169,0
2023-07-25,Store_2,Product_7,22,136,0
2023-07-25,Store_2,Product_8,20,163,0
2023-07-25,Store_2,Product_9,61,110,0
2023-07-25,Store_2,Product_10,17,81,0
2023-07-25,Store_3,Product_1,25,163,0
2023-07-25,Store_3,Product_2,77,81,0
2023-07-25,Store_3,Product_3,85,177,1
2023-07-25,Store_3,Product_4,70,77,1
2023-07-25,Store_3,Product_5,47,166,0
2023-07-25,Store_3,Product_6,23,154,0
2023-07-25,Store_3,Product_7,61,165,0
2023-07-25,Store_3,Product_8,63,193,1
2023-07-25,Store_3,Product_9,9,68,1
2023-07-25,Store_3,Product_10,57,68,0
2023-07-25,Store_4,Product_1,52,190,0
2023-07-25,Store_4,Product_2,45,121,0
2023-07-25,Store_4,Product_3,22,163,0
2023-07-25,Store_4,Product_4,83,50,0
2023-07-25,Store_4,Product_5,58,156,0
2023-07-25,Store_4,Product_6,26,175,0
2023-07-25,Store_4,Product_7,40,72,0
2023-07-25,Store_4,Product_8,62,58,0
2023-07-25,Store_4,Product_9,66,142,0
2023-07-25,Store_4,Product_10,53,185,0
2023-07-25,Store_5,Product_1,62,60,0
2023-07-25,Store_5,Product_2,80,184,0
2023-07-25,Store_5,Product_3,31,197,0
2023-07-25,Store_5,Product_4,114,115,1
2023-07-25,Store_5,Product_5,83,50,1
2023-07-25,Store_5,Product_6,47,107,0
2023-07-25,Store_5,Product_7,96,162,1
2023-07-25,Store_5,Product_8,37,154,0
2023-07-25,Store_5,Product_9,85,161,0
2023-07-25,Store_5,Product_10,83,107,1
2023-07-26,Store_1,Product_1,46,82,0
2023-07-26,Store_1,Product_2,48,88,0
2023-07-26,Store_1,Product_3,65,50,0
2023-07-26,Store_1,Product_4,74,184,0
2023-07-26,Store_1,Product_5,22,77,0
2023-07-26,Store_1,Product_6,67,145,1
2023-07-26,Store_1,Product_7,40,127,0
2023-07-26,Store_1,Product_8,48,148,0
2023-07-26,Store_1,Product_9,33,135,0
2023-07-26,Store_1,Product_10,81,92,1
2023-07-26,Store_2,Product_1,82,120,0
2023-07-26,Store_2,Product_2,92,128,0
2023-07-26,Store_2,Product_3,65,178,0
2023-07-26,Store_2,Product_4,36,190,0
2023-07-26,Store_2,Product_5,64,156,0
2023-07-26,Store_2,Product_6,19,79,0
2023-07-26,Store_2,Product_7,23,135,1
2023-07-26,Store_2,Product_8,59,119,0
2023-07-26,Store_2,Product_9,62,50,0
2023-07-26,Store_2,Product_10,88,164,0
2023-07-26,Store_3,Product_1,64,151,0
2023-07-26,Store_3,Product_2,22,184,0
2023-07-26,Store_3,Product_3,30,140,0
2023-07-26,Store_3,Product_4,88,168,0
2023-07-26,Store_3,Product_5,28,187,0
2023-07-26,Store_3,Product_6,29,192,0
2023-07-26,Store_3,Product_7,23,191,0
2023-07-26,Store_3,Product_8,81,119,0
2023-07-26,Store_3,Product_9,27,162,0
2023-07-26,Store_3,Product_10,29,145,0
2023-07-26,Store_4,Product_1,59,90,0
2023-07-26,Store_4,Product_2,29,68,0
2023-07-26,Store_4,Product_3,91,174,0
2023-07-26,Store_4,Product_4,48,172,0
2023-07-26,Store_4,Product_5,32,197,0
2023-07-26,Store_4,Product_6,95,140,0
2023-07-26,Store_4,Product_7,44,136,0
2023-07-26,Store_4,Product_8,40,193,0
2023-07-26,Store_4,Product_9,53,137,1
2023-07-26,Store_4,Product_10,5,81,0
2023-07-26,Store_5,Product_1,94,79,0
2023-07-26,Store_5,Product_2,32,85,0
2023-07-26,Store_5,Product_3,45,87,0
2023-07-26,Store_5,Product_4,27,146,0
2023-07-26,Store_5,Product_5,43,91,0
2023-07-26,Store_5,Product_6,38,179,1
2023-07-26,Store_5,Product_7,28,185,0
2023-07-26,Store_5,Product_8,76,116,0
2023-07-26,Store_5,Product_9,46,101,0
2023-07-26,Store_5,Product_10,36,134,0
2023-07-27,Store_1,Product_1,29,51,0
2023-07-27,Store_1,Product_2,64,146,0
2023-07-27,Store_1,Product_3,47,74,0
2023-07-27,Store_1,Product_4,26,159,0
2023-07-27,Store_1,Product_5,21,126,0
2023-07-27,Store_1,Product_6,32,119,0
2023-07-27,Store_1,Product_7,111,85,1
2023-07-27,Store_1,Product_8,53,60,0
2023-07-27,Store_1,Product_9,91,181,0
2023-07-27,Store_1,Product_10,26,141,1
2023-07-27,Store_2,Product_1,23,152,0
2023-07-27,Store_2,Product_2,39,156,0
2023-07-27,Store_2,Product_3,5,126,1
2023-07-27,Store_2,Product_4,36,199,0
2023-07-27,Store_2,Product_5,75,129,0
2023-07-27,Store_2,Product_6,27,149,1
2023-07-27,Store_2,Product_7,29,197,1
2023-07-27,Store_2,Product_8,76,103,0
2023-07-27,Store_2,Product_9,17,87,0
2023-07-27,Store_2,Product_10,38,110,0
2023-07-27,Store_3,Product_1,82,90,0
2023-07-27,Store_3,Product_2,82,150,0
2023-07-27,Store_3,Product_3,47,55,0
2023-07-27,Store_3,Product_4,67,199,0
2023-07-27,Store_3,Product_5,62,95,0
2023-07-27,Store_3,Product_6,54,183,0
2023-07-27,Store_3,Product_7,75,126,0
2023-07-27,Store_3,Product_8,76,131,0
2023-07-27,Store_3,Product_9,22,134,0
2023-07-27,Store_3,Product_10,39,166,0
2023-07-27,Store_4,Product_1,64,169,0
2023-07-27,Store_4,Product_2,66,196,0
2023-07-27,Store_4,Product_3,63,61,0
2023-07-27,Store_4,Product_4,50,187,1
2023-07-27,Store_4,Product_5,37,58,1
2023-07-27,Store_4,Product_6,83,154,0
2023-07-27,Store_4,Product_7,34,138,1
2023-07-27,Store_4,Product_8,62,59,0
2023-07-27,Store_4,Product_9,67,103,0
2023-07-27,Store_4,Product_10,65,86,0
2023-07-27,Store_5,Product_1,18,184,0
2023-07-27,Store_5,Product_2,82,163,0
2023-07-27,Store_5,Product_3,90,188,1
2023-07-27,Store_5,Product_4,48,176,1
2023-07-27,Store_5,Product_5,91,129,0
2023-07-27,Store_5,Product_6,20,139,0
2023-07-27,Store_5,Product_7,47,103,0
2023-07-27,Store_5,Product_8,62,55,0
2023-07-27,Store_5,Product_9,85,140,0
2023-07-27,Store_5,Product_10,79,70,1
2023-07-28,Store_1,Product_1,52,91,0
2023-07-28,Store_1,Product_2,50,149,1
2023-07-28,Store_1,Product_3,71,70,0
2023-07-28,Store_1,Product_4,70,117,0
2023-07-28,Store_1,Product_5,39,98,1
2023-07-28,Store_1,Product_6,53,106,0
2023-07-28,Store_1,Product_7,109,191,1
2023-07-28,Store_1,Product_8,65,129,0
2023-07-28,Store_1,Product_9,79,135,0
2023-07-28,Store_1,Product_10,42,119,0
2023-07-28,Store_2,Product_1,23,76,0
2023-07-28,Store_2,Product_2,60,109,0
2023-07-28,Store_2,Product_3,64,99,0
2023-07-28,Store_2,Product_4,59,177,0
2023-07-28,Store_2,Product_5,88,81,0
2023-07-28,Store_2,Product_6,93,123,0
2023-07-28,Store_2,Product_7,28,169,0
2023-07-28,Store_2,Product_8,117,76,1
2023-07-28,Store_2,Product_9,48,177,0
2023-07-28,Store_2,Product_10,54,84,0
2023-07-28,Store_3,Product_1,75,199,1
2023-07-28,Store_3,Product_2,95,194,1
2023-07-28,Store_3,Product_3,37,134,0
2023-07-28,Store_3,Product_4,46,152,1
2023-07-28,Store_3,Product_5,46,130,0
2023-07-28,Store_3,Product_6,69,83,0
2023-07-28,Store_3,Product_7,74,199,0
2023-07-28,Store_3,Product_8,88,161,0
2023-07-28,Store_3,Product_9,92,170,0
2023-07-28,Store_3,Product_10,14,195,0
2023-07-28,Store_4,Product_1,57,94,0
2023-07-28,Store_4,Product_2,89,91,0
2023-07-28,Store_4,Product_3,25,92,0
2023-07-28,Store_4,Product_4,56,163,0
2023-07-28,Store_4,Product_5,26,164,1
2023-07-28,Store_4,Product_6,96,147,0
2023-07-28,Store_4,Product_7,86,77,0
2023-07-28,Store_4,Product_8,116,190,1
2023-07-28,Store_4,Product_9,25,86,1
2023-07-28,Store_4,Product_10,79,135,0
2023-07-28,Store_5,Product_1,41,84,0
2023-07-28,Store_5,Product_2,94,110,1
2023-07-28,Store_5,Product_3,91,102,0
2023-07-28,Store_5,Product_4,32,161,0
2023-07-28,Store_5,Product_5,22,115,0
2023-07-28,Store_5,Product_6,94,135,0
2023-07-28,Store_5,Product_7,28,116,0
2023-07-28,Store_5,Product_8,70,86,0
2023-07-28,Store_5,Product_9,65,104,0
2023-07-28,Store_5,Product_10,91,179,0
2023-07-29,Store_1,Product_1,27,189,0
2023-07-29,Store_1,Product_2,84,110,0
2023-07-29,Store_1,Product_3,13,58,0
2023-07-29,Store_1,Product_4,30,123,0
2023-07-29,Store_1,Product_5,75,114,0
2023-07-29,Store_1,Product_6,110,165,1
2023-07-29,Store_1,Product_7,37,92,0
2023-07-29,Store_1,Product_8,18,152,0
2023-07-29,Store_1,Product_9,58,72,0
2023-07-29,Store_1,Product_10,90,58,0
2023-07-29,Store_2,Product_1,81,196,0
2023-07-29,Store_2,Product_2,67,159,0
2023-07-29,Store_2,Product_3,28,88,1
2023-07-29,Store_2,Product_4,77,89,0
2023-07-29,Store_2,Product_5,21,117,0
2023-07-29,Store_2,Product_6,100,52,1
2023-07-29,Store_2,Product_7,82,58,0
2023-07-29,Store_2,Product_8,62,65,0
2023-07-29,Store_2,Product_9,41,180,0
2023-07-29,Store_2,Product_10,45,182,0
2023-07-29,Store_3,Product_1,118,165,1
2023-07-29,Store_3,Product_2,32,91,0
2023-07-29,Store_3,Product_3,38,136,0
2023-07-29,Store_3,Product_4,53,183,0
2023-07-29,Store_3,Product_5,79,54,0
2023-07-29,Store_3,Product_6,92,141,0
2023-07-29,Store_3,Product_7,66,125,0
2023-07-29,Store_3,Product_8,54,125,0
2023-07-29,Store_3,Product_9,48,177,0
2023-07-29,Store_3,Product_10,35,112,1
2023-07-29,Store_4,Product_1,30,71,1
2023-07-29,Store_4,Product_2,68,111,0
2023-07-29,Store_4,Product_3,86,193,0
2023-07-29,Store_4,Product_4,63,67,0
2023-07-29,Store_4,Product_5,59,101,0
2023-07-29,Store_4,Product_6,42,141,0
2023-07-29,Store_4,Product_7,54,148,0
2023-07-29,Store_4,Product_8,76,131,0
2023-07-29,Store_4,Product_9,63,149,0
2023-07-29,Store_4,Product_10,68,157,0
2023-07-29,Store_5,Product_1,41,94,0
2023-07-29,Store_5,Product_2,80,100,0
2023-07-29,Store_5,Product_3,38,136,0
2023-07-29,Store_5,Product_4,89,64,0
2023-07-29,Store_5,Product_5,21,191,0
2023-07-29,Store_5,Product_6,82,171,0
2023-07-29,Store_5,Product_7,68,171,0
2023-07-29,Store_5,Product_8,92,141,0
2023-07-29,Store_5,Product_9,56,182,0
2023-07-29,Store_5,Product_10,53,136,0
2023-07-30,Store_1,Product_1,79,195,0
2023-07-30,Store_1,Product_2,28,108,0
2023-07-30,Store_1,Product_3,26,170,1
2023-07-30,Store_1,Product_4,108,185,1
2023-07-30,Store_1,Product_5,49,50,1
2023-07-30,Store_1,Product_6,12,190,0
2023-07-30,Store_1,Product_7,103,134,1
2023-07-30,Store_1,Product_8,30,125,0
2023-07-30,Store_1,Product_9,67,103,1
2023-07-30,Store_1,Product_10,19,78,0
2023-07-30,Store_2,Product_1,71,136,0
2023-07-30,Store_2,Product_2,87,118,0
2023-07-30,Store_2,Product_3,15,56,0
2023-07-30,Store_2,Product_4,76,56,0
2023-07-30,Store_2,Product_5,114,147,1
2023-07-30,Store_2,Product_6,44,178,1
2023-07-30,Store_2,Product_7,31,115,0
2023-07-30,Store_2,Product_8,99,187,1
2023-07-30,Store_2,Product_9,84,135,0
2023-07-30,Store_2,Product_10,21,124,0
2023-07-30,Store_3,Product_1,81,111,1
2023-07-30,Store_3,Product_2,52,170,1
2023-07-30,Store_3,Product_3,39,171,0
2023-07-30,Store_3,Product_4,45,173,0
2023-07-30,Store_3,Product_5,42,102,0
2023-07-30,Store_3,Product_6,38,119,0
2023-07-30,Store_3,Product_7,74,153,0
2023-07-30,Store_3,Product_8,68,98,0
2023-07-30,Store_3,Product_9,70,179,0
2023-07-30,Store_3,Product_10,45,170,0
2023-07-30,Store_4,Product_1,34,109,0
2023-07-30,Store_4,Product_2,70,129,0
2023-07-30,Store_4,Product_3,102,180,1
2023-07-30,Store_4,Product_4,25,115,1
2023-07-30,Store_4,Product_5,39,137,0
2023-07-30,Store_4,Product_6,83,59,0
2023-07-30,Store_4,Product_7,93,69,1
2023-07-30,Store_4,Product_8,71,148,1
2023-07-30,Store_4,Product_9,106,52,1
2023-07-30,Store_4,Product_10,62,129,0
2023-07-30,Store_5,Product_1,57,79,0
2023-07-30,Store_5,Product_2,66,50,0
2023-07-30,Store_5,Product_3,89,135,0
2023-07-30,Store_5,Product_4,45,64,0
2023-07-30,Store_5,Product_5,24,162,0
2023-07-30,Store_5,Product_6,33,121,0
2023-07-30,Store_5,Product_7,81,63,1
2023-07-30,Store_5,Product_8,27,131,0
2023-07-30,Store_5,Product_9,61,114,0
2023-07-30,Store_5,Product_10,53,171,0
2023-07-31,Store_1,Product_1,27,115,0
2023-07-31,Store_1,Product_2,30,111,1
2023-07-31,Store_1,Product_3,33,72,0
2023-07-31,Store_1,Product_4,107,115,1
2023-07-31,Store_1,Product_5,28,118,0
2023-07-31,Store_1,Product_6,85,126,0
2023-07-31,Store_1,Product_7,70,75,0
2023-07-31,Store_1,Product_8,19,117,0
2023-07-31,Store_1,Product_9,105,113,0
2023-07-31,Store_1,Product_10,97,184,0
2023-07-31,Store_2,Product_1,88,119,1
2023-07-31,Store_2,Product_2,74,122,0
2023-07-31,Store_2,Product_3,65,149,0
2023-07-31,Store_2,Product_4,57,158,0
2023-07-31,Store_2,Product_5,18,88,0
2023-07-31,Store_2,Product_6,90,100,0
2023-07-31,Store_2,Product_7,41,93,1
2023-07-31,Store_2,Product_8,59,167,0
2023-07-31,Store_2,Product_9,22,115,0
2023-07-31,Store_2,Product_10,38,118,1
2023-07-31,Store_3,Product_1,72,157,0
2023-07-31,Store_3,Product_2,29,145,0
2023-07-31,Store_3,Product_3,71,95,1
2023-07-31,Store_3,Product_4,60,92,0
2023-07-31,Store_3,Product_5,95,64,1
2023-07-31,Store_3,Product_6,39,154,0
2023-07-31,Store_3,Product_7,44,141,0
2023-07-31,Store_3,Product_8,71,181,1
2023-07-31,Store_3,Product_9,100,120,1
2023-07-31,Store_3,Product_10,40,79,0
2023-07-31,Store_4,Product_1,29,109,0
2023-07-31,Store_4,Product_2,33,101,0
2023-07-31,Store_4,Product_3,18,177,1
2023-07-31,Store_4,Product_4,81,67,0
2023-07-31,Store_4,Product_5,28,55,0
2023-07-31,Store_4,Product_6,85,97,0
2023-07-31,Store_4,Product_7,100,165,0
2023-07-31,Store_4,Product_8,106,59,1
2023-07-31,Store_4,Product_9,11,130,0
2023-07-31,Store_4,Product_10,66,83,0
2023-07-31,Store_5,Product_1,57,118,0
2023-07-31,Store_5,Product_2,26,110,1
2023-07-31,Store_5,Product_3,26,192,0
2023-07-31,Store_5,Product_4,28,130,0
2023-07-31,Store_5,Product_5,23,98,0
2023-07-31,Store_5,Product_6,42,129,1
2023-07-31,Store_5,Product_7,24,118,0
2023-07-31,Store_5,Product_8,72,59,0
2023-07-31,Store_5,Product_9,77,134,0
2023-07-31,Store_5,Product_10,89,128,1
2023-08-01,Store_1,Product_1,34,129,0
2023-08-01,Store_1,Product_2,78,65,0
2023-08-01,Store_1,Product_3,31,175,1
2023-08-01,Store_1,Product_4,50,181,0
2023-08-01,Store_1,Product_5,36,195,1
2023-08-01,Store_1,Product_6,53,66,0
2023-08-01,Store_1,Product_7,57,141,0
2023-08-01,Store_1,Product_8,20,50,0
2023-08-01,Store_1,Product_9,85,122,1
2023-08-01,Store_1,Product_10,71,170,0
2023-08-01,Store_2,Product_1,68,124,0
2023-08-01,Store_2,Product_2,94,79,0
2023-08-01,Store_2,Product_3,24,117,0
2023-08-01,Store_2,Product_4,53,167,0
2023-08-01,Store_2,Product_5,24,75,0
2023-08-01,Store_2,Product_6,65,166,0
2023-08-01,Store_2,Product_7,76,131,0
2023-08-01,Store_2,Product_8,58,54,1
2023-08-01,Store_2,Product_9,34,124,0
2023-08-01,Store_2,Product_10,87,112,1
2023-08-01,Store_3,Product_1,83,160,0
2023-08-01,Store_3,Product_2,12,76,0
2023-08-01,Store_3,Product_3,80,54,0
2023-08-01,Store_3,Product_4,39,150,1
2023-08-01,Store_3,Product_5,88,107,0
2023-08-01,Store_3,Product_6,59,180,0
2023-08-01,Store_3,Product_7,49,177,0
2023-08-01,Store_3,Product_8,45,89,0
2023-08-01,Store_3,Product_9,76,165,0
2023-08-01,Store_3,Product_10,58,61,0
2023-08-01,Store_4,Product_1,91,141,0
2023-08-01,Store_4,Product_2,95,180,1
2023-08-01,Store_4,Product_3,18,173,0
2023-08-01,Store_4,Product_4,94,124,0
2023-08-01,Store_4,Product_5,58,122,0
2023-08-01,Store_4,Product_6,58,192,0
2023-08-01,Store_4,Product_7,54,53,0
2023-08-01,Store_4,Product_8,30,117,1
2023-08-01,Store_4,Product_9,79,121,1
2023-08-01,Store_4,Product_10,64,52,0
2023-08-01,Store_5,Product_1,90,72,1
2023-08-01,Store_5,Product_2,37,195,0
2023-08-01,Store_5,Product_3,62,153,0
2023-08-01,Store_5,Product_4,14,84,0
2023-08-01,Store_5,Product_5,90,68,0
2023-08-01,Store_5,Product_6,65,150,1
2023-08-01,Store_5,Product_7,44,99,0
2023-08-01,Store_5,Product_8,60,83,1
2023-08-01,Store_5,Product_9,93,55,0
2023-08-01,Store_5,Product_10,70,109,0
2023-08-02,Store_1,Product_1,18,158,0
2023-08-02,Store_1,Product_2,45,180,0
2023-08-02,Store_1,Product_3,60,69,0
2023-08-02,Store_1,Product_4,54,135,0
2023-08-02,Store_1,Product_5,40,59,0
2023-08-02,Store_1,Product_6,58,181,0
2023-08-02,Store_1,Product_7,53,155,0
2023-08-02,Store_1,Product_8,80,62,0
2023-08-02,Store_1,Product_9,42,79,0
2023-08-02,Store_1,Product_10,25,130,0
2023-08-02,Store_2,Product_1,22,70,1
2023-08-02,Store_2,Product_2,96,190,1
2023-08-02,Store_2,Product_3,38,54,0
2023-08-02,Store_2,Product_4,49,126,0
2023-08-02,Store_2,Product_5,72,151,0
2023-08-02,Store_2,Product_6,23,100,0
2023-08-02,Store_2,Product_7,27,112,1
2023-08-02,Store_2,Product_8,72,191,0
2023-08-02,Store_2,Product_9,94,62,0
2023-08-02,Store_2,Product_10,35,93,1
2023-08-02,Store_3,Product_1,71,106,0
2023-08-02,Store_3,Product_2,21,99,0
2023-08-02,Store_3,Product_3,80,174,0
2023-08-02,Store_3,Product_4,28,73,0
2023-08-02,Store_3,Product_5,24,151,0
2023-08-02,Store_3,Product_6,63,57,0
2023-08-02,Store_3,Product_7,84,121,0
2023-08-02,Store_3,Product_8,63,58,0
2023-08-02,Store_3,Product_9,96,64,0
2023-08-02,Store_3,Product_10,61,53,0
2023-08-02,Store_4,Product_1,30,124,0
2023-08-02,Store_4,Product_2,53,195,0
2023-08-02,Store_4,Product_3,64,101,0
2023-08-02,Store_4,Product_4,57,126,0
2023-08-02,Store_4,Product_5,46,102,1
2023-08-02,Store_4,Product_6,32,127,0
2023-08-02,Store_4,Product_7,17,111,0
2023-08-02,Store_4,Product_8,25,147,1
2023-08-02,Store_4,Product_9,35,150,1
2023-08-02,Store_4,Product_10,64,142,0
2023-08-02,Store_5,Product_1,56,136,0
2023-08-02,Store_5,Product_2,49,147,0
2023-08-02,Store_5,Product_3,78,176,0
2023-08-02,Store_5,Product_4,28,152,0
2023-08-02,Store_5,Product_5,90,155,0
2023-08-02,Store_5,Product_6,54,193,1
2023-08-02,Store_5,Product_7,94,130,0
2023-08-02,Store_5,Product_8,77,123,0
2023-08-02,Store_5,Product_9,50,90,0
2023-08-02,Store_5,Product_10,96,146,1
2023-08-03,Store_1,Product_1,30,74,0
2023-08-03,Store_1,Product_2,78,160,0
2023-08-03,Store_1,Product_3,21,181,0
2023-08-03,Store_1,Product_4,59,190,0
2023-08-03,Store_1,Product_5,37,183,0
2023-08-03,Store_1,Product_6,27,183,0
2023-08-03,Store_1,Product_7,82,119,0
2023-08-03,Store_1,Product_8,34,189,0
2023-08-03,Store_1,Product_9,24,88,0
2023-08-03,Store_1,Product_10,19,121,1
2023-08-03,Store_2,Product_1,55,157,1
2023-08-03,Store_2,Product_2,64,95,0
2023-08-03,Store_2,Product_3,28,128,0
2023-08-03,Store_2,Product_4,74,108,0
2023-08-03,Store_2,Product_5,90,153,0
2023-08-03,Store_2,Product_6,62,151,0
2023-08-03,Store_2,Product_7,53,169,0
2023-08-03,Store_2,Product_8,33,111,0
2023-08-03,Store_2,Product_9,32,72,0
2023-08-03,Store_2,Product_10,51,188,0
2023-08-03,Store_3,Product_1,74,53,0
2023-08-03,Store_3,Product_2,63,180,0
2023-08-03,Store_3,Product_3,98,84,1
2023-08-03,Store_3,Product_4,52,199,0
2023-08-03,Store_3,Product_5,74,88,0
2023-08-03,Store_3,Product_6,27,63,0
2023-08-03,Store_3,Product_7,31,148,0
2023-08-03,Store_3,Product_8,84,126,0
2023-08-03,Store_3,Product_9,54,184,0
2023-08-03,Store_3,Product_10,32,109,0
2023-08-03,Store_4,Product_1,52,150,0
2023-08-03,Store_4,Product_2,52,78,0
2023-08-03,Store_4,Product_3,80,189,0
2023-08-03,Store_4,Product_4,18,77,1
2023-08-03,Store_4,Product_5,89,172,0
2023-08-03,Store_4,Product_6,39,134,1
2023-08-03,Store_4,Product_7,71,163,0
2023-08-03,Store_4,Product_8,50,143,1
2023-08-03,Store_4,Product_9,23,61,0
2023-08-03,Store_4,Product_10,42,57,0
2023-08-03,Store_5,Product_1,101,127,0
2023-08-03,Store_5,Product_2,83,53,0
2023-08-03,Store_5,Product_3,71,65,1
2023-08-03,Store_5,Product_4,25,182,0
2023-08-03,Store_5,Product_5,87,131,0
2023-08-03,Store_5,Product_6,72,127,1
2023-08-03,Store_5,Product_7,76,116,1
2023-08-03,Store_5,Product_8,84,71,0
2023-08-03,Store_5,Product_9,75,188,0
2023-08-03,Store_5,Product_10,65,183,0
2023-08-04,Store_1,Product_1,12,83,1
2023-08-04,Store_1,Product_2,24,189,1
2023-08-04,Store_1,Product_3,76,162,1
2023-08-04,Store_1,Product_4,19,61,0
2023-08-04,Store_1,Product_5,46,97,0
2023-08-04,Store_1,Product_6,11,154,0
2023-08-04,Store_1,Product_7,94,101,1
2023-08-04,Store_1,Product_8,29,179,0
2023-08-04,Store_1,Product_9,87,142,0
2023-08-04,Store_1,Product_10,12,154,0
2023-08-04,Store_2,Product_1,96,74,1
2023-08-04,Store_2,Product_2,18,151,0
2023-08-04,Store_2,Product_3,69,128,1
2023-08-04,Store_2,Product_4,79,67,0
2023-08-04,Store_2,Product_5,44,53,0
2023-08-04,Store_2,Product_6,18,54,0
2023-08-04,Store_2,Product_7,78,59,1
2023-08-04,Store_2,Product_8,29,176,1
2023-08-04,Store_2,Product_9,25,60,1
2023-08-04,Store_2,Product_10,22,70,0
2023-08-04,Store_3,Product_1,46,185,0
2023-08-04,Store_3,Product_2,93,85,0
2023-08-04,Store_3,Product_3,19,75,0
2023-08-04,Store_3,Product_4,15,172,0
2023-08-04,Store_3,Product_5,80,131,0
2023-08-04,Store_3,Product_6,34,103,0
2023-08-04,Store_3,Product_7,106,54,1
2023-08-04,Store_3,Product_8,80,165,0
2023-08-04,Store_3,Product_9,26,118,0
2023-08-04,Store_3,Product_10,87,151,0
2023-08-04,Store_4,Product_1,64,185,1
2023-08-04,Store_4,Product_2,32,190,0
2023-08-04,Store_4,Product_3,61,164,0
2023-08-04,Store_4,Product_4,24,102,0
2023-08-04,Store_4,Product_5,55,176,1
2023-08-04,Store_4,Product_6,47,186,0
2023-08-04,Store_4,Product_7,38,107,1
2023-08-04,Store_4,Product_8,30,144,0
2023-08-04,Store_4,Product_9,40,60,0
2023-08-04,Store_4,Product_10,25,175,0
2023-08-04,Store_5,Product_1,76,170,1
2023-08-04,Store_5,Product_2,36,107,0
2023-08-04,Store_5,Product_3,28,149,0
2023-08-04,Store_5,Product_4,67,107,1
2023-08-04,Store_5,Product_5,39,166,0
2023-08-04,Store_5,Product_6,41,121,0
2023-08-04,Store_5,Product_7,81,123,0
2023-08-04,Store_5,Product_8,23,52,1
2023-08-04,Store_5,Product_9,57,145,1
2023-08-04,Store_5,Product_10,73,99,1
2023-08-05,Store_1,Product_1,50,118,0
2023-08-05,Store_1,Product_2,37,184,0
2023-08-05,Store_1,Product_3,91,175,0
2023-08-05,Store_1,Product_4,86,193,0
2023-08-05,Store_1,Product_5,27,148,0
2023-08-05,Store_1,Product_6,18,140,0
2023-08-05,Store_1,Product_7,97,190,0
2023-08-05,Store_1,Product_8,15,60,0
2023-08-05,Store_1,Product_9,24,153,0
2023-08-05,Store_1,Product_10,71,189,0
2023-08-05,Store_2,Product_1,31,177,0
2023-08-05,Store_2,Product_2,40,196,1
2023-08-05,Store_2,Product_3,34,108,0
2023-08-05,Store_2,Product_4,65,104,0
2023-08-05,Store_2,Product_5,22,188,0
2023-08-05,Store_2,Product_6,76,113,0
2023-08-05,Store_2,Product_7,36,194,1
2023-08-05,Store_2,Product_8,18,96,0
2023-08-05,Store_2,Product_9,72,158,0
2023-08-05,Store_2,Product_10,6,150,0
2023-08-05,Store_3,Product_1,22,123,0
2023-08-05,Store_3,Product_2,75,145,0
2023-08-05,Store_3,Product_3,20,179,0
2023-08-05,Store_3,Product_4,47,112,0
2023-08-05,Store_3,Product_5,48,190,1
2023-08-05,Store_3,Product_6,40,82,0
2023-08-05,Store_3,Product_7,22,129,0
2023-08-05,Store_3,Product_8,95,165,1
2023-08-05,Store_3,Product_9,71,74,0
2023-08-05,Store_3,Product_10,12,164,0
2023-08-05,Store_4,Product_1,45,93,0
2023-08-05,Store_4,Product_2,76,141,0
2023-08-05,Store_4,Product_3,68,149,0
2023-08-05,Store_4,Product_4,46,160,0
2023-08-05,Store_4,Product_5,78,153,0
2023-08-05,Store_4,Product_6,53,186,0
2023-08-05,Store_4,Product_7,106,76,0
2023-08-05,Store_4,Product_8,50,127,1
2023-08-05,Store_4,Product_9,30,121,0
2023-08-05,Store_4,Product_10,51,123,0
2023-08-05,Store_5,Product_1,15,154,0
2023-08-05,Store_5,Product_2,94,132,0
2023-08-05,Store_5,Product_3,46,68,0
2023-08-05,Store_5,Product_4,74,137,0
2023-08-05,Store_5,Product_5,67,167,0
2023-08-05,Store_5,Product_6,51,127,1
2023-08-05,Store_5,Product_7,69,58,0
2023-08-05,Store_5,Product_8,81,199,0
2023-08-05,Store_5,Product_9,57,81,1
2023-08-05,Store_5,Product_10,16,111,0
2023-08-06,Store_1,Product_1,25,133,0
2023-08-06,Store_1,Product_2,52,98,0
2023-08-06,Store_1,Product_3,47,93,0
2023-08-06,Store_1,Product_4,15,80,0
2023-08-06,Store_1,Product_5,88,60,1
2023-08-06,Store_1,Product_6,78,143,0
2023-08-06,Store_1,Product_7,35,97,1
2023-08-06,Store_1,Product_8,38,144,0
2023-08-06,Store_1,Product_9,20,172,1
2023-08-06,Store_1,Product_10,118,98,1
2023-08-06,Store_2,Product_1,69,179,0
2023-08-06,Store_2,Product_2,84,138,0
2023-08-06,Store_2,Product_3,34,96,0
2023-08-06,Store_2,Product_4,22,192,0
2023-08-06,Store_2,Product_5,3,187,1
2023-08-06,Store_2,Product_6,57,81,0
2023-08-06,Store_2,Product_7,14,187,0
2023-08-06,Store_2,Product_8,68,67,0
2023-08-06,Store_2,Product_9,59,58,0
2023-08-06,Store_2,Product_10,78,110,0
2023-08-06,Store_3,Product_1,64,118,0
2023-08-06,Store_3,Product_2,66,93,1
2023-08-06,Store_3,Product_3,49,127,0
2023-08-06,Store_3,Product_4,71,71,1
2023-08-06,Store_3,Product_5,99,143,0
2023-08-06,Store_3,Product_6,43,159,1
2023-08-06,Store_3,Product_7,35,110,0
2023-08-06,Store_3,Product_8,33,135,0
2023-08-06,Store_3,Product_9,51,159,0
2023-08-06,Store_3,Product_10,41,105,0
2023-08-06,Store_4,Product_1,94,146,0
2023-08-06,Store_4,Product_2,80,165,1
2023-08-06,Store_4,Product_3,83,102,0
2023-08-06,Store_4,Product_4,113,120,1
2023-08-06,Store_4,Product_5,43,71,0
2023-08-06,Store_4,Product_6,53,88,0
2023-08-06,Store_4,Product_7,21,89,0
2023-08-06,Store_4,Product_8,44,187,0
2023-08-06,Store_4,Product_9,75,179,0
2023-08-06,Store_4,Product_10,76,144,0
2023-08-06,Store_5,Product_1,80,173,0
2023-08-06,Store_5,Product_2,70,51,1
2023-08-06,Store_5,Product_3,14,114,0
2023-08-06,Store_5,Product_4,13,56,0
2023-08-06,Store_5,Product_5,27,118,0
2023-08-06,Store_5,Product_6,13,180,0
2023-08-06,Store_5,Product_7,47,57,0
2023-08-06,Store_5,Product_8,59,93,0
2023-08-06,Store_5,Product_9,27,84,0
2023-08-06,Store_5,Product_10,78,131,0
2023-08-07,Store_1,Product_1,34,96,0
2023-08-07,Store_1,Product_2,93,169,1
2023-08-07,Store_1,Product_3,97,123,1
2023-08-07,Store_1,Product_4,57,50,0
2023-08-07,Store_1,Product_5,53,74,0
2023-08-07,Store_1,Product_6,29,100,1
2023-08-07,Store_1,Product_7,64,77,0
2023-08-07,Store_1,Product_8,56,94,1
2023-08-07,Store_1,Product_9,84,191,0
2023-08-07,Store_1,Product_10,63,57,0
2023-08-07,Store_2,Product_1,37,177,1
2023-08-07,Store_2,Product_2,39,103,0
2023-08-07,Store_2,Product_3,34,99,0
2023-08-07,Store_2,Product_4,69,59,0
2023-08-07,Store_2,Product_5,28,129,0
2023-08-07,Store_2,Product_6,34,172,1
2023-08-07,Store_2,Product_7,34,171,0
2023-08-07,Store_2,Product_8,39,124,0
2023-08-07,Store_2,Product_9,27,86,0
2023-08-07,Store_2,Product_10,50,180,0
2023-08-07,Store_3,Product_1,15,198,0
2023-08-07,Store_3,Product_2,47,106,0
2023-08-07,Store_3,Product_3,82,151,0
2023-08-07,Store_3,Product_4,41,131,0
2023-08-07,Store_3,Product_5,65,149,0
2023-08-07,Store_3,Product_6,85,169,0
2023-08-07,Store_3,Product_7,80,106,0
2023-08-07,Store_3,Product_8,97,172,0
2023-08-07,Store_3,Product_9,44,64,0
2023-08-07,Store_3,Product_10,22,87,0
2023-08-07,Store_4,Product_1,44,54,0
2023-08-07,Store_4,Product_2,51,148,0
2023-08-07,Store_4,Product_3,107,143,1
2023-08-07,Store_4,Product_4,53,120,1
2023-08-07,Store_4,Product_5,59,197,0
2023-08-07,Store_4,Product_6,63,99,1
2023-08-07,Store_4,Product_7,25,187,0
2023-08-07,Store_4,Product_8,25,63,1
2023-08-07,Store_4,Product_9,50,142,0
2023-08-07,Store_4,Product_10,44,96,0
2023-08-07,Store_5,Product_1,74,108,0
2023-08-07,Store_5,Product_2,57,145,0
2023-08-07,Store_5,Product_3,48,69,1
2023-08-07,Store_5,Product_4,25,193,1
2023-08-07,Store_5,Product_5,22,174,0
2023-08-07,Store_5,Product_6,81,179,0
2023-08-07,Store_5,Product_7,28,176,1
2023-08-07,Store_5,Product_8,69,135,0
2023-08-07,Store_5,Product_9,110,156,1
2023-08-07,Store_5,Product_10,81,150,0
2023-08-08,Store_1,Product_1,18,63,0
2023-08-08,Store_1,Product_2,35,108,0
2023-08-08,Store_1,Product_3,78,196,0
2023-08-08,Store_1,Product_4,63,194,1
2023-08-08,Store_1,Product_5,14,81,1
2023-08-08,Store_1,Product_6,85,52,0
2023-08-08,Store_1,Product_7,17,184,0
2023-08-08,Store_1,Product_8,35,112,0
2023-08-08,Store_1,Product_9,95,83,0
2023-08-08,Store_1,Product_10,79,190,0
2023-08-08,Store_2,Product_1,59,123,0
2023-08-08,Store_2,Product_2,41,56,0
2023-08-08,Store_2,Product_3,34,192,0
2023-08-08,Store_2,Product_4,64,66,0
2023-08-08,Store_2,Product_5,50,109,1
2023-08-08,Store_2,Product_6,73,131,0
2023-08-08,Store_2,Product_7,27,146,0
2023-08-08,Store_2,Product_8,74,197,0
2023-08-08,Store_2,Product_9,92,81,0
2023-08-08,Store_2,Product_10,84,179,1
2023-08-08,Store_3,Product_1,30,145,0
2023-08-08,Store_3,Product_2,91,194,1
2023-08-08,Store_3,Product_3,39,170,0
2023-08-08,Store_3,Product_4,48,73,1
2023-08-08,Store_3,Product_5,26,77,0
2023-08-08,Store_3,Product_6,59,56,0
2023-08-08,Store_3,Product_7,48,108,0
2023-08-08,Store_3,Product_8,89,169,0
2023-08-08,Store_3,Product_9,35,169,0
2023-08-08,Store_3,Product_10,47,187,1
2023-08-08,Store_4,Product_1,27,60,0
2023-08-08,Store_4,Product_2,65,175,0
2023-08-08,Store_4,Product_3,72,152,0
2023-08-08,Store_4,Product_4,23,63,0
2023-08-08,Store_4,Product_5,56,91,0
2023-08-08,Store_4,Product_6,87,58,0
2023-08-08,Store_4,Product_7,67,81,1
2023-08-08,Store_4,Product_8,64,157,0
2023-08-08,Store_4,Product_9,96,179,1
2023-08-08,Store_4,Product_10,67,170,0
2023-08-08,Store_5,Product_1,74,113,0
2023-08-08,Store_5,Product_2,84,173,0
2023-08-08,Store_5,Product_3,46,117,0
2023-08-08,Store_5,Product_4,18,111,0
2023-08-08,Store_5,Product_5,98,140,1
2023-08-08,Store_5,Product_6,77,126,0
2023-08-08,Store_5,Product_7,23,69,0
2023-08-08,Store_5,Product_8,24,71,0
2023-08-08,Store_5,Product_9,24,104,0
2023-08-08,Store_5,Product_10,10,110,0
2023-08-09,Store_1,Product_1,15,89,0
2023-08-09,Store_1,Product_2,77,57,0
2023-08-09,Store_1,Product_3,38,148,0
2023-08-09,Store_1,Product_4,88,158,0
2023-08-09,Store_1,Product_5,79,111,0
2023-08-09,Store_1,Product_6,49,176,0
2023-08-09,Store_1,Product_7,60,78,0
2023-08-09,Store_1,Product_8,23,157,0
2023-08-09,Store_1,Product_9,24,166,1
2023-08-09,Store_1,Product_10,84,94,0
2023-08-09,Store_2,Product_1,43,116,0
2023-08-09,Store_2,Product_2,76,83,0
2023-08-09,Store_2,Product_3,93,182,1
2023-08-09,Store_2,Product_4,47,166,0
2023-08-09,Store_2,Product_5,42,139,0
2023-08-09,Store_2,Product_6,45,175,0
2023-08-09,Store_2,Product_7,64,124,0
2023-08-09,Store_2,Product_8,28,147,0
2023-08-09,Store_2,Product_9,38,69,0
2023-08-09,Store_2,Product_10,38,95,0
2023-08-09,Store_3,Product_1,57,147,0
2023-08-09,Store_3,Product_2,55,136,1
2023-08-09,Store_3,Product_3,69,118,0
2023-08-09,Store_3,Product_4,90,60,0
2023-08-09,Store_3,Product_5,58,139,1
2023-08-09,Store_3,Product_6,65,165,0
2023-08-09,Store_3,Product_7,46,80,0
2023-08-09,Store_3,Product_8,13,78,0
2023-08-09,Store_3,Product_9,13,152,0
2023-08-09,Store_3,Product_10,40,70,0
2023-08-09,Store_4,Product_1,101,77,1
2023-08-09,Store_4,Product_2,37,128,0
2023-08-09,Store_4,Product_3,58,164,0
2023-08-09,Store_4,Product_4,87,128,1
2023-08-09,Store_4,Product_5,82,194,1
2023-08-09,Store_4,Product_6,91,195,0
2023-08-09,Store_4,Product_7,67,176,0
2023-08-09,Store_4,Product_8,25,148,1
2023-08-09,Store_4,Product_9,20,154,0
2023-08-09,Store_4,Product_10,13,54,0
2023-08-09,Store_5,Product_1,23,95,0
2023-08-09,Store_5,Product_2,76,70,0
2023-08-09,Store_5,Product_3,50,166,1
2023-08-09,Store_5,Product_4,71,125,0
2023-08-09,Store_5,Product_5,43,178,0
2023-08-09,Store_5,Product_6,75,93,0
2023-08-09,Store_5,Product_7,55,128,0
2023-08-09,Store_5,Product_8,84,131,0
2023-08-09,Store_5,Product_9,35,151,0
2023-08-09,Store_5,Product_10,73,151,0
2023-08-10,Store_1,Product_1,44,181,0
2023-08-10,Store_1,Product_2,87,124,0
2023-08-10,Store_1,Product_3,42,112,0
2023-08-10,Store_1,Product_4,89,139,0
2023-08-10,Store_1,Product_5,74,121,0
2023-08-10,Store_1,Product_6,20,114,0
2023-08-10,Store_1,Product_7,65,92,1
2023-08-10,Store_1,Product_8,92,126,0
2023-08-10,Store_1,Product_9,42,109,0
2023-08-10,Store_1,Product_10,71,84,0
2023-08-10,Store_2,Product_1,78,97,0
2023-08-10,Store_2,Product_2,55,124,0
2023-08-10,Store_2,Product_3,21,140,0
2023-08-10,Store_2,Product_4,11,174,0
2023-08-10,Store_2,Product_5,86,120,0
2023-08-10,Store_2,Product_6,15,56,0
2023-08-10,Store_2,Product_7,85,130,0
2023-08-10,Store_2,Product_8,17,188,0
2023-08-10,Store_2,Product_9,87,85,0
2023-08-10,Store_2,Product_10,54,147,0
2023-08-10,Store_3,Product_1,66,116,0
2023-08-10,Store_3,Product_2,84,130,0
2023-08-10,Store_3,Product_3,83,118,0
2023-08-10,Store_3,Product_4,59,105,0
2023-08-10,Store_3,Product_5,99,164,0
2023-08-10,Store_3,Product_6,32,72,1
2023-08-10,Store_3,Product_7,34,198,0
2023-08-10,Store_3,Product_8,99,118,1
2023-08-10,Store_3,Product_9,44,180,0
2023-08-10,Store_3,Product_10,102,129,1
2023-08-10,Store_4,Product_1,18,149,0
2023-08-10,Store_4,Product_2,24,160,0
2023-08-10,Store_4,Product_3,67,178,1
2023-08-10,Store_4,Product_4,13,89,0
2023-08-10,Store_4,Product_5,17,118,0
2023-08-10,Store_4,Product_6,80,50,0
2023-08-10,Store_4,Product_7,71,52,0
2023-08-10,Store_4,Product_8,99,103,1
2023-08-10,Store_4,Product_9,61,167,0
2023-08-10,Store_4,Product_10,96,57,0
2023-08-10,Store_5,Product_1,11,155,0
2023-08-10,Store_5,Product_2,35,128,1
2023-08-10,Store_5,Product_3,66,155,1
2023-08-10,Store_5,Product_4,33,98,0
2023-08-10,Store_5,Product_5,66,193,0
2023-08-10,Store_5,Product_6,19,137,0
2023-08-10,Store_5,Product_7,79,174,0
2023-08-10,Store_5,Product_8,23,181,0
2023-08-10,Store_5,Product_9,51,171,0
2023-08-10,Store_5,Product_10,79,87,0
2023-08-11,Store_1,Product_1,64,171,0
2023-08-11,Store_1,Product_2,45,174,1
2023-08-11,Store_1,Product_3,29,52,0
2023-08-11,Store_1,Product_4,56,162,0
2023-08-11,Store_1,Product_5,86,122,0
2023-08-11,Store_1,Product_6,40,182,0
2023-08-11,Store_1,Product_7,34,96,0
2023-08-11,Store_1,Product_8,57,138,0
2023-08-11,Store_1,Product_9,35,93,0
2023-08-11,Store_1,Product_10,46,177,0
2023-08-11,Store_2,Product_1,28,151,0
2023-08-11,Store_2,Product_2,64,162,0
2023-08-11,Store_2,Product_3,27,181,0
2023-08-11,Store_2,Product_4,33,83,0
2023-08-11,Store_2,Product_5,69,51,1
2023-08-11,Store_2,Product_6,66,64,0
2023-08-11,Store_2,Product_7,74,121,0
2023-08-11,Store_2,Product_8,46,169,0
2023-08-11,Store_2,Product_9,86,58,1
2023-08-11,Store_2,Product_10,107,185,1
2023-08-11,Store_3,Product_1,39,85,0
2023-08-11,Store_3,Product_2,40,98,0
2023-08-11,Store_3,Product_3,41,174,0
2023-08-11,Store_3,Product_4,91,164,0
2023-08-11,Store_3,Product_5,14,58,0
2023-08-11,Store_3,Product_6,45,170,0
2023-08-11,Store_3,Product_7,36,170,0
2023-08-11,Store_3,Product_8,28,124,1
2023-08-11,Store_3,Product_9,65,178,0
2023-08-11,Store_3,Product_10,71,144,0
2023-08-11,Store_4,Product_1,78,121,0
2023-08-11,Store_4,Product_2,31,185,0
2023-08-11,Store_4,Product_3,44,103,0
2023-08-11,Store_4,Product_4,87,100,0
2023-08-11,Store_4,Product_5,55,134,0
2023-08-11,Store_4,Product_6,56,130,0
2023-08-11,Store_4,Product_7,83,84,0
2023-08-11,Store_4,Product_8,55,106,1
2023-08-11,Store_4,Product_9,32,75,1
2023-08-11,Store_4,Product_10,53,121,0
2023-08-11,Store_5,Product_1,75,107,0
2023-08-11,Store_5,Product_2,68,146,0
2023-08-11,Store_5,Product_3,70,62,1
2023-08-11,Store_5,Product_4,29,58,0
2023-08-11,Store_5,Product_5,62,167,0
2023-08-11,Store_5,Product_6,22,121,0
2023-08-11,Store_5,Product_7,16,86,0
2023-08-11,Store_5,Product_8,27,127,0
2023-08-11,Store_5,Product_9,18,103,0
2023-08-11,Store_5,Product_10,75,86,1
2023-08-12,Store_1,Product_1,87,153,0
2023-08-12,Store_1,Product_2,74,175,1
2023-08-12,Store_1,Product_3,25,139,0
2023-08-12,Store_1,Product_4,28,102,0
2023-08-12,Store_1,Product_5,44,123,0
2023-08-12,Store_1,Product_6,107,174,1
2023-08-12,Store_1,Product_7,88,67,0
2023-08-12,Store_1,Product_8,51,90,0
2023-08-12,Store_1,Product_9,25,136,0
2023-08-12,Store_1,Product_10,45,136,1
2023-08-12,Store_2,Product_1,34,68,0
2023-08-12,Store_2,Product_2,58,183,0
2023-08-12,Store_2,Product_3,75,107,0
2023-08-12,Store_2,Product_4,90,81,0
2023-08-12,Store_2,Product_5,51,185,0
2023-08-12,Store_2,Product_6,17,126,1
2023-08-12,Store_2,Product_7,113,88,1
2023-08-12,Store_2,Product_8,87,116,0
2023-08-12,Store_2,Product_9,55,132,0
2023-08-12,Store_2,Product_10,33,66,1
2023-08-12,Store_3,Product_1,50,73,0
2023-08-12,Store_3,Product_2,57,133,0
2023-08-12,Store_3,Product_3,80,58,0
2023-08-12,Store_3,Product_4,68,139,1
2023-08-12,Store_3,Product_5,56,61,0
2023-08-12,Store_3,Product_6,86,60,0
2023-08-12,Store_3,Product_7,88,129,0
2023-08-12,Store_3,Product_8,86,160,0
2023-08-12,Store_3,Product_9,50,135,0
2023-08-12,Store_3,Product_10,34,179,0
2023-08-12,Store_4,Product_1,56,146,1
2023-08-12,Store_4,Product_2,46,51,1
2023-08-12,Store_4,Product_3,19,150,1
2023-08-12,Store_4,Product_4,81,159,0
2023-08-12,Store_4,Product_5,33,84,1
2023-08-12,Store_4,Product_6,58,163,0
2023-08-12,Store_4,Product_7,51,92,0
2023-08-12,Store_4,Product_8,33,113,0
2023-08-12,Store_4,Product_9,53,181,0
2023-08-12,Store_4,Product_10,79,198,0
2023-08-12,Store_5,Product_1,36,65,0
2023-08-12,Store_5,Product_2,95,168,0
2023-08-12,Store_5,Product_3,52,155,0
2023-08-12,Store_5,Product_4,51,97,0
2023-08-12,Store_5,Product_5,17,194,0
2023-08-12,Store_5,Product_6,73,150,0
2023-08-12,Store_5,Product_7,52,76,0
2023-08-12,Store_5,Product_8,33,106,0
2023-08-12,Store_5,Product_9,26,89,0
2023-08-12,Store_5,Product_10,52,78,0
2023-08-13,Store_1,Product_1,31,176,1
2023-08-13,Store_1,Product_2,63,95,0
2023-08-13,Store_1,Product_3,77,154,0
2023-08-13,Store_1,Product_4,45,50,0
2023-08-13,Store_1,Product_5,30,68,0
2023-08-13,Store_1,Product_6,44,93,0
2023-08-13,Store_1,Product_7,89,78,1
2023-08-13,Store_1,Product_8,67,64,0
2023-08-13,Store_1,Product_9,25,133,0
2023-08-13,Store_1,Product_10,52,174,0
2023-08-13,Store_2,Product_1,66,180,0
2023-08-13,Store_2,Product_2,91,167,0
2023-08-13,Store_2,Product_3,74,111,0
2023-08-13,Store_2,Product_4,77,105,1
2023-08-13,Store_2,Product_5,110,71,1
2023-08-13,Store_2,Product_6,108,122,1
2023-08-13,Store_2,Product_7,83,88,0
2023-08-13,Store_2,Product_8,21,82,0
2023-08-13,Store_2,Product_9,78,92,0
2023-08-13,Store_2,Product_10,75,135,1
2023-08-13,Store_3,Product_1,27,191,0
2023-08-13,Store_3,Product_2,68,113,0
2023-08-13,Store_3,Product_3,55,163,0
2023-08-13,Store_3,Product_4,75,136,0
2023-08-13,Store_3,Product_5,20,73,1
2023-08-13,Store_3,Product_6,39,90,0
2023-08-13,Store_3,Product_7,94,108,1
2023-08-13,Store_3,Product_8,68,65,0
2023-08-13,Store_3,Product_9,56,121,0
2023-08-13,Store_3,Product_10,63,55,0
2023-08-13,Store_4,Product_1,87,127,0
2023-08-13,Store_4,Product_2,77,69,0
2023-08-13,Store_4,Product_3,91,59,1
2023-08-13,Store_4,Product_4,88,62,1
2023-08-13,Store_4,Product_5,54,118,0
2023-08-13,Store_4,Product_6,67,140,0
2023-08-13,Store_4,Product_7,53,180,0
2023-08-13,Store_4,Product_8,42,165,0
2023-08-13,Store_4,Product_9,43,148,0
2023-08-13,Store_4,Product_10,68,66,1
2023-08-13,Store_5,Product_1,3,117,0
2023-08-13,Store_5,Product_2,51,182,0
2023-08-13,Store_5,Product_3,61,197,0
2023-08-13,Store_5,Product_4,82,85,0
2023-08-13,Store_5,Product_5,36,105,1
2023-08-13,Store_5,Product_6,45,51,1
2023-08-13,Store_5,Product_7,73,115,0
2023-08-13,Store_5,Product_8,81,89,0
2023-08-13,Store_5,Product_9,84,60,0
2023-08-13,Store_5,Product_10,55,77,0
2023-08-14,Store_1,Product_1,68,193,0
2023-08-14,Store_1,Product_2,63,91,0
2023-08-14,Store_1,Product_3,49,165,0
2023-08-14,Store_1,Product_4,52,88,0
2023-08-14,Store_1,Product_5,48,72,1
2023-08-14,Store_1,Product_6,46,109,0
2023-08-14,Store_1,Product_7,44,109,1
2023-08-14,Store_1,Product_8,40,155,0
2023-08-14,Store_1,Product_9,99,51,1
2023-08-14,Store_1,Product_10,99,176,1
2023-08-14,Store_2,Product_1,69,68,1
2023-08-14,Store_2,Product_2,43,53,0
2023-08-14,Store_2,Product_3,44,85,0
2023-08-14,Store_2,Product_4,77,152,1
2023-08-14,Store_2,Product_5,53,114,0
2023-08-14,Store_2,Product_6,67,161,0
2023-08-14,Store_2,Product_7,20,135,0
2023-08-14,Store_2,Product_8,58,94,0
2023-08-14,Store_2,Product_9,21,85,0
2023-08-14,Store_2,Product_10,34,188,0
2023-08-14,Store_3,Product_1,49,174,0
2023-08-14,Store_3,Product_2,77,132,1
2023-08-14,Store_3,Product_3,97,108,1
2023-08-14,Store_3,Product_4,50,102,0
2023-08-14,Store_3,Product_5,48,178,0
2023-08-14,Store_3,Product_6,53,164,1
2023-08-14,Store_3,Product_7,21,180,0
2023-08-14,Store_3,Product_8,23,86,0
2023-08-14,Store_3,Product_9,57,194,0
2023-08-14,Store_3,Product_10,35,88,0
2023-08-14,Store_4,Product_1,20,67,0
2023-08-14,Store_4,Product_2,70,128,0
2023-08-14,Store_4,Product_3,89,179,0
2023-08-14,Store_4,Product_4,66,112,0
2023-08-14,Store_4,Product_5,82,120,1
2023-08-14,Store_4,Product_6,21,58,0
2023-08-14,Store_4,Product_7,11,127,1
2023-08-14,Store_4,Product_8,83,131,0
2023-08-14,Store_4,Product_9,79,169,0
2023-08-14,Store_4,Product_10,69,196,0
2023-08-14,Store_5,Product_1,29,78,0
2023-08-14,Store_5,Product_2,31,125,0
2023-08-14,Store_5,Product_3,49,130,1
2023-08-14,Store_5,Product_4,7,64,0
2023-08-14,Store_5,Product_5,32,139,0
2023-08-14,Store_5,Product_6,34,82,1
2023-08-14,Store_5,Product_7,57,168,0
2023-08-14,Store_5,Product_8,67,104,0
2023-08-14,Store_5,Product_9,89,131,0
2023-08-14,Store_5,Product_10,35,54,1
2023-08-15,Store_1,Product_1,24,101,0
2023-08-15,Store_1,Product_2,31,153,0
2023-08-15,Store_1,Product_3,41,77,0
2023-08-15,Store_1,Product_4,77,114,1
2023-08-15,Store_1,Product_5,72,89,1
2023-08-15,Store_1,Product_6,10,97,0
2023-08-15,Store_1,Product_7,48,98,0
2023-08-15,Store_1,Product_8,53,111,0
2023-08-15,Store_1,Product_9,32,139,0
2023-08-15,Store_1,Product_10,95,156,0
2023-08-15,Store_2,Product_1,67,181,0
2023-08-15,Store_2,Product_2,52,104,0
2023-08-15,Store_2,Product_3,40,79,0
2023-08-15,Store_2,Product_4,88,117,0
2023-08-15,Store_2,Product_5,69,137,1
2023-08-15,Store_2,Product_6,71,163,0
2023-08-15,Store_2,Product_7,48,153,0
2023-08-15,Store_2,Product_8,30,188,0
2023-08-15,Store_2,Product_9,57,191,0
2023-08-15,Store_2,Product_10,84,140,0
2023-08-15,Store_3,Product_1,46,117,1
2023-08-15,Store_3,Product_2,20,176,0
2023-08-15,Store_3,Product_3,84,115,0
2023-08-15,Store_3,Product_4,58,139,0
2023-08-15,Store_3,Product_5,13,139,0
2023-08-15,Store_3,Product_6,39,170,0
2023-08-15,Store_3,Product_7,117,67,1
2023-08-15,Store_3,Product_8,79,114,0
2023-08-15,Store_3,Product_9,89,137,0
2023-08-15,Store_3,Product_10,43,125,1
2023-08-15,Store_4,Product_1,40,124,0
2023-08-15,Store_4,Product_2,68,143,1
2023-08-15,Store_4,Product_3,22,101,1
2023-08-15,Store_4,Product_4,54,50,0
2023-08-15,Store_4,Product_5,36,186,0
2023-08-15,Store_4,Product_6,39,97,0
2023-08-15,Store_4,Product_7,85,83,0
2023-08-15,Store_4,Product_8,64,193,1
2023-08-15,Store_4,Product_9,27,144,0
2023-08-15,Store_4,Product_10,56,139,0
2023-08-15,Store_5,Product_1,60,87,0
2023-08-15,Store_5,Product_2,64,76,0
2023-08-15,Store_5,Product_3,34,107,1
2023-08-15,Store_5,Product_4,48,189,0
2023-08-15,Store_5,Product_5,77,173,0
2023-08-15,Store_5,Product_6,27,183,0
2023-08-15,Store_5,Product_7,28,114,0
2023-08-15,Store_5,Product_8,23,59,0
2023-08-15,Store_5,Product_9,54,65,0
2023-08-15,Store_5,Product_10,73,171,1
2023-08-16,Store_1,Product_1,47,54,0
2023-08-16,Store_1,Product_2,76,191,1
2023-08-16,Store_1,Product_3,68,108,0
2023-08-16,Store_1,Product_4,41,84,0
2023-08-16,Store_1,Product_5,30,94,1
2023-08-16,Store_1,Product_6,47,50,0
2023-08-16,Store_1,Product_7,71,143,0
2023-08-16,Store_1,Product_8,88,83,0
2023-08-16,Store_1,Product_9,61,156,0
2023-08-16,Store_1,Product_10,23,73,0
2023-08-16,Store_2,Product_1,46,175,0
2023-08-16,Store_2,Product_2,32,61,0
2023-08-16,Store_2,Product_3,69,166,0
2023-08-16,Store_2,Product_4,118,67,1
2023-08-16,Store_2,Product_5,44,167,0
2023-08-16,Store_2,Product_6,26,103,1
2023-08-16,Store_2,Product_7,75,90,0
2023-08-16,Store_2,Product_8,14,58,0
2023-08-16,Store_2,Product_9,24,188,1
2023-08-16,Store_2,Product_10,29,91,0
2023-08-16,Store_3,Product_1,73,135,1
2023-08-16,Store_3,Product_2,96,135,0
2023-08-16,Store_3,Product_3,87,154,0
2023-08-16,Store_3,Product_4,75,179,0
2023-08-16,Store_3,Product_5,42,97,0
2023-08-16,Store_3,Product_6,72,105,0
2023-08-16,Store_3,Product_7,76,191,0
2023-08-16,Store_3,Product_8,31,126,1
2023-08-16,Store_3,Product_9,81,100,0
2023-08-16,Store_3,Product_10,38,112,0
2023-08-16,Store_4,Product_1,17,68,1
2023-08-16,Store_4,Product_2,54,69,0
2023-08-16,Store_4,Product_3,98,53,1
2023-08-16,Store_4,Product_4,83,61,1
2023-08-16,Store_4,Product_5,40,133,0
2023-08-16,Store_4,Product_6,23,59,0
2023-08-16,Store_4,Product_7,82,74,0
2023-08-16,Store_4,Product_8,53,117,0
2023-08-16,Store_4,Product_9,41,141,0
2023-08-16,Store_4,Product_10,48,63,0
2023-08-16,Store_5,Product_1,19,71,0
2023-08-16,Store_5,Product_2,57,143,0
2023-08-16,Store_5,Product_3,67,57,0
2023-08-16,Store_5,Product_4,65,112,0
2023-08-16,Store_5,Product_5,81,189,0
2023-08-16,Store_5,Product_6,61,193,0
2023-08-16,Store_5,Product_7,101,127,1
2023-08-16,Store_5,Product_8,28,97,0
2023-08-16,Store_5,Product_9,69,89,0
2023-08-16,Store_5,Product_10,14,144,0
2023-08-17,Store_1,Product_1,35,170,1
2023-08-17,Store_1,Product_2,38,52,0
2023-08-17,Store_1,Product_3,57,122,0
2023-08-17,Store_1,Product_4,45,53,0
2023-08-17,Store_1,Product_5,102,199,1
2023-08-17,Store_1,Product_6,81,167,1
2023-08-17,Store_1,Product_7,36,174,0
2023-08-17,Store_1,Product_8,13,170,0
2023-08-17,Store_1,Product_9,26,75,0
2023-08-17,Store_1,Product_10,62,136,1
2023-08-17,Store_2,Product_1,64,63,0
2023-08-17,Store_2,Product_2,69,162,0
2023-08-17,Store_2,Product_3,82,88,0
2023-08-17,Store_2,Product_4,28,101,0
2023-08-17,Store_2,Product_5,56,128,1
2023-08-17,Store_2,Product_6,15,88,1
2023-08-17,Store_2,Product_7,58,193,0
2023-08-17,Store_2,Product_8,46,56,0
2023-08-17,Store_2,Product_9,80,182,0
2023-08-17,Store_2,Product_10,23,69,1
2023-08-17,Store_3,Product_1,38,179,0
2023-08-17,Store_3,Product_2,65,115,0
2023-08-17,Store_3,Product_3,50,62,0
2023-08-17,Store_3,Product_4,85,87,1
2023-08-17,Store_3,Product_5,22,55,0
2023-08-17,Store_3,Product_6,14,155,0
2023-08-17,Store_3,Product_7,36,172,0
2023-08-17,Store_3,Product_8,20,64,0
2023-08-17,Store_3,Product_9,71,187,1
2023-08-17,Store_3,Product_10,85,166,0
2023-08-17,Store_4,Product_1,43,183,1
2023-08-17,Store_4,Product_2,48,55,0
2023-08-17,Store_4,Product_3,94,125,1
2023-08-17,Store_4,Product_4,25,122,0
2023-08-17,Store_4,Product_5,73,83,0
2023-08-17,Store_4,Product_6,43,53,0
2023-08-17,Store_4,Product_7,69,162,0
2023-08-17,Store_4,Product_8,49,163,0
2023-08-17,Store_4,Product_9,33,168,0
2023-08-17,Store_4,Product_10,79,127,0
2023-08-17,Store_5,Product_1,4,161,0
2023-08-17,Store_5,Product_2,102,89,1
2023-08-17,Store_5,Product_3,65,105,0
2023-08-17,Store_5,Product_4,29,107,0
2023-08-17,Store_5,Product_5,51,156,0
2023-08-17,Store_5,Product_6,60,51,0
2023-08-17,Store_5,Product_7,31,153,0
2023-08-17,Store_5,Product_8,62,120,1
2023-08-17,Store_5,Product_9,34,59,0
2023-08-17,Store_5,Product_10,57,172,0
2023-08-18,Store_1,Product_1,77,118,0
2023-08-18,Store_1,Product_2,50,197,0
2023-08-18,Store_1,Product_3,42,135,1
2023-08-18,Store_1,Product_4,30,171,0
2023-08-18,Store_1,Product_5,11,126,0
2023-08-18,Store_1,Product_6,78,132,0
2023-08-18,Store_1,Product_7,89,51,0
2023-08-18,Store_1,Product_8,93,71,0
2023-08-18,Store_1,Product_9,5,139,0
2023-08-18,Store_1,Product_10,87,150,0
2023-08-18,Store_2,Product_1,75,152,0
2023-08-18,Store_2,Product_2,73,194,0
2023-08-18,Store_2,Product_3,80,123,0
2023-08-18,Store_2,Product_4,30,165,0
2023-08-18,Store_2,Product_5,93,182,0
2023-08-18,Store_2,Product_6,61,168,0
2023-08-18,Store_2,Product_7,46,102,1
2023-08-18,Store_2,Product_8,27,53,0
2023-08-18,Store_2,Product_9,99,122,1
2023-08-18,Store_2,Product_10,43,69,0
2023-08-18,Store_3,Product_1,63,54,0
2023-08-18,Store_3,Product_2,43,131,0
2023-08-18,Store_3,Product_3,58,87,0
2023-08-18,Store_3,Product_4,90,140,0
2023-08-18,Store_3,Product_5,44,98,1
2023-08-18,Store_3,Product_6,53,131,0
2023-08-18,Store_3,Product_7,40,66,0
2023-08-18,Store_3,Product_8,49,156,1
2023-08-18,Store_3,Product_9,41,157,0
2023-08-18,Store_3,Product_10,59,116,0
2023-08-18,Store_4,Product_1,30,128,0
2023-08-18,Store_4,Product_2,77,151,0
2023-08-18,Store_4,Product_3,70,77,1
2023-08-18,Store_4,Product_4,36,112,0
2023-08-18,Store_4,Product_5,56,58,0
2023-08-18,Store_4,Product_6,28,144,0
2023-08-18,Store_4,Product_7,55,159,0
2023-08-18,Store_4,Product_8,83,85,0
2023-08-18,Store_4,Product_9,53,116,0
2023-08-18,Store_4,Product_10,77,162,0
2023-08-18,Store_5,Product_1,20,56,0
2023-08-18,Store_5,Product_2,65,181,1
2023-08-18,Store_5,Product_3,32,86,1
2023-08-18,Store_5,Product_4,56,59,1
2023-08-18,Store_5,Product_5,93,144,0
2023-08-18,Store_5,Product_6,86,194,0
2023-08-18,Store_5,Product_7,96,85,0
2023-08-18,Store_5,Product_8,35,87,0
2023-08-18,Store_5,Product_9,45,141,0
2023-08-18,Store_5,Product_10,9,63,0
2023-08-19,Store_1,Product_1,66,81,0
2023-08-19,Store_1,Product_2,80,97,1
2023-08-19,Store_1,Product_3,33,110,0
2023-08-19,Store_1,Product_4,72,90,0
2023-08-19,Store_1,Product_5,82,57,0
2023-08-19,Store_1,Product_6,38,161,0
2023-08-19,Store_1,Product_7,45,63,1
2023-08-19,Store_1,Product_8,38,98,0
2023-08-19,Store_1,Product_9,14,104,0
2023-08-19,Store_1,Product_10,47,195,0
2023-08-19,Store_2,Product_1,18,167,0
2023-08-19,Store_2,Product_2,19,157,1
2023-08-19,Store_2,Product_3,16,197,0
2023-08-19,Store_2,Product_4,78,145,0
2023-08-19,Store_2,Product_5,37,65,0
2023-08-19,Store_2,Product_6,23,67,1
2023-08-19,Store_2,Product_7,68,183,0
2023-08-19,Store_2,Product_8,82,125,1
2023-08-19,Store_2,Product_9,84,155,0
2023-08-19,Store_2,Product_10,81,167,1
2023-08-19,Store_3,Product_1,40,95,0
2023-08-19,Store_3,Product_2,39,187,0
2023-08-19,Store_3,Product_3,58,129,0
2023-08-19,Store_3,Product_4,58,183,0
2023-08-19,Store_3,Product_5,16,140,0
2023-08-19,Store_3,Product_6,66,52,1
2023-08-19,Store_3,Product_7,40,64,0
2023-08-19,Store_3,Product_8,70,157,0
2023-08-19,Store_3,Product_9,53,180,0
2023-08-19,Store_3,Product_10,88,77,0
2023-08-19,Store_4,Product_1,73,76,1
2023-08-19,Store_4,Product_2,105,84,1
2023-08-19,Store_4,Product_3,37,197,0
2023-08-19,Store_4,Product_4,27,123,0
2023-08-19,Store_4,Product_5,29,88,0
2023-08-19,Store_4,Product_6,44,195,0
2023-08-19,Store_4,Product_7,63,174,0
2023-08-19,Store_4,Product_8,71,90,0
2023-08-19,Store_4,Product_9,49,197,0
2023-08-19,Store_4,Product_10,31,157,0
2023-08-19,Store_5,Product_1,18,114,0
2023-08-19,Store_5,Product_2,72,157,0
2023-08-19,Store_5,Product_3,19,98,0
2023-08-19,Store_5,Product_4,14,64,0
2023-08-19,Store_5,Product_5,70,107,1
2023-08-19,Store_5,Product_6,82,178,1
2023-08-19,Store_5,Product_7,50,130,0
2023-08-19,Store_5,Product_8,77,121,0
2023-08-19,Store_5,Product_9,47,169,0
2023-08-19,Store_5,Product_10,57,181,1
2023-08-20,Store_1,Product_1,71,54,1
2023-08-20,Store_1,Product_2,55,182,0
2023-08-20,Store_1,Product_3,97,140,0
2023-08-20,Store_1,Product_4,86,136,0
2023-08-20,Store_1,Product_5,40,185,0
2023-08-20,Store_1,Product_6,87,92,0
2023-08-20,Store_1,Product_7,76,149,1
2023-08-20,Store_1,Product_8,40,85,1
2023-08-20,Store_1,Product_9,80,130,0
2023-08-20,Store_1,Product_10,44,84,0
2023-08-20,Store_2,Product_1,93,57,1
2023-08-20,Store_2,Product_2,40,152,0
2023-08-20,Store_2,Product_3,49,78,1
2023-08-20,Store_2,Product_4,64,150,0
2023-08-20,Store_2,Product_5,81,115,1
2023-08-20,Store_2,Product_6,80,57,1
2023-08-20,Store_2,Product_7,64,122,0
2023-08-20,Store_2,Product_8,53,172,0
2023-08-20,Store_2,Product_9,63,56,0
2023-08-20,Store_2,Product_10,54,89,0
2023-08-20,Store_3,Product_1,73,160,1
2023-08-20,Store_3,Product_2,85,58,0
2023-08-20,Store_3,Product_3,18,142,0
2023-08-20,Store_3,Product_4,89,173,0
2023-08-20,Store_3,Product_5,72,112,0
2023-08-20,Store_3,Product_6,52,139,0
2023-08-20,Store_3,Product_7,76,69,0
2023-08-20,Store_3,Product_8,20,85,0
2023-08-20,Store_3,Product_9,24,79,0
2023-08-20,Store_3,Product_10,65,87,1
2023-08-20,Store_4,Product_1,64,191,0
2023-08-20,Store_4,Product_2,50,145,0
2023-08-20,Store_4,Product_3,13,108,0
2023-08-20,Store_4,Product_4,29,138,0
2023-08-20,Store_4,Product_5,59,176,0
2023-08-20,Store_4,Product_6,33,79,0
2023-08-20,Store_4,Product_7,73,59,0
2023-08-20,Store_4,Product_8,48,60,1
2023-08-20,Store_4,Product_9,90,178,0
2023-08-20,Store_4,Product_10,17,79,1
2023-08-20,Store_5,Product_1,62,154,1
2023-08-20,Store_5,Product_2,59,138,1
2023-08-20,Store_5,Product_3,73,156,0
2023-08-20,Store_5,Product_4,15,173,0
2023-08-20,Store_5,Product_5,69,111,0
2023-08-20,Store_5,Product_6,34,69,0
2023-08-20,Store_5,Product_7,63,86,0
2023-08-20,Store_5,Product_8,60,78,0
2023-08-20,Store_5,Product_9,53,72,0
2023-08-20,Store_5,Product_10,17,123,0
2023-08-21,Store_1,Product_1,60,66,0
2023-08-21,Store_1,Product_2,16,173,0
2023-08-21,Store_1,Product_3,53,159,0
2023-08-21,Store_1,Product_4,16,89,0
2023-08-21,Store_1,Product_5,12,137,0
2023-08-21,Store_1,Product_6,43,71,0
2023-08-21,Store_1,Product_7,44,179,0
2023-08-21,Store_1,Product_8,24,75,0
2023-08-21,Store_1,Product_9,98,169,1
2023-08-21,Store_1,Product_10,18,50,1
2023-08-21,Store_2,Product_1,17,50,0
2023-08-21,Store_2,Product_2,62,90,0
2023-08-21,Store_2,Product_3,10,133,0
2023-08-21,Store_2,Product_4,38,158,0
2023-08-21,Store_2,Product_5,81,102,0
2023-08-21,Store_2,Product_6,32,64,0
2023-08-21,Store_2,Product_7,85,64,0
2023-08-21,Store_2,Product_8,72,93,0
2023-08-21,Store_2,Product_9,62,89,0
2023-08-21,Store_2,Product_10,94,113,0
2023-08-21,Store_3,Product_1,31,135,0
2023-08-21,Store_3,Product_2,88,155,0
2023-08-21,Store_3,Product_3,67,159,0
2023-08-21,Store_3,Product_4,81,188,0
2023-08-21,Store_3,Product_5,97,135,1
2023-08-21,Store_3,Product_6,6,158,1
2023-08-21,Store_3,Product_7,52,92,1
2023-08-21,Store_3,Product_8,73,191,0
2023-08-21,Store_3,Product_9,83,165,0
2023-08-21,Store_3,Product_10,17,62,0
2023-08-21,Store_4,Product_1,41,87,0
2023-08-21,Store_4,Product_2,59,192,0
2023-08-21,Store_4,Product_3,28,92,0
2023-08-21,Store_4,Product_4,88,74,0
2023-08-21,Store_4,Product_5,31,60,0
2023-08-21,Store_4,Product_6,86,114,1
2023-08-21,Store_4,Product_7,33,136,0
2023-08-21,Store_4,Product_8,1,161,0
2023-08-21,Store_4,Product_9,103,71,1
2023-08-21,Store_4,Product_10,55,116,0
2023-08-21,Store_5,Product_1,32,139,1
2023-08-21,Store_5,Product_2,63,122,0
2023-08-21,Store_5,Product_3,25,156,0
2023-08-21,Store_5,Product_4,87,109,0
2023-08-21,Store_5,Product_5,39,165,1
2023-08-21,Store_5,Product_6,80,89,0
2023-08-21,Store_5,Product_7,20,59,0
2023-08-21,Store_5,Product_8,32,135,0
2023-08-21,Store_5,Product_9,36,170,0
2023-08-21,Store_5,Product_10,68,167,0
2023-08-22,Store_1,Product_1,83,57,0
2023-08-22,Store_1,Product_2,36,54,0
2023-08-22,Store_1,Product_3,55,115,0
2023-08-22,Store_1,Product_4,64,104,0
2023-08-22,Store_1,Product_5,77,195,0
2023-08-22,Store_1,Product_6,37,189,0
2023-08-22,Store_1,Product_7,45,111,0
2023-08-22,Store_1,Product_8,50,55,1
2023-08-22,Store_1,Product_9,62,161,0
2023-08-22,Store_1,Product_10,77,117,0
2023-08-22,Store_2,Product_1,104,54,1
2023-08-22,Store_2,Product_2,29,129,0
2023-08-22,Store_2,Product_3,23,55,0
2023-08-22,Store_2,Product_4,63,108,1
2023-08-22,Store_2,Product_5,34,108,0
2023-08-22,Store_2,Product_6,58,52,0
2023-08-22,Store_2,Product_7,81,72,0
2023-08-22,Store_2,Product_8,33,128,1
2023-08-22,Store_2,Product_9,78,177,0
2023-08-22,Store_2,Product_10,21,116,0
2023-08-22,Store_3,Product_1,14,190,0
2023-08-22,Store_3,Product_2,20,112,0
2023-08-22,Store_3,Product_3,48,199,0
2023-08-22,Store_3,Product_4,42,172,0
2023-08-22,Store_3,Product_5,47,182,0
2023-08-22,Store_3,Product_6,19,127,0
2023-08-22,Store_3,Product_7,19,164,1
2023-08-22,Store_3,Product_8,71,145,0
2023-08-22,Store_3,Product_9,67,74,0
2023-08-22,Store_3,Product_10,77,125,0
2023-08-22,Store_4,Product_1,23,186,0
2023-08-22,Store_4,Product_2,38,143,1
2023-08-22,Store_4,Product_3,19,91,0
2023-08-22,Store_4,Product_4,66,60,0
2023-08-22,Store_4,Product_5,62,113,0
2023-08-22,Store_4,Product_6,61,126,0
2023-08-22,Store_4,Product_7,37,192,0
2023-08-22,Store_4,Product_8,71,198,1
2023-08-22,Store_4,Product_9,55,160,0
2023-08-22,Store_4,Product_10,24,183,1
2023-08-22,Store_5,Product_1,78,60,0
2023-08-22,Store_5,Product_2,63,94,0
2023-08-22,Store_5,Product_3,99,163,0
2023-08-22,Store_5,Product_4,46,114,1
2023-08-22,Store_5,Product_5,36,136,0
2023-08-22,Store_5,Product_6,83,121,1
2023-08-22,Store_5,Product_7,21,160,0
2023-08-22,Store_5,Product_8,27,77,1
2023-08-22,Store_5,Product_9,86,163,1
2023-08-22,Store_5,Product_10,54,119,0
2023-08-23,Store_1,Product_1,31,154,1
2023-08-23,Store_1,Product_2,43,172,0
2023-08-23,Store_1,Product_3,20,178,0
2023-08-23,Store_1,Product_4,63,177,0
2023-08-23,Store_1,Product_5,60,105,0
2023-08-23,Store_1,Product_6,101,162,1
2023-08-23,Store_1,Product_7,51,106,0
2023-08-23,Store_1,Product_8,46,120,0
2023-08-23,Store_1,Product_9,16,67,1
2023-08-23,Store_1,Product_10,68,80,0
2023-08-23,Store_2,Product_1,20,50,0
2023-08-23,Store_2,Product_2,16,178,0
2023-08-23,Store_2,Product_3,76,91,0
2023-08-23,Store_2,Product_4,40,144,0
2023-08-23,Store_2,Product_5,29,183,1
2023-08-23,Store_2,Product_6,69,95,0
2023-08-23,Store_2,Product_7,38,116,0
2023-08-23,Store_2,Product_8,79,186,0
2023-08-23,Store_2,Product_9,26,150,0
2023-08-23,Store_2,Product_10,44,173,0
2023-08-23,Store_3,Product_1,43,106,0
2023-08-23,Store_3,Product_2,35,69,0
2023-08-23,Store_3,Product_3,75,71,0
2023-08-23,Store_3,Product_4,14,110,0
2023-08-23,Store_3,Product_5,11,67,0
2023-08-23,Store_3,Product_6,54,193,0
2023-08-23,Store_3,Product_7,28,82,0
2023-08-23,Store_3,Product_8,79,103,0
2023-08-23,Store_3,Product_9,68,71,0
2023-08-23,Store_3,Product_10,21,185,0
2023-08-23,Store_4,Product_1,53,70,0
2023-08-23,Store_4,Product_2,70,55,0
2023-08-23,Store_4,Product_3,62,190,0
2023-08-23,Store_4,Product_4,71,147,0
2023-08-23,Store_4,Product_5,74,149,0
2023-08-23,Store_4,Product_6,59,88,0
2023-08-23,Store_4,Product_7,63,117,1
2023-08-23,Store_4,Product_8,54,96,0
2023-08-23,Store_4,Product_9,78,199,0
2023-08-23,Store_4,Product_10,56,101,0
2023-08-23,Store_5,Product_1,43,189,0
2023-08-23,Store_5,Product_2,67,170,0
2023-08-23,Store_5,Product_3,29,112,0
2023-08-23,Store_5,Product_4,89,137,0
2023-08-23,Store_5,Product_5,89,88,1
2023-08-23,Store_5,Product_6,69,187,0
2023-08-23,Store_5,Product_7,34,148,0
2023-08-23,Store_5,Product_8,43,107,0
2023-08-23,Store_5,Product_9,11,188,0
2023-08-23,Store_5,Product_10,57,147,0
2023-08-24,Store_1,Product_1,24,120,0
2023-08-24,Store_1,Product_2,57,77,1
2023-08-24,Store_1,Product_3,88,188,1
2023-08-24,Store_1,Product_4,48,106,0
2023-08-24,Store_1,Product_5,61,116,1
2023-08-24,Store_1,Product_6,40,170,0
2023-08-24,Store_1,Product_7,62,136,0
2023-08-24,Store_1,Product_8,37,84,0
2023-08-24,Store_1,Product_9,41,85,1
2023-08-24,Store_1,Product_10,51,180,1
2023-08-24,Store_2,Product_1,12,51,0
2023-08-24,Store_2,Product_2,46,149,0
2023-08-24,Store_2,Product_3,65,132,0
2023-08-24,Store_2,Product_4,76,145,0
2023-08-24,Store_2,Product_5,35,96,0
2023-08-24,Store_2,Product_6,41,196,0
2023-08-24,Store_2,Product_7,40,89,0
2023-08-24,Store_2,Product_8,70,73,0
2023-08-24,Store_2,Product_9,37,176,0
2023-08-24,Store_2,Product_10,34,53,0
2023-08-24,Store_3,Product_1,50,185,0
2023-08-24,Store_3,Product_2,32,190,0
2023-08-24,Store_3,Product_3,83,169,0
2023-08-24,Store_3,Product_4,44,67,0
2023-08-24,Store_3,Product_5,63,187,0
2023-08-24,Store_3,Product_6,116,108,1
2023-08-24,Store_3,Product_7,46,126,0
2023-08-24,Store_3,Product_8,87,138,0
2023-08-24,Store_3,Product_9,46,195,0
2023-08-24,Store_3,Product_10,67,154,0
2023-08-24,Store_4,Product_1,79,78,0
2023-08-24,Store_4,Product_2,62,101,0
2023-08-24,Store_4,Product_3,90,141,0
2023-08-24,Store_4,Product_4,34,139,0
2023-08-24,Store_4,Product_5,12,63,0
2023-08-24,Store_4,Product_6,16,180,0
2023-08-24,Store_4,Product_7,35,164,0
2023-08-24,Store_4,Product_8,87,82,0
2023-08-24,Store_4,Product_9,87,68,0
2023-08-24,Store_4,Product_10,69,50,0
2023-08-24,Store_5,Product_1,31,150,0
2023-08-24,Store_5,Product_2,84,58,0
2023-08-24,Store_5,Product_3,79,107,0
2023-08-24,Store_5,Product_4,58,101,1
2023-08-24,Store_5,Product_5,99,67,0
2023-08-24,Store_5,Product_6,61,60,0
2023-08-24,Store_5,Product_7,41,141,0
2023-08-24,Store_5,Product_8,28,170,0
2023-08-24,Store_5,Product_9,67,169,0
2023-08-24,Store_5,Product_10,56,80,1
2023-08-25,Store_1,Product_1,37,165,0
2023-08-25,Store_1,Product_2,39,198,0
2023-08-25,Store_1,Product_3,23,164,0
2023-08-25,Store_1,Product_4,23,134,0
2023-08-25,Store_1,Product_5,87,183,0
2023-08-25,Store_1,Product_6,57,194,0
2023-08-25,Store_1,Product_7,71,57,0
2023-08-25,Store_1,Product_8,53,147,0
2023-08-25,Store_1,Product_9,9,68,0
2023-08-25,Store_1,Product_10,31,63,0
2023-08-25,Store_2,Product_1,86,131,0
2023-08-25,Store_2,Product_2,31,158,0
2023-08-25,Store_2,Product_3,98,141,0
2023-08-25,Store_2,Product_4,22,180,0
2023-08-25,Store_2,Product_5,43,154,0
2023-08-25,Store_2,Product_6,91,140,0
2023-08-25,Store_2,Product_7,65,132,0
2023-08-25,Store_2,Product_8,18,59,0
2023-08-25,Store_2,Product_9,30,117,0
2023-08-25,Store_2,Product_10,58,139,0
2023-08-25,Store_3,Product_1,34,74,0
2023-08-25,Store_3,Product_2,96,116,1
2023-08-25,Store_3,Product_3,59,185,1
2023-08-25,Store_3,Product_4,66,57,0
2023-08-25,Store_3,Product_5,81,129,1
2023-08-25,Store_3,Product_6,75,124,0
2023-08-25,Store_3,Product_7,87,198,0
2023-08-25,Store_3,Product_8,80,124,0
2023-08-25,Store_3,Product_9,68,52,0
2023-08-25,Store_3,Product_10,80,170,0
2023-08-25,Store_4,Product_1,39,152,0
2023-08-25,Store_4,Product_2,11,195,0
2023-08-25,Store_4,Product_3,102,82,0
2023-08-25,Store_4,Product_4,76,60,1
2023-08-25,Store_4,Product_5,15,66,0
2023-08-25,Store_4,Product_6,28,144,1
2023-08-25,Store_4,Product_7,36,108,0
2023-08-25,Store_4,Product_8,55,101,1
2023-08-25,Store_4,Product_9,31,117,0
2023-08-25,Store_4,Product_10,31,93,1
2023-08-25,Store_5,Product_1,74,160,0
2023-08-25,Store_5,Product_2,21,155,0
2023-08-25,Store_5,Product_3,78,162,0
2023-08-25,Store_5,Product_4,31,76,0
2023-08-25,Store_5,Product_5,71,69,0
2023-08-25,Store_5,Product_6,89,143,0
2023-08-25,Store_5,Product_7,22,166,0
2023-08-25,Store_5,Product_8,100,137,1
2023-08-25,Store_5,Product_9,80,70,0
2023-08-25,Store_5,Product_10,56,127,0
2023-08-26,Store_1,Product_1,45,167,0
2023-08-26,Store_1,Product_2,86,133,0
2023-08-26,Store_1,Product_3,73,64,0
2023-08-26,Store_1,Product_4,21,52,0
2023-08-26,Store_1,Product_5,45,60,0
2023-08-26,Store_1,Product_6,17,141,0
2023-08-26,Store_1,Product_7,23,162,0
2023-08-26,Store_1,Product_8,75,64,1
2023-08-26,Store_1,Product_9,50,53,0
2023-08-26,Store_1,Product_10,72,118,0
2023-08-26,Store_2,Product_1,31,160,1
2023-08-26,Store_2,Product_2,35,138,0
2023-08-26,Store_2,Product_3,96,182,1
2023-08-26,Store_2,Product_4,7,68,0
2023-08-26,Store_2,Product_5,77,198,0
2023-08-26,Store_2,Product_6,22,86,0
2023-08-26,Store_2,Product_7,94,198,0
2023-08-26,Store_2,Product_8,55,159,0
2023-08-26,Store_2,Product_9,101,140,0
2023-08-26,Store_2,Product_10,16,198,1
2023-08-26,Store_3,Product_1,54,134,0
2023-08-26,Store_3,Product_2,104,136,1
2023-08-26,Store_3,Product_3,35,126,0
2023-08-26,Store_3,Product_4,88,132,0
2023-08-26,Store_3,Product_5,94,88,1
2023-08-26,Store_3,Product_6,20,90,0
2023-08-26,Store_3,Product_7,52,116,0
2023-08-26,Store_3,Product_8,39,105,0
2023-08-26,Store_3,Product_9,67,184,1
2023-08-26,Store_3,Product_10,11,177,0
2023-08-26,Store_4,Product_1,80,154,0
2023-08-26,Store_4,Product_2,63,113,0
2023-08-26,Store_4,Product_3,32,88,0
2023-08-26,Store_4,Product_4,84,130,0
2023-08-26,Store_4,Product_5,57,181,0
2023-08-26,Store_4,Product_6,33,71,1
2023-08-26,Store_4,Product_7,65,62,0
2023-08-26,Store_4,Product_8,54,75,0
2023-08-26,Store_4,Product_9,46,173,0
2023-08-26,Store_4,Product_10,19,177,0
2023-08-26,Store_5,Product_1,97,177,1
2023-08-26,Store_5,Product_2,88,123,0
2023-08-26,Store_5,Product_3,77,176,0
2023-08-26,Store_5,Product_4,27,154,0
2023-08-26,Store_5,Product_5,57,197,0
2023-08-26,Store_5,Product_6,47,91,0
2023-08-26,Store_5,Product_7,85,191,1
2023-08-26,Store_5,Product_8,89,123,0
2023-08-26,Store_5,Product_9,49,121,0
2023-08-26,Store_5,Product_10,37,108,0
2023-08-27,Store_1,Product_1,24,143,0
2023-08-27,Store_1,Product_2,26,104,1
2023-08-27,Store_1,Product_3,81,194,0
2023-08-27,Store_1,Product_4,11,160,0
2023-08-27,Store_1,Product_5,55,122,0
2023-08-27,Store_1,Product_6,76,104,1
2023-08-27,Store_1,Product_7,61,103,0
2023-08-27,Store_1,Product_8,73,110,0
2023-08-27,Store_1,Product_9,27,186,0
2023-08-27,Store_1,Product_10,76,190,0
2023-08-27,Store_2,Product_1,23,155,0
2023-08-27,Store_2,Product_2,81,128,1
2023-08-27,Store_2,Product_3,10,95,0
2023-08-27,Store_2,Product_4,77,144,1
2023-08-27,Store_2,Product_5,60,136,0
2023-08-27,Store_2,Product_6,57,139,0
2023-08-27,Store_2,Product_7,41,153,0
2023-08-27,Store_2,Product_8,31,141,0
2023-08-27,Store_2,Product_9,66,102,0
2023-08-27,Store_2,Product_10,44,54,0
2023-08-27,Store_3,Product_1,37,103,1
2023-08-27,Store_3,Product_2,34,61,1
2023-08-27,Store_3,Product_3,24,90,0
2023-08-27,Store_3,Product_4,78,92,0
2023-08-27,Store_3,Product_5,110,52,1
2023-08-27,Store_3,Product_6,58,178,0
2023-08-27,Store_3,Product_7,56,69,1
2023-08-27,Store_3,Product_8,54,84,1
2023-08-27,Store_3,Product_9,48,157,0
2023-08-27,Store_3,Product_10,75,101,0
2023-08-27,Store_4,Product_1,80,87,0
2023-08-27,Store_4,Product_2,65,103,0
2023-08-27,Store_4,Product_3,40,160,0
2023-08-27,Store_4,Product_4,28,101,0
2023-08-27,Store_4,Product_5,69,76,0
2023-08-27,Store_4,Product_6,26,65,0
2023-08-27,Store_4,Product_7,26,179,0
2023-08-27,Store_4,Product_8,86,136,1
2023-08-27,Store_4,Product_9,50,87,0
2023-08-27,Store_4,Product_10,57,65,0
2023-08-27,Store_5,Product_1,86,129,0
2023-08-27,Store_5,Product_2,43,104,0
2023-08-27,Store_5,Product_3,58,167,0
2023-08-27,Store_5,Product_4,73,88,0
2023-08-27,Store_5,Product_5,72,109,0
2023-08-27,Store_5,Product_6,18,105,0
2023-08-27,Store_5,Product_7,71,179,0
2023-08-27,Store_5,Product_8,16,191,0
2023-08-27,Store_5,Product_9,55,127,0
2023-08-27,Store_5,Product_10,65,56,1
2023-08-28,Store_1,Product_1,22,68,0
2023-08-28,Store_1,Product_2,29,111,0
2023-08-28,Store_1,Product_3,82,178,1
2023-08-28,Store_1,Product_4,15,149,0
2023-08-28,Store_1,Product_5,88,185,0
2023-08-28,Store_1,Product_6,98,84,1
2023-08-28,Store_1,Product_7,50,159,1
2023-08-28,Store_1,Product_8,87,94,0
2023-08-28,Store_1,Product_9,91,51,1
2023-08-28,Store_1,Product_10,70,65,0
2023-08-28,Store_2,Product_1,55,104,0
2023-08-28,Store_2,Product_2,39,77,0
2023-08-28,Store_2,Product_3,77,109,0
2023-08-28,Store_2,Product_4,80,54,0
2023-08-28,Store_2,Product_5,39,186,0
2023-08-28,Store_2,Product_6,18,91,0
2023-08-28,Store_2,Product_7,63,181,0
2023-08-28,Store_2,Product_8,20,109,0
2023-08-28,Store_2,Product_9,24,180,0
2023-08-28,Store_2,Product_10,37,198,0
2023-08-28,Store_3,Product_1,54,66,0
2023-08-28,Store_3,Product_2,70,154,0
2023-08-28,Store_3,Product_3,86,137,0
2023-08-28,Store_3,Product_4,67,157,0
2023-08-28,Store_3,Product_5,77,178,1
2023-08-28,Store_3,Product_6,39,155,0
2023-08-28,Store_3,Product_7,45,171,1
2023-08-28,Store_3,Product_8,48,165,0
2023-08-28,Store_3,Product_9,36,116,0
2023-08-28,Store_3,Product_10,33,77,0
2023-08-28,Store_4,Product_1,47,162,0
2023-08-28,Store_4,Product_2,91,131,0
2023-08-28,Store_4,Product_3,28,132,0
2023-08-28,Store_4,Product_4,79,52,0
2023-08-28,Store_4,Product_5,33,115,1
2023-08-28,Store_4,Product_6,37,65,0
2023-08-28,Store_4,Product_7,68,79,1
2023-08-28,Store_4,Product_8,29,97,0
2023-08-28,Store_4,Product_9,58,143,0
2023-08-28,Store_4,Product_10,82,50,0
2023-08-28,Store_5,Product_1,53,162,1
2023-08-28,Store_5,Product_2,82,87,0
2023-08-28,Store_5,Product_3,79,168,0
2023-08-28,Store_5,Product_4,47,84,0
2023-08-28,Store_5,Product_5,57,144,0
2023-08-28,Store_5,Product_6,84,50,0
2023-08-28,Store_5,Product_7,55,137,1
2023-08-28,Store_5,Product_8,38,176,0
2023-08-28,Store_5,Product_9,87,55,0
2023-08-28,Store_5,Product_10,37,186,0
2023-08-29,Store_1,Product_1,74,121,0
2023-08-29,Store_1,Product_2,15,196,0
2023-08-29,Store_1,Product_3,22,188,0
2023-08-29,Store_1,Product_4,17,139,0
2023-08-29,Store_1,Product_5,84,153,0
2023-08-29,Store_1,Product_6,31,172,0
2023-08-29,Store_1,Product_7,76,99,0
2023-08-29,Store_1,Product_8,35,175,0
2023-08-29,Store_1,Product_9,82,87,0
2023-08-29,Store_1,Product_10,22,60,1
2023-08-29,Store_2,Product_1,35,180,0
2023-08-29,Store_2,Product_2,73,156,1
2023-08-29,Store_2,Product_3,72,172,0
2023-08-29,Store_2,Product_4,34,161,0
2023-08-29,Store_2,Product_5,97,121,1
2023-08-29,Store_2,Product_6,64,199,0
2023-08-29,Store_2,Product_7,5,192,0
2023-08-29,Store_2,Product_8,57,189,0
2023-08-29,Store_2,Product_9,52,135,0
2023-08-29,Store_2,Product_10,80,118,1
2023-08-29,Store_3,Product_1,22,143,0
2023-08-29,Store_3,Product_2,61,105,0
2023-08-29,Store_3,Product_3,47,131,0
2023-08-29,Store_3,Product_4,68,51,0
2023-08-29,Store_3,Product_5,51,147,0
2023-08-29,Store_3,Product_6,59,109,0
2023-08-29,Store_3,Product_7,95,75,0
2023-08-29,Store_3,Product_8,57,152,0
2023-08-29,Store_3,Product_9,70,130,0
2023-08-29,Store_3,Product_10,113,118,1
2023-08-29,Store_4,Product_1,47,109,0
2023-08-29,Store_4,Product_2,89,140,1
2023-08-29,Store_4,Product_3,20,184,0
2023-08-29,Store_4,Product_4,80,184,1
2023-08-29,Store_4,Product_5,30,147,0
2023-08-29,Store_4,Product_6,89,180,1
2023-08-29,Store_4,Product_7,60,66,1
2023-08-29,Store_4,Product_8,44,170,0
2023-08-29,Store_4,Product_9,32,141,0
2023-08-29,Store_4,Product_10,37,83,0
2023-08-29,Store_5,Product_1,58,196,1
2023-08-29,Store_5,Product_2,89,90,1
2023-08-29,Store_5,Product_3,73,131,0
2023-08-29,Store_5,Product_4,56,139,0
2023-08-29,Store_5,Product_5,64,87,0
2023-08-29,Store_5,Product_6,78,162,0
2023-08-29,Store_5,Product_7,27,172,0
2023-08-29,Store_5,Product_8,59,194,1
2023-08-29,Store_5,Product_9,62,52,0
2023-08-29,Store_5,Product_10,78,95,0
2023-08-30,Store_1,Product_1,12,96,0
2023-08-30,Store_1,Product_2,63,136,0
2023-08-30,Store_1,Product_3,86,172,0
2023-08-30,Store_1,Product_4,23,68,1
2023-08-30,Store_1,Product_5,57,105,0
2023-08-30,Store_1,Product_6,34,131,0
2023-08-30,Store_1,Product_7,35,79,0
2023-08-30,Store_1,Product_8,28,124,0
2023-08-30,Store_1,Product_9,18,142,0
2023-08-30,Store_1,Product_10,91,99,0
2023-08-30,Store_2,Product_1,85,174,0
2023-08-30,Store_2,Product_2,76,139,0
2023-08-30,Store_2,Product_3,22,74,0
2023-08-30,Store_2,Product_4,92,107,0
2023-08-30,Store_2,Product_5,1,110,1
2023-08-30,Store_2,Product_6,82,131,0
2023-08-30,Store_2,Product_7,56,53,0
2023-08-30,Store_2,Product_8,42,119,1
2023-08-30,Store_2,Product_9,27,149,0
2023-08-30,Store_2,Product_10,75,66,0
2023-08-30,Store_3,Product_1,63,169,0
2023-08-30,Store_3,Product_2,90,147,0
2023-08-30,Store_3,Product_3,46,52,0
2023-08-30,Store_3,Product_4,56,125,0
2023-08-30,Store_3,Product_5,16,132,1
2023-08-30,Store_3,Product_6,44,104,0
2023-08-30,Store_3,Product_7,16,134,0
2023-08-30,Store_3,Product_8,20,165,0
2023-08-30,Store_3,Product_9,71,52,0
2023-08-30,Store_3,Product_10,81,68,0
2023-08-30,Store_4,Product_1,76,109,0
2023-08-30,Store_4,Product_2,31,91,0
2023-08-30,Store_4,Product_3,57,82,0
2023-08-30,Store_4,Product_4,87,151,0
2023-08-30,Store_4,Product_5,29,138,0
2023-08-30,Store_4,Product_6,34,65,1
2023-08-30,Store_4,Product_7,13,179,1
2023-08-30,Store_4,Product_8,29,61,0
2023-08-30,Store_4,Product_9,56,183,1
2023-08-30,Store_4,Product_10,47,124,0
2023-08-30,Store_5,Product_1,48,76,0
2023-08-30,Store_5,Product_2,56,186,0
2023-08-30,Store_5,Product_3,27,159,0
2023-08-30,Store_5,Product_4,25,60,0
2023-08-30,Store_5,Product_5,63,188,0
2023-08-30,Store_5,Product_6,75,145,0
2023-08-30,Store_5,Product_7,96,100,0
2023-08-30,Store_5,Product_8,30,95,0
2023-08-30,Store_5,Product_9,65,63,1
2023-08-30,Store_5,Product_10,37,82,0
2023-08-31,Store_1,Product_1,64,133,0
2023-08-31,Store_1,Product_2,24,199,0
2023-08-31,Store_1,Product_3,42,64,0
2023-08-31,Store_1,Product_4,28,66,1
2023-08-31,Store_1,Product_5,0,198,0
2023-08-31,Store_1,Product_6,60,188,0
2023-08-31,Store_1,Product_7,69,147,1
2023-08-31,Store_1,Product_8,42,73,1
2023-08-31,Store_1,Product_9,87,102,1
2023-08-31,Store_1,Product_10,60,62,0
2023-08-31,Store_2,Product_1,107,90,1
2023-08-31,Store_2,Product_2,73,76,0
2023-08-31,Store_2,Product_3,52,125,1
2023-08-31,Store_2,Product_4,82,129,0
2023-08-31,Store_2,Product_5,59,152,0
2023-08-31,Store_2,Product_6,64,108,0
2023-08-31,Store_2,Product_7,56,160,0
2023-08-31,Store_2,Product_8,87,69,1
2023-08-31,Store_2,Product_9,80,56,0
2023-08-31,Store_2,Product_10,54,92,0
2023-08-31,Store_3,Product_1,45,170,0
2023-08-31,Store_3,Product_2,6,112,0
2023-08-31,Store_3,Product_3,57,138,0
2023-08-31,Store_3,Product_4,50,168,0
2023-08-31,Store_3,Product_5,29,144,0
2023-08-31,Store_3,Product_6,76,85,1
2023-08-31,Store_3,Product_7,73,110,0
2023-08-31,Store_3,Product_8,67,58,0
2023-08-31,Store_3,Product_9,70,184,1
2023-08-31,Store_3,Product_10,70,156,0
2023-08-31,Store_4,Product_1,40,67,0
2023-08-31,Store_4,Product_2,31,130,0
2023-08-31,Store_4,Product_3,70,70,1
2023-08-31,Store_4,Product_4,54,102,0
2023-08-31,Store_4,Product_5,40,151,0
2023-08-31,Store_4,Product_6,96,185,0
2023-08-31,Store_4,Product_7,89,70,1
2023-08-31,Store_4,Product_8,26,120,1
2023-08-31,Store_4,Product_9,28,87,1
2023-08-31,Store_4,Product_10,91,174,1
2023-08-31,Store_5,Product_1,12,130,0
2023-08-31,Store_5,Product_2,29,93,0
2023-08-31,Store_5,Product_3,69,158,0
2023-08-31,Store_5,Product_4,60,57,1
2023-08-31,Store_5,Product_5,20,192,0
2023-08-31,Store_5,Product_6,69,197,0
2023-08-31,Store_5,Product_7,81,127,0
2023-08-31,Store_5,Product_8,71,157,1
2023-08-31,Store_5,Product_9,22,163,0
2023-08-31,Store_5,Product_10,84,159,0
2023-09-01,Store_1,Product_1,18,58,0
2023-09-01,Store_1,Product_2,13,60,0
2023-09-01,Store_1,Product_3,47,183,1
2023-09-01,Store_1,Product_4,40,191,0
2023-09-01,Store_1,Product_5,26,155,0
2023-09-01,Store_1,Product_6,68,83,0
2023-09-01,Store_1,Product_7,68,155,1
2023-09-01,Store_1,Product_8,32,171,0
2023-09-01,Store_1,Product_9,107,180,1
2023-09-01,Store_1,Product_10,54,182,0
2023-09-01,Store_2,Product_1,54,129,0
2023-09-01,Store_2,Product_2,27,196,0
2023-09-01,Store_2,Product_3,69,185,0
2023-09-01,Store_2,Product_4,43,70,0
2023-09-01,Store_2,Product_5,60,123,0
2023-09-01,Store_2,Product_6,51,180,1
2023-09-01,Store_2,Product_7,69,52,0
2023-09-01,Store_2,Product_8,70,77,0
2023-09-01,Store_2,Product_9,43,111,0
2023-09-01,Store_2,Product_10,69,135,0
2023-09-01,Store_3,Product_1,44,170,1
2023-09-01,Store_3,Product_2,19,69,0
2023-09-01,Store_3,Product_3,82,113,0
2023-09-01,Store_3,Product_4,40,66,1
2023-09-01,Store_3,Product_5,59,65,1
2023-09-01,Store_3,Product_6,84,59,0
2023-09-01,Store_3,Product_7,24,100,0
2023-09-01,Store_3,Product_8,48,78,0
2023-09-01,Store_3,Product_9,67,93,0
2023-09-01,Store_3,Product_10,86,196,1
2023-09-01,Store_4,Product_1,16,137,0
2023-09-01,Store_4,Product_2,45,179,0
2023-09-01,Store_4,Product_3,49,73,0
2023-09-01,Store_4,Product_4,45,111,0
2023-09-01,Store_4,Product_5,26,112,1
2023-09-01,Store_4,Product_6,16,186,0
2023-09-01,Store_4,Product_7,59,194,0
2023-09-01,Store_4,Product_8,84,97,0
2023-09-01,Store_4,Product_9,60,59,0
2023-09-01,Store_4,Product_10,31,50,0
2023-09-01,Store_5,Product_1,87,50,0
2023-09-01,Store_5,Product_2,74,105,0
2023-09-01,Store_5,Product_3,31,53,0
2023-09-01,Store_5,Product_4,63,173,0
2023-09-01,Store_5,Product_5,58,101,0
2023-09-01,Store_5,Product_6,19,161,0
2023-09-01,Store_5,Product_7,75,165,0
2023-09-01,Store_5,Product_8,76,108,0
2023-09-01,Store_5,Product_9,59,164,0
2023-09-01,Store_5,Product_10,34,70,1
2023-09-02,Store_1,Product_1,67,114,1
2023-09-02,Store_1,Product_2,66,167,0
2023-09-02,Store_1,Product_3,25,66,0
2023-09-02,Store_1,Product_4,21,80,0
2023-09-02,Store_1,Product_5,31,188,1
2023-09-02,Store_1,Product_6,32,150,1
2023-09-02,Store_1,Product_7,19,53,0
2023-09-02,Store_1,Product_8,64,143,0
2023-09-02,Store_1,Product_9,48,51,0
2023-09-02,Store_1,Product_10,74,149,1
2023-09-02,Store_2,Product_1,18,56,0
2023-09-02,Store_2,Product_2,36,59,0
2023-09-02,Store_2,Product_3,16,94,0
2023-09-02,Store_2,Product_4,76,166,0
2023-09-02,Store_2,Product_5,108,72,1
2023-09-02,Store_2,Product_6,30,197,0
2023-09-02,Store_2,Product_7,20,98,0
2023-09-02,Store_2,Product_8,58,145,0
2023-09-02,Store_2,Product_9,49,188,0
2023-09-02,Store_2,Product_10,116,139,1
2023-09-02,Store_3,Product_1,79,156,0
2023-09-02,Store_3,Product_2,64,119,0
2023-09-02,Store_3,Product_3,124,131,1
2023-09-02,Store_3,Product_4,13,104,0
2023-09-02,Store_3,Product_5,4,53,0
2023-09-02,Store_3,Product_6,85,130,0
2023-09-02,Store_3,Product_7,70,82,0
2023-09-02,Store_3,Product_8,85,60,0
2023-09-02,Store_3,Product_9,91,106,0
2023-09-02,Store_3,Product_10,32,189,0
2023-09-02,Store_4,Product_1,51,179,0
2023-09-02,Store_4,Product_2,13,58,0
2023-09-02,Store_4,Product_3,31,183,0
2023-09-02,Store_4,Product_4,20,54,0
2023-09-02,Store_4,Product_5,39,139,0
2023-09-02,Store_4,Product_6,39,102,0
2023-09-02,Store_4,Product_7,39,58,0
2023-09-02,Store_4,Product_8,50,163,0
2023-09-02,Store_4,Product_9,37,129,0
2023-09-02,Store_4,Product_10,71,139,1
2023-09-02,Store_5,Product_1,80,73,0
2023-09-02,Store_5,Product_2,38,137,0
2023-09-02,Store_5,Product_3,55,125,1
2023-09-02,Store_5,Product_4,22,65,1
2023-09-02,Store_5,Product_5,72,167,0
2023-09-02,Store_5,Product_6,83,85,0
2023-09-02,Store_5,Product_7,61,54,0
2023-09-02,Store_5,Product_8,57,77,0
2023-09-02,Store_5,Product_9,62,156,0
2023-09-02,Store_5,Product_10,65,185,1
2023-09-03,Store_1,Product_1,61,142,1
2023-09-03,Store_1,Product_2,68,99,0
2023-09-03,Store_1,Product_3,87,178,0
2023-09-03,Store_1,Product_4,47,166,0
2023-09-03,Store_1,Product_5,66,58,0
2023-09-03,Store_1,Product_6,54,142,0
2023-09-03,Store_1,Product_7,78,153,0
2023-09-03,Store_1,Product_8,62,98,0
2023-09-03,Store_1,Product_9,82,64,0
2023-09-03,Store_1,Product_10,20,99,0
2023-09-03,Store_2,Product_1,61,100,0
2023-09-03,Store_2,Product_2,63,65,0
2023-09-03,Store_2,Product_3,26,81,0
2023-09-03,Store_2,Product_4,44,147,0
2023-09-03,Store_2,Product_5,29,129,0
2023-09-03,Store_2,Product_6,55,54,0
2023-09-03,Store_2,Product_7,33,186,1
2023-09-03,Store_2,Product_8,44,138,0
2023-09-03,Store_2,Product_9,86,152,0
2023-09-03,Store_2,Product_10,87,95,0
2023-09-03,Store_3,Product_1,66,137,0
2023-09-03,Store_3,Product_2,37,101,0
2023-09-03,Store_3,Product_3,26,100,0
2023-09-03,Store_3,Product_4,51,154,0
2023-09-03,Store_3,Product_5,53,129,0
2023-09-03,Store_3,Product_6,69,98,1
2023-09-03,Store_3,Product_7,66,194,0
2023-09-03,Store_3,Product_8,68,79,0
2023-09-03,Store_3,Product_9,40,175,0
2023-09-03,Store_3,Product_10,78,153,0
2023-09-03,Store_4,Product_1,94,85,1
2023-09-03,Store_4,Product_2,65,59,0
2023-09-03,Store_4,Product_3,61,184,0
2023-09-03,Store_4,Product_4,65,173,0
2023-09-03,Store_4,Product_5,54,140,0
2023-09-03,Store_4,Product_6,44,60,0
2023-09-03,Store_4,Product_7,69,76,0
2023-09-03,Store_4,Product_8,43,138,0
2023-09-03,Store_4,Product_9,36,69,0
2023-09-03,Store_4,Product_10,39,176,0
2023-09-03,Store_5,Product_1,56,89,0
2023-09-03,Store_5,Product_2,57,99,0
2023-09-03,Store_5,Product_3,89,108,0
2023-09-03,Store_5,Product_4,73,60,0
2023-09-03,Store_5,Product_5,64,50,0
2023-09-03,Store_5,Product_6,31,129,0
2023-09-03,Store_5,Product_7,57,138,0
2023-09-03,Store_5,Product_8,16,83,0
2023-09-03,Store_5,Product_9,28,144,1
2023-09-03,Store_5,Product_10,42,104,0
2023-09-04,Store_1,Product_1,38,164,0
2023-09-04,Store_1,Product_2,36,96,0
2023-09-04,Store_1,Product_3,74,124,0
2023-09-04,Store_1,Product_4,33,126,0
2023-09-04,Store_1,Product_5,68,93,0
2023-09-04,Store_1,Product_6,56,194,1
2023-09-04,Store_1,Product_7,52,192,0
2023-09-04,Store_1,Product_8,57,59,0
2023-09-04,Store_1,Product_9,62,181,0
2023-09-04,Store_1,Product_10,46,122,0
2023-09-04,Store_2,Product_1,109,102,1
2023-09-04,Store_2,Product_2,82,163,1
2023-09-04,Store_2,Product_3,61,164,0
2023-09-04,Store_2,Product_4,90,99,0
2023-09-04,Store_2,Product_5,32,122,0
2023-09-04,Store_2,Product_6,22,188,0
2023-09-04,Store_2,Product_7,47,67,0
2023-09-04,Store_2,Product_8,80,158,0
2023-09-04,Store_2,Product_9,37,146,0
2023-09-04,Store_2,Product_10,41,58,0
2023-09-04,Store_3,Product_1,53,122,0
2023-09-04,Store_3,Product_2,50,91,0
2023-09-04,Store_3,Product_3,86,70,1
2023-09-04,Store_3,Product_4,49,198,0
2023-09-04,Store_3,Product_5,75,186,0
2023-09-04,Store_3,Product_6,13,176,0
2023-09-04,Store_3,Product_7,59,161,0
2023-09-04,Store_3,Product_8,90,117,0
2023-09-04,Store_3,Product_9,35,155,0
2023-09-04,Store_3,Product_10,55,125,1
2023-09-04,Store_4,Product_1,50,81,0
2023-09-04,Store_4,Product_2,93,101,1
2023-09-04,Store_4,Product_3,41,150,0
2023-09-04,Store_4,Product_4,54,65,0
2023-09-04,Store_4,Product_5,86,116,0
2023-09-04,Store_4,Product_6,21,122,0
2023-09-04,Store_4,Product_7,40,83,1
2023-09-04,Store_4,Product_8,68,145,0
2023-09-04,Store_4,Product_9,56,104,0
2023-09-04,Store_4,Product_10,38,79,1
2023-09-04,Store_5,Product_1,46,53,0
2023-09-04,Store_5,Product_2,83,121,0
2023-09-04,Store_5,Product_3,46,53,0
2023-09-04,Store_5,Product_4,88,52,1
2023-09-04,Store_5,Product_5,80,55,0
2023-09-04,Store_5,Product_6,83,114,0
2023-09-04,Store_5,Product_7,64,133,0
2023-09-04,Store_5,Product_8,98,196,0
2023-09-04,Store_5,Product_9,21,58,0
2023-09-04,Store_5,Product_10,31,107,0
2023-09-05,Store_1,Product_1,96,150,1
2023-09-05,Store_1,Product_2,67,154,1
2023-09-05,Store_1,Product_3,82,79,0
2023-09-05,Store_1,Product_4,48,192,0
2023-09-05,Store_1,Product_5,89,50,0
2023-09-05,Store_1,Product_6,35,88,0
2023-09-05,Store_1,Product_7,57,106,0
2023-09-05,Store_1,Product_8,91,65,0
2023-09-05,Store_1,Product_9,59,116,0
2023-09-05,Store_1,Product_10,88,123,0
2023-09-05,Store_2,Product_1,89,168,1
2023-09-05,Store_2,Product_2,12,172,0
2023-09-05,Store_2,Product_3,50,96,0
2023-09-05,Store_2,Product_4,49,136,0
2023-09-05,Store_2,Product_5,34,193,0
2023-09-05,Store_2,Product_6,20,110,0
2023-09-05,Store_2,Product_7,29,51,0
2023-09-05,Store_2,Product_8,36,98,0
2023-09-05,Store_2,Product_9,84,83,0
2023-09-05,Store_2,Product_10,62,196,1
2023-09-05,Store_3,Product_1,18,126,0
2023-09-05,Store_3,Product_2,39,173,0
2023-09-05,Store_3,Product_3,20,87,0
2023-09-05,Store_3,Product_4,55,120,0
2023-09-05,Store_3,Product_5,97,168,0
2023-09-05,Store_3,Product_6,68,50,0
2023-09-05,Store_3,Product_7,79,152,0
2023-09-05,Store_3,Product_8,56,73,1
2023-09-05,Store_3,Product_9,18,56,0
2023-09-05,Store_3,Product_10,67,153,0
2023-09-05,Store_4,Product_1,79,115,1
2023-09-05,Store_4,Product_2,70,176,0
2023-09-05,Store_4,Product_3,65,143,1
2023-09-05,Store_4,Product_4,50,152,0
2023-09-05,Store_4,Product_5,15,151,0
2023-09-05,Store_4,Product_6,44,128,0
2023-09-05,Store_4,Product_7,49,148,1
2023-09-05,Store_4,Product_8,70,123,0
2023-09-05,Store_4,Product_9,36,185,1
2023-09-05,Store_4,Product_10,31,153,1
2023-09-05,Store_5,Product_1,86,57,0
2023-09-05,Store_5,Product_2,33,183,0
2023-09-05,Store_5,Product_3,14,151,0
2023-09-05,Store_5,Product_4,60,124,0
2023-09-05,Store_5,Product_5,46,92,0
2023-09-05,Store_5,Product_6,59,89,0
2023-09-05,Store_5,Product_7,11,88,0
2023-09-05,Store_5,Product_8,78,125,0
2023-09-05,Store_5,Product_9,50,177,1
2023-09-05,Store_5,Product_10,21,53,0
2023-09-06,Store_1,Product_1,61,52,0
2023-09-06,Store_1,Product_2,50,126,0
2023-09-06,Store_1,Product_3,89,150,0
2023-09-06,Store_1,Product_4,86,97,0
2023-09-06,Store_1,Product_5,71,133,0
2023-09-06,Store_1,Product_6,25,146,0
2023-09-06,Store_1,Product_7,14,196,0
2023-09-06,Store_1,Product_8,35,180,0
2023-09-06,Store_1,Product_9,68,172,0
2023-09-06,Store_1,Product_10,49,109,0
2023-09-06,Store_2,Product_1,54,153,0
2023-09-06,Store_2,Product_2,32,165,0
2023-09-06,Store_2,Product_3,82,68,0
2023-09-06,Store_2,Product_4,40,191,0
2023-09-06,Store_2,Product_5,40,133,1
2023-09-06,Store_2,Product_6,24,50,0
2023-09-06,Store_2,Product_7,12,101,0
2023-09-06,Store_2,Product_8,25,185,0
2023-09-06,Store_2,Product_9,65,144,0
2023-09-06,Store_2,Product_10,86,142,1
2023-09-06,Store_3,Product_1,50,99,0
2023-09-06,Store_3,Product_2,83,176,0
2023-09-06,Store_3,Product_3,99,176,0
2023-09-06,Store_3,Product_4,94,115,1
2023-09-06,Store_3,Product_5,32,149,0
2023-09-06,Store_3,Product_6,63,73,0
2023-09-06,Store_3,Product_7,42,114,1
2023-09-06,Store_3,Product_8,25,198,0
2023-09-06,Store_3,Product_9,76,82,0
2023-09-06,Store_3,Product_10,45,50,0
2023-09-06,Store_4,Product_1,43,150,0
2023-09-06,Store_4,Product_2,7,109,1
2023-09-06,Store_4,Product_3,60,110,0
2023-09-06,Store_4,Product_4,88,193,0
2023-09-06,Store_4,Product_5,93,129,0
2023-09-06,Store_4,Product_6,64,59,0
2023-09-06,Store_4,Product_7,65,164,0
2023-09-06,Store_4,Product_8,73,72,0
2023-09-06,Store_4,Product_9,86,153,0
2023-09-06,Store_4,Product_10,76,166,0
2023-09-06,Store_5,Product_1,16,77,1
2023-09-06,Store_5,Product_2,42,134,0
2023-09-06,Store_5,Product_3,62,175,1
2023-09-06,Store_5,Product_4,35,101,0
2023-09-06,Store_5,Product_5,62,50,0
2023-09-06,Store_5,Product_6,69,120,0
2023-09-06,Store_5,Product_7,85,144,0
2023-09-06,Store_5,Product_8,81,86,0
2023-09-06,Store_5,Product_9,68,151,0
2023-09-06,Store_5,Product_10,14,124,0
2023-09-07,Store_1,Product_1,61,55,0
2023-09-07,Store_1,Product_2,22,98,0
2023-09-07,Store_1,Product_3,46,100,0
2023-09-07,Store_1,Product_4,49,111,0
2023-09-07,Store_1,Product_5,57,57,0
2023-09-07,Store_1,Product_6,40,137,0
2023-09-07,Store_1,Product_7,71,82,0
2023-09-07,Store_1,Product_8,67,60,0
2023-09-07,Store_1,Product_9,51,132,0
2023-09-07,Store_1,Product_10,24,177,0
2023-09-07,Store_2,Product_1,33,53,0
2023-09-07,Store_2,Product_2,36,92,0
2023-09-07,Store_2,Product_3,81,101,0
2023-09-07,Store_2,Product_4,37,121,0
2023-09-07,Store_2,Product_5,53,117,1
2023-09-07,Store_2,Product_6,43,51,0
2023-09-07,Store_2,Product_7,43,173,0
2023-09-07,Store_2,Product_8,43,114,0
2023-09-07,Store_2,Product_9,44,170,0
2023-09-07,Store_2,Product_10,53,131,0
2023-09-07,Store_3,Product_1,75,129,1
2023-09-07,Store_3,Product_2,88,122,0
2023-09-07,Store_3,Product_3,53,129,0
2023-09-07,Store_3,Product_4,33,102,0
2023-09-07,Store_3,Product_5,39,115,0
2023-09-07,Store_3,Product_6,74,64,0
2023-09-07,Store_3,Product_7,78,113,0
2023-09-07,Store_3,Product_8,59,57,1
2023-09-07,Store_3,Product_9,73,173,1
2023-09-07,Store_3,Product_10,89,192,1
2023-09-07,Store_4,Product_1,63,76,0
2023-09-07,Store_4,Product_2,80,189,0
2023-09-07,Store_4,Product_3,33,137,0
2023-09-07,Store_4,Product_4,62,58,0
2023-09-07,Store_4,Product_5,66,52,0
2023-09-07,Store_4,Product_6,38,96,0
2023-09-07,Store_4,Product_7,16,70,0
2023-09-07,Store_4,Product_8,84,91,0
2023-09-07,Store_4,Product_9,79,52,0
2023-09-07,Store_4,Product_10,40,67,0
2023-09-07,Store_5,Product_1,66,66,0
2023-09-07,Store_5,Product_2,23,76,0
2023-09-07,Store_5,Product_3,53,198,0
2023-09-07,Store_5,Product_4,81,148,0
2023-09-07,Store_5,Product_5,33,188,0
2023-09-07,Store_5,Product_6,49,173,0
2023-09-07,Store_5,Product_7,80,194,0
2023-09-07,Store_5,Product_8,53,181,1
2023-09-07,Store_5,Product_9,89,73,0
2023-09-07,Store_5,Product_10,55,120,1
2023-09-08,Store_1,Product_1,76,182,0
2023-09-08,Store_1,Product_2,9,104,0
2023-09-08,Store_1,Product_3,39,115,0
2023-09-08,Store_1,Product_4,85,85,1
2023-09-08,Store_1,Product_5,22,195,0
2023-09-08,Store_1,Product_6,44,128,1
2023-09-08,Store_1,Product_7,10,125,0
2023-09-08,Store_1,Product_8,39,108,0
2023-09-08,Store_1,Product_9,85,73,0
2023-09-08,Store_1,Product_10,67,63,0
2023-09-08,Store_2,Product_1,74,137,0
2023-09-08,Store_2,Product_2,74,79,0
2023-09-08,Store_2,Product_3,86,189,0
2023-09-08,Store_2,Product_4,26,77,0
2023-09-08,Store_2,Product_5,74,59,0
2023-09-08,Store_2,Product_6,61,59,0
2023-09-08,Store_2,Product_7,35,83,0
2023-09-08,Store_2,Product_8,10,196,0
2023-09-08,Store_2,Product_9,68,187,0
2023-09-08,Store_2,Product_10,51,156,0
2023-09-08,Store_3,Product_1,30,106,0
2023-09-08,Store_3,Product_2,84,96,0
2023-09-08,Store_3,Product_3,107,57,1
2023-09-08,Store_3,Product_4,25,54,1
2023-09-08,Store_3,Product_5,65,117,0
2023-09-08,Store_3,Product_6,58,54,0
2023-09-08,Store_3,Product_7,44,142,0
2023-09-08,Store_3,Product_8,11,72,0
2023-09-08,Store_3,Product_9,82,121,0
2023-09-08,Store_3,Product_10,23,50,0
2023-09-08,Store_4,Product_1,58,161,0
2023-09-08,Store_4,Product_2,83,145,0
2023-09-08,Store_4,Product_3,25,140,0
2023-09-08,Store_4,Product_4,31,130,0
2023-09-08,Store_4,Product_5,26,143,0
2023-09-08,Store_4,Product_6,74,66,0
2023-09-08,Store_4,Product_7,55,97,0
2023-09-08,Store_4,Product_8,22,107,0
2023-09-08,Store_4,Product_9,18,140,0
2023-09-08,Store_4,Product_10,85,90,0
2023-09-08,Store_5,Product_1,58,115,0
2023-09-08,Store_5,Product_2,42,163,0
2023-09-08,Store_5,Product_3,65,82,0
2023-09-08,Store_5,Product_4,68,110,0
2023-09-08,Store_5,Product_5,58,182,0
2023-09-08,Store_5,Product_6,34,169,0
2023-09-08,Store_5,Product_7,38,141,0
2023-09-08,Store_5,Product_8,90,160,0
2023-09-08,Store_5,Product_9,92,84,0
2023-09-08,Store_5,Product_10,33,173,0
2023-09-09,Store_1,Product_1,28,131,0
2023-09-09,Store_1,Product_2,73,143,0
2023-09-09,Store_1,Product_3,83,89,1
2023-09-09,Store_1,Product_4,87,187,1
2023-09-09,Store_1,Product_5,72,182,0
2023-09-09,Store_1,Product_6,26,198,0
2023-09-09,Store_1,Product_7,8,195,0
2023-09-09,Store_1,Product_8,43,60,1
2023-09-09,Store_1,Product_9,39,94,0
2023-09-09,Store_1,Product_10,86,113,0
2023-09-09,Store_2,Product_1,35,194,0
2023-09-09,Store_2,Product_2,36,149,0
2023-09-09,Store_2,Product_3,18,59,0
2023-09-09,Store_2,Product_4,66,63,0
2023-09-09,Store_2,Product_5,10,189,0
2023-09-09,Store_2,Product_6,72,109,0
2023-09-09,Store_2,Product_7,45,93,0
2023-09-09,Store_2,Product_8,55,114,0
2023-09-09,Store_2,Product_9,21,119,1
2023-09-09,Store_2,Product_10,62,161,0
2023-09-09,Store_3,Product_1,30,109,0
2023-09-09,Store_3,Product_2,58,159,0
2023-09-09,Store_3,Product_3,31,152,0
2023-09-09,Store_3,Product_4,31,86,0
2023-09-09,Store_3,Product_5,80,88,0
2023-09-09,Store_3,Product_6,47,69,0
2023-09-09,Store_3,Product_7,27,116,0
2023-09-09,Store_3,Product_8,33,175,0
2023-09-09,Store_3,Product_9,46,102,0
2023-09-09,Store_3,Product_10,12,159,1
2023-09-09,Store_4,Product_1,36,140,0
2023-09-09,Store_4,Product_2,66,105,0
2023-09-09,Store_4,Product_3,65,181,1
2023-09-09,Store_4,Product_4,33,101,0
2023-09-09,Store_4,Product_5,48,80,0
2023-09-09,Store_4,Product_6,88,187,0
2023-09-09,Store_4,Product_7,70,130,0
2023-09-09,Store_4,Product_8,16,54,0
2023-09-09,Store_4,Product_9,72,77,1
2023-09-09,Store_4,Product_10,74,87,0
2023-09-09,Store_5,Product_1,79,132,0
2023-09-09,Store_5,Product_2,13,58,0
2023-09-09,Store_5,Product_3,82,170,0
2023-09-09,Store_5,Product_4,24,156,0
2023-09-09,Store_5,Product_5,40,115,0
2023-09-09,Store_5,Product_6,11,134,0
2023-09-09,Store_5,Product_7,41,175,0
2023-09-09,Store_5,Product_8,63,74,0
2023-09-09,Store_5,Product_9,61,74,0
2023-09-09,Store_5,Product_10,44,86,0
2023-09-10,Store_1,Product_1,56,158,0
2023-09-10,Store_1,Product_2,55,114,0
2023-09-10,Store_1,Product_3,87,93,0
2023-09-10,Store_1,Product_4,75,189,0
2023-09-10,Store_1,Product_5,27,147,0
2023-09-10,Store_1,Product_6,33,152,0
2023-09-10,Store_1,Product_7,89,187,1
2023-09-10,Store_1,Product_8,21,132,0
2023-09-10,Store_1,Product_9,24,184,0
2023-09-10,Store_1,Product_10,44,142,0
2023-09-10,Store_2,Product_1,31,93,0
2023-09-10,Store_2,Product_2,46,140,1
2023-09-10,Store_2,Product_3,23,171,0
2023-09-10,Store_2,Product_4,67,119,0
2023-09-10,Store_2,Product_5,23,185,1
2023-09-10,Store_2,Product_6,45,195,0
2023-09-10,Store_2,Product_7,49,143,0
2023-09-10,Store_2,Product_8,47,97,0
2023-09-10,Store_2,Product_9,80,199,0
2023-09-10,Store_2,Product_10,36,135,0
2023-09-10,Store_3,Product_1,63,107,0
2023-09-10,Store_3,Product_2,35,94,1
2023-09-10,Store_3,Product_3,77,152,0
2023-09-10,Store_3,Product_4,40,147,0
2023-09-10,Store_3,Product_5,59,169,0
2023-09-10,Store_3,Product_6,25,174,0
2023-09-10,Store_3,Product_7,50,92,0
2023-09-10,Store_3,Product_8,53,164,0
2023-09-10,Store_3,Product_9,33,163,0
2023-09-10,Store_3,Product_10,37,193,0
2023-09-10,Store_4,Product_1,85,189,1
2023-09-10,Store_4,Product_2,64,116,0
2023-09-10,Store_4,Product_3,76,175,0
2023-09-10,Store_4,Product_4,34,157,0
2023-09-10,Store_4,Product_5,19,114,0
2023-09-10,Store_4,Product_6,36,66,0
2023-09-10,Store_4,Product_7,24,75,0
2023-09-10,Store_4,Product_8,88,149,0
2023-09-10,Store_4,Product_9,17,61,1
2023-09-10,Store_4,Product_10,86,74,0
2023-09-10,Store_5,Product_1,19,121,0
2023-09-10,Store_5,Product_2,41,151,0
2023-09-10,Store_5,Product_3,22,96,0
2023-09-10,Store_5,Product_4,97,99,1
2023-09-10,Store_5,Product_5,28,129,0
2023-09-10,Store_5,Product_6,56,163,1
2023-09-10,Store_5,Product_7,48,115,1
2023-09-10,Store_5,Product_8,37,96,0
2023-09-10,Store_5,Product_9,68,93,0
2023-09-10,Store_5,Product_10,103,138,1
2023-09-11,Store_1,Product_1,65,101,0
2023-09-11,Store_1,Product_2,29,181,0
2023-09-11,Store_1,Product_3,33,82,0
2023-09-11,Store_1,Product_4,69,157,0
2023-09-11,Store_1,Product_5,54,164,0
2023-09-11,Store_1,Product_6,84,58,0
2023-09-11,Store_1,Product_7,109,177,1
2023-09-11,Store_1,Product_8,49,53,0
2023-09-11,Store_1,Product_9,105,112,1
2023-09-11,Store_1,Product_10,44,114,1
2023-09-11,Store_2,Product_1,51,96,0
2023-09-11,Store_2,Product_2,36,63,1
2023-09-11,Store_2,Product_3,26,126,0
2023-09-11,Store_2,Product_4,30,99,0
2023-09-11,Store_2,Product_5,32,106,0
2023-09-11,Store_2,Product_6,91,100,1
2023-09-11,Store_2,Product_7,79,109,0
2023-09-11,Store_2,Product_8,97,163,1
2023-09-11,Store_2,Product_9,62,144,0
2023-09-11,Store_2,Product_10,26,73,0
2023-09-11,Store_3,Product_1,82,136,0
2023-09-11,Store_3,Product_2,78,102,0
2023-09-11,Store_3,Product_3,78,110,0
2023-09-11,Store_3,Product_4,15,103,0
2023-09-11,Store_3,Product_5,50,197,0
2023-09-11,Store_3,Product_6,66,153,0
2023-09-11,Store_3,Product_7,34,163,0
2023-09-11,Store_3,Product_8,52,167,0
2023-09-11,Store_3,Product_9,71,99,0
2023-09-11,Store_3,Product_10,55,145,0
2023-09-11,Store_4,Product_1,49,55,0
2023-09-11,Store_4,Product_2,90,125,0
2023-09-11,Store_4,Product_3,56,137,0
2023-09-11,Store_4,Product_4,73,66,0
2023-09-11,Store_4,Product_5,58,135,0
2023-09-11,Store_4,Product_6,23,60,0
2023-09-11,Store_4,Product_7,42,101,0
2023-09-11,Store_4,Product_8,91,64,1
2023-09-11,Store_4,Product_9,11,196,0
2023-09-11,Store_4,Product_10,53,175,0
2023-09-11,Store_5,Product_1,34,147,1
2023-09-11,Store_5,Product_2,49,162,0
2023-09-11,Store_5,Product_3,22,89,0
2023-09-11,Store_5,Product_4,92,198,1
2023-09-11,Store_5,Product_5,54,80,1
2023-09-11,Store_5,Product_6,61,130,0
2023-09-11,Store_5,Product_7,90,104,0
2023-09-11,Store_5,Product_8,62,141,0
2023-09-11,Store_5,Product_9,62,52,0
2023-09-11,Store_5,Product_10,86,99,0
2023-09-12,Store_1,Product_1,65,106,1
2023-09-12,Store_1,Product_2,41,73,0
2023-09-12,Store_1,Product_3,69,77,0
2023-09-12,Store_1,Product_4,87,145,0
2023-09-12,Store_1,Product_5,82,51,0
2023-09-12,Store_1,Product_6,39,136,0
2023-09-12,Store_1,Product_7,79,68,1
2023-09-12,Store_1,Product_8,71,169,0
2023-09-12,Store_1,Product_9,30,196,0
2023-09-12,Store_1,Product_10,5,173,0
2023-09-12,Store_2,Product_1,78,178,0
2023-09-12,Store_2,Product_2,50,100,0
2023-09-12,Store_2,Product_3,61,57,0
2023-09-12,Store_2,Product_4,61,108,0
2023-09-12,Store_2,Product_5,64,87,1
2023-09-12,Store_2,Product_6,33,166,0
2023-09-12,Store_2,Product_7,28,96,0
2023-09-12,Store_2,Product_8,14,160,0
2023-09-12,Store_2,Product_9,49,57,0
2023-09-12,Store_2,Product_10,79,68,0
2023-09-12,Store_3,Product_1,25,83,0
2023-09-12,Store_3,Product_2,60,168,0
2023-09-12,Store_3,Product_3,40,80,0
2023-09-12,Store_3,Product_4,23,58,0
2023-09-12,Store_3,Product_5,37,194,0
2023-09-12,Store_3,Product_6,55,69,0
2023-09-12,Store_3,Product_7,21,126,0
2023-09-12,Store_3,Product_8,57,191,0
2023-09-12,Store_3,Product_9,54,61,0
2023-09-12,Store_3,Product_10,70,139,0
2023-09-12,Store_4,Product_1,31,162,0
2023-09-12,Store_4,Product_2,51,112,0
2023-09-12,Store_4,Product_3,18,89,0
2023-09-12,Store_4,Product_4,16,68,1
2023-09-12,Store_4,Product_5,32,77,0
2023-09-12,Store_4,Product_6,49,93,0
2023-09-12,Store_4,Product_7,94,53,0
2023-09-12,Store_4,Product_8,43,108,0
2023-09-12,Store_4,Product_9,67,157,0
2023-09-12,Store_4,Product_10,33,186,1
2023-09-12,Store_5,Product_1,25,55,0
2023-09-12,Store_5,Product_2,36,66,0
2023-09-12,Store_5,Product_3,28,148,0
2023-09-12,Store_5,Product_4,54,144,0
2023-09-12,Store_5,Product_5,25,101,0
2023-09-12,Store_5,Product_6,58,60,1
2023-09-12,Store_5,Product_7,19,88,0
2023-09-12,Store_5,Product_8,84,90,1
2023-09-12,Store_5,Product_9,32,182,0
2023-09-12,Store_5,Product_10,34,146,0
2023-09-13,Store_1,Product_1,46,181,0
2023-09-13,Store_1,Product_2,83,51,0
2023-09-13,Store_1,Product_3,91,177,0
2023-09-13,Store_1,Product_4,25,111,0
2023-09-13,Store_1,Product_5,71,174,0
2023-09-13,Store_1,Product_6,71,178,0
2023-09-13,Store_1,Product_7,43,122,0
2023-09-13,Store_1,Product_8,54,177,0
2023-09-13,Store_1,Product_9,27,97,0
2023-09-13,Store_1,Product_10,53,79,1
2023-09-13,Store_2,Product_1,12,65,0
2023-09-13,Store_2,Product_2,43,86,0
2023-09-13,Store_2,Product_3,8,167,1
2023-09-13,Store_2,Product_4,24,50,1
2023-09-13,Store_2,Product_5,86,81,0
2023-09-13,Store_2,Product_6,58,127,0
2023-09-13,Store_2,Product_7,50,90,0
2023-09-13,Store_2,Product_8,59,50,0
2023-09-13,Store_2,Product_9,25,171,0
2023-09-13,Store_2,Product_10,73,109,0
2023-09-13,Store_3,Product_1,22,76,0
2023-09-13,Store_3,Product_2,47,132,0
2023-09-13,Store_3,Product_3,19,89,1
2023-09-13,Store_3,Product_4,82,113,0
2023-09-13,Store_3,Product_5,47,152,1
2023-09-13,Store_3,Product_6,23,173,1
2023-09-13,Store_3,Product_7,54,54,0
2023-09-13,Store_3,Product_8,35,80,0
2023-09-13,Store_3,Product_9,92,61,0
2023-09-13,Store_3,Product_10,36,166,0
2023-09-13,Store_4,Product_1,37,189,0
2023-09-13,Store_4,Product_2,59,68,0
2023-09-13,Store_4,Product_3,63,100,0
2023-09-13,Store_4,Product_4,51,84,0
2023-09-13,Store_4,Product_5,95,137,1
2023-09-13,Store_4,Product_6,93,73,0
2023-09-13,Store_4,Product_7,76,129,0
2023-09-13,Store_4,Product_8,82,90,0
2023-09-13,Store_4,Product_9,59,185,0
2023-09-13,Store_4,Product_10,52,110,0
2023-09-13,Store_5,Product_1,68,84,0
2023-09-13,Store_5,Product_2,35,87,0
2023-09-13,Store_5,Product_3,95,56,1
2023-09-13,Store_5,Product_4,54,154,0
2023-09-13,Store_5,Product_5,31,134,0
2023-09-13,Store_5,Product_6,13,166,0
2023-09-13,Store_5,Product_7,69,183,0
2023-09-13,Store_5,Product_8,63,169,0
2023-09-13,Store_5,Product_9,43,158,0
2023-09-13,Store_5,Product_10,75,128,1
2023-09-14,Store_1,Product_1,45,175,0
2023-09-14,Store_1,Product_2,44,68,0
2023-09-14,Store_1,Product_3,40,126,0
2023-09-14,Store_1,Product_4,37,188,0
2023-09-14,Store_1,Product_5,70,62,0
2023-09-14,Store_1,Product_6,59,70,0
2023-09-14,Store_1,Product_7,24,175,0
2023-09-14,Store_1,Product_8,106,162,1
2023-09-14,Store_1,Product_9,70,142,0
2023-09-14,Store_1,Product_10,80,160,0
2023-09-14,Store_2,Product_1,81,169,0
2023-09-14,Store_2,Product_2,43,104,0
2023-09-14,Store_2,Product_3,49,131,0
2023-09-14,Store_2,Product_4,11,108,0
2023-09-14,Store_2,Product_5,12,106,0
2023-09-14,Store_2,Product_6,71,172,0
2023-09-14,Store_2,Product_7,45,157,0
2023-09-14,Store_2,Product_8,97,98,0
2023-09-14,Store_2,Product_9,39,51,0
2023-09-14,Store_2,Product_10,87,113,0
2023-09-14,Store_3,Product_1,69,55,0
2023-09-14,Store_3,Product_2,86,155,0
2023-09-14,Store_3,Product_3,30,79,0
2023-09-14,Store_3,Product_4,25,78,0
2023-09-14,Store_3,Product_5,66,85,0
2023-09-14,Store_3,Product_6,21,184,0
2023-09-14,Store_3,Product_7,10,128,0
2023-09-14,Store_3,Product_8,50,170,0
2023-09-14,Store_3,Product_9,66,76,0
2023-09-14,Store_3,Product_10,82,59,0
2023-09-14,Store_4,Product_1,22,170,1
2023-09-14,Store_4,Product_2,14,178,0
2023-09-14,Store_4,Product_3,97,98,1
2023-09-14,Store_4,Product_4,82,142,0
2023-09-14,Store_4,Product_5,85,180,0
2023-09-14,Store_4,Product_6,26,186,0
2023-09-14,Store_4,Product_7,7,71,0
2023-09-14,Store_4,Product_8,61,198,0
2023-09-14,Store_4,Product_9,73,153,1
2023-09-14,Store_4,Product_10,56,70,0
2023-09-14,Store_5,Product_1,75,56,1
2023-09-14,Store_5,Product_2,39,174,0
2023-09-14,Store_5,Product_3,90,64,0
2023-09-14,Store_5,Product_4,83,130,0
2023-09-14,Store_5,Product_5,86,164,0
2023-09-14,Store_5,Product_6,63,120,0
2023-09-14,Store_5,Product_7,69,81,0
2023-09-14,Store_5,Product_8,64,50,0
2023-09-14,Store_5,Product_9,47,91,1
2023-09-14,Store_5,Product_10,42,110,0
2023-09-15,Store_1,Product_1,51,196,0
2023-09-15,Store_1,Product_2,37,59,0
2023-09-15,Store_1,Product_3,25,181,0
2023-09-15,Store_1,Product_4,12,164,0
2023-09-15,Store_1,Product_5,42,69,0
2023-09-15,Store_1,Product_6,50,73,0
2023-09-15,Store_1,Product_7,40,66,0
2023-09-15,Store_1,Product_8,28,51,0
2023-09-15,Store_1,Product_9,75,60,0
2023-09-15,Store_1,Product_10,83,177,1
2023-09-15,Store_2,Product_1,25,67,1
2023-09-15,Store_2,Product_2,53,110,0
2023-09-15,Store_2,Product_3,33,114,1
2023-09-15,Store_2,Product_4,46,91,1
2023-09-15,Store_2,Product_5,53,51,0
2023-09-15,Store_2,Product_6,34,189,0
2023-09-15,Store_2,Product_7,49,114,0
2023-09-15,Store_2,Product_8,77,188,0
2023-09-15,Store_2,Product_9,71,194,0
2023-09-15,Store_2,Product_10,69,113,0
2023-09-15,Store_3,Product_1,68,159,0
2023-09-15,Store_3,Product_2,61,97,0
2023-09-15,Store_3,Product_3,40,105,0
2023-09-15,Store_3,Product_4,96,145,0
2023-09-15,Store_3,Product_5,101,148,1
2023-09-15,Store_3,Product_6,60,171,0
2023-09-15,Store_3,Product_7,75,148,1
2023-09-15,Store_3,Product_8,17,156,0
2023-09-15,Store_3,Product_9,46,101,0
2023-09-15,Store_3,Product_10,56,149,0
2023-09-15,Store_4,Product_1,83,126,0
2023-09-15,Store_4,Product_2,93,199,0
2023-09-15,Store_4,Product_3,31,99,1
2023-09-15,Store_4,Product_4,27,169,0
2023-09-15,Store_4,Product_5,44,116,1
2023-09-15,Store_4,Product_6,88,91,0
2023-09-15,Store_4,Product_7,59,157,0
2023-09-15,Store_4,Product_8,68,196,0
2023-09-15,Store_4,Product_9,97,187,1
2023-09-15,Store_4,Product_10,24,113,0
2023-09-15,Store_5,Product_1,80,154,0
2023-09-15,Store_5,Product_2,5,199,0
2023-09-15,Store_5,Product_3,13,132,0
2023-09-15,Store_5,Product_4,77,104,0
2023-09-15,Store_5,Product_5,41,160,0
2023-09-15,Store_5,Product_6,19,68,1
2023-09-15,Store_5,Product_7,47,137,1
2023-09-15,Store_5,Product_8,82,116,1
2023-09-15,Store_5,Product_9,40,181,0
2023-09-15,Store_5,Product_10,70,138,0
2023-09-16,Store_1,Product_1,32,101,0
2023-09-16,Store_1,Product_2,31,164,0
2023-09-16,Store_1,Product_3,46,126,0
2023-09-16,Store_1,Product_4,39,94,1
2023-09-16,Store_1,Product_5,35,154,0
2023-09-16,Store_1,Product_6,46,160,0
2023-09-16,Store_1,Product_7,51,114,1
2023-09-16,Store_1,Product_8,13,70,0
2023-09-16,Store_1,Product_9,45,130,1
2023-09-16,Store_1,Product_10,61,181,1
2023-09-16,Store_2,Product_1,38,191,0
2023-09-16,Store_2,Product_2,46,135,0
2023-09-16,Store_2,Product_3,17,191,0
2023-09-16,Store_2,Product_4,66,189,0
2023-09-16,Store_2,Product_5,37,191,1
2023-09-16,Store_2,Product_6,84,149,0
2023-09-16,Store_2,Product_7,51,197,0
2023-09-16,Store_2,Product_8,80,161,0
2023-09-16,Store_2,Product_9,74,76,0
2023-09-16,Store_2,Product_10,32,194,1
2023-09-16,Store_3,Product_1,46,91,0
2023-09-16,Store_3,Product_2,74,97,0
2023-09-16,Store_3,Product_3,20,183,0
2023-09-16,Store_3,Product_4,54,126,0
2023-09-16,Store_3,Product_5,75,157,0
2023-09-16,Store_3,Product_6,55,64,1
2023-09-16,Store_3,Product_7,11,173,0
2023-09-16,Store_3,Product_8,71,99,0
2023-09-16,Store_3,Product_9,86,146,0
2023-09-16,Store_3,Product_10,60,147,0
2023-09-16,Store_4,Product_1,34,105,0
2023-09-16,Store_4,Product_2,40,150,0
2023-09-16,Store_4,Product_3,58,78,0
2023-09-16,Store_4,Product_4,59,125,0
2023-09-16,Store_4,Product_5,66,111,0
2023-09-16,Store_4,Product_6,60,130,0
2023-09-16,Store_4,Product_7,99,159,1
2023-09-16,Store_4,Product_8,44,175,0
2023-09-16,Store_4,Product_9,21,168,0
2023-09-16,Store_4,Product_10,60,162,1
2023-09-16,Store_5,Product_1,59,118,0
2023-09-16,Store_5,Product_2,37,145,0
2023-09-16,Store_5,Product_3,30,148,0
2023-09-16,Store_5,Product_4,76,135,0
2023-09-16,Store_5,Product_5,60,155,0
2023-09-16,Store_5,Product_6,62,154,1
2023-09-16,Store_5,Product_7,89,190,0
2023-09-16,Store_5,Product_8,44,82,0
2023-09-16,Store_5,Product_9,56,172,1
2023-09-16,Store_5,Product_10,73,52,0
2023-09-17,Store_1,Product_1,13,83,0
2023-09-17,Store_1,Product_2,72,195,0
2023-09-17,Store_1,Product_3,43,137,0
2023-09-17,Store_1,Product_4,43,125,0
2023-09-17,Store_1,Product_5,100,103,1
2023-09-17,Store_1,Product_6,33,174,0
2023-09-17,Store_1,Product_7,91,173,0
2023-09-17,Store_1,Product_8,22,183,0
2023-09-17,Store_1,Product_9,55,187,0
2023-09-17,Store_1,Product_10,48,51,0
2023-09-17,Store_2,Product_1,51,86,1
2023-09-17,Store_2,Product_2,8,177,0
2023-09-17,Store_2,Product_3,85,149,0
2023-09-17,Store_2,Product_4,21,106,0
2023-09-17,Store_2,Product_5,26,114,0
2023-09-17,Store_2,Product_6,71,69,1
2023-09-17,Store_2,Product_7,24,103,0
2023-09-17,Store_2,Product_8,19,189,0
2023-09-17,Store_2,Product_9,22,144,1
2023-09-17,Store_2,Product_10,39,70,0
2023-09-17,Store_3,Product_1,31,149,1
2023-09-17,Store_3,Product_2,52,165,1
2023-09-17,Store_3,Product_3,42,98,0
2023-09-17,Store_3,Product_4,38,162,1
2023-09-17,Store_3,Product_5,60,56,0
2023-09-17,Store_3,Product_6,40,181,0
2023-09-17,Store_3,Product_7,10,137,0
2023-09-17,Store_3,Product_8,18,150,0
2023-09-17,Store_3,Product_9,89,70,1
2023-09-17,Store_3,Product_10,37,189,0
2023-09-17,Store_4,Product_1,51,158,0
2023-09-17,Store_4,Product_2,18,148,0
2023-09-17,Store_4,Product_3,51,140,0
2023-09-17,Store_4,Product_4,54,149,0
2023-09-17,Store_4,Product_5,91,150,1
2023-09-17,Store_4,Product_6,71,173,0
2023-09-17,Store_4,Product_7,81,73,0
2023-09-17,Store_4,Product_8,75,71,0
2023-09-17,Store_4,Product_9,55,128,1
2023-09-17,Store_4,Product_10,64,71,1
2023-09-17,Store_5,Product_1,29,56,0
2023-09-17,Store_5,Product_2,71,189,0
2023-09-17,Store_5,Product_3,81,155,1
2023-09-17,Store_5,Product_4,62,87,0
2023-09-17,Store_5,Product_5,21,157,1
2023-09-17,Store_5,Product_6,14,189,0
2023-09-17,Store_5,Product_7,11,159,0
2023-09-17,Store_5,Product_8,89,54,1
2023-09-17,Store_5,Product_9,85,89,0
2023-09-17,Store_5,Product_10,66,166,0
2023-09-18,Store_1,Product_1,19,103,0
2023-09-18,Store_1,Product_2,72,190,0
2023-09-18,Store_1,Product_3,33,162,0
2023-09-18,Store_1,Product_4,89,97,1
2023-09-18,Store_1,Product_5,51,186,0
2023-09-18,Store_1,Product_6,82,82,0
2023-09-18,Store_1,Product_7,101,178,1
2023-09-18,Store_1,Product_8,21,118,0
2023-09-18,Store_1,Product_9,77,160,1
2023-09-18,Store_1,Product_10,33,101,0
2023-09-18,Store_2,Product_1,48,190,0
2023-09-18,Store_2,Product_2,106,79,1
2023-09-18,Store_2,Product_3,58,145,0
2023-09-18,Store_2,Product_4,27,138,1
2023-09-18,Store_2,Product_5,76,106,0
2023-09-18,Store_2,Product_6,61,71,0
2023-09-18,Store_2,Product_7,55,84,0
2023-09-18,Store_2,Product_8,67,164,1
2023-09-18,Store_2,Product_9,68,164,0
2023-09-18,Store_2,Product_10,74,165,0
2023-09-18,Store_3,Product_1,35,80,0
2023-09-18,Store_3,Product_2,11,128,0
2023-09-18,Store_3,Product_3,40,164,0
2023-09-18,Store_3,Product_4,43,100,0
2023-09-18,Store_3,Product_5,52,101,0
2023-09-18,Store_3,Product_6,66,180,0
2023-09-18,Store_3,Product_7,57,179,0
2023-09-18,Store_3,Product_8,50,140,0
2023-09-18,Store_3,Product_9,63,111,1
2023-09-18,Store_3,Product_10,47,120,0
2023-09-18,Store_4,Product_1,27,71,0
2023-09-18,Store_4,Product_2,62,154,0
2023-09-18,Store_4,Product_3,83,62,0
2023-09-18,Store_4,Product_4,51,132,0
2023-09-18,Store_4,Product_5,37,176,0
2023-09-18,Store_4,Product_6,68,170,0
2023-09-18,Store_4,Product_7,22,69,1
2023-09-18,Store_4,Product_8,31,117,0
2023-09-18,Store_4,Product_9,62,154,0
2023-09-18,Store_4,Product_10,12,99,0
2023-09-18,Store_5,Product_1,84,194,0
2023-09-18,Store_5,Product_2,42,75,0
2023-09-18,Store_5,Product_3,108,153,1
2023-09-18,Store_5,Product_4,50,125,0
2023-09-18,Store_5,Product_5,43,115,1
2023-09-18,Store_5,Product_6,96,80,0
2023-09-18,Store_5,Product_7,93,160,0
2023-09-18,Store_5,Product_8,56,90,0
2023-09-18,Store_5,Product_9,25,159,0
2023-09-18,Store_5,Product_10,37,113,0
2023-09-19,Store_1,Product_1,86,157,0
2023-09-19,Store_1,Product_2,83,140,0
2023-09-19,Store_1,Product_3,24,93,0
2023-09-19,Store_1,Product_4,44,95,1
2023-09-19,Store_1,Product_5,75,84,0
2023-09-19,Store_1,Product_6,25,143,0
2023-09-19,Store_1,Product_7,83,195,0
2023-09-19,Store_1,Product_8,79,145,0
2023-09-19,Store_1,Product_9,67,76,1
2023-09-19,Store_1,Product_10,21,194,1
2023-09-19,Store_2,Product_1,40,175,0
2023-09-19,Store_2,Product_2,24,100,0
2023-09-19,Store_2,Product_3,61,66,0
2023-09-19,Store_2,Product_4,75,157,1
2023-09-19,Store_2,Product_5,19,176,0
2023-09-19,Store_2,Product_6,20,80,0
2023-09-19,Store_2,Product_7,94,97,1
2023-09-19,Store_2,Product_8,68,63,0
2023-09-19,Store_2,Product_9,24,57,0
2023-09-19,Store_2,Product_10,49,64,0
2023-09-19,Store_3,Product_1,26,199,0
2023-09-19,Store_3,Product_2,77,164,0
2023-09-19,Store_3,Product_3,108,63,1
2023-09-19,Store_3,Product_4,75,125,0
2023-09-19,Store_3,Product_5,22,72,0
2023-09-19,Store_3,Product_6,79,179,0
2023-09-19,Store_3,Product_7,42,66,0
2023-09-19,Store_3,Product_8,63,164,0
2023-09-19,Store_3,Product_9,91,192,0
2023-09-19,Store_3,Product_10,46,185,0
2023-09-19,Store_4,Product_1,70,67,0
2023-09-19,Store_4,Product_2,46,61,0
2023-09-19,Store_4,Product_3,52,129,0
2023-09-19,Store_4,Product_4,27,124,0
2023-09-19,Store_4,Product_5,19,69,0
2023-09-19,Store_4,Product_6,98,195,0
2023-09-19,Store_4,Product_7,51,61,1
2023-09-19,Store_4,Product_8,26,102,0
2023-09-19,Store_4,Product_9,17,109,0
2023-09-19,Store_4,Product_10,52,67,0
2023-09-19,Store_5,Product_1,71,97,1
2023-09-19,Store_5,Product_2,48,130,0
2023-09-19,Store_5,Product_3,77,80,0
2023-09-19,Store_5,Product_4,90,57,1
2023-09-19,Store_5,Product_5,38,189,0
2023-09-19,Store_5,Product_6,27,106,0
2023-09-19,Store_5,Product_7,25,195,0
2023-09-19,Store_5,Product_8,26,78,0
2023-09-19,Store_5,Product_9,79,103,0
2023-09-19,Store_5,Product_10,68,104,0
2023-09-20,Store_1,Product_1,41,196,0
2023-09-20,Store_1,Product_2,59,143,0
2023-09-20,Store_1,Product_3,53,111,0
2023-09-20,Store_1,Product_4,14,126,1
2023-09-20,Store_1,Product_5,59,190,1
2023-09-20,Store_1,Product_6,66,104,0
2023-09-20,Store_1,Product_7,20,145,0
2023-09-20,Store_1,Product_8,91,188,0
2023-09-20,Store_1,Product_9,63,135,0
2023-09-20,Store_1,Product_10,17,96,0
2023-09-20,Store_2,Product_1,27,168,1
2023-09-20,Store_2,Product_2,65,176,0
2023-09-20,Store_2,Product_3,79,182,0
2023-09-20,Store_2,Product_4,87,106,0
2023-09-20,Store_2,Product_5,75,119,0
2023-09-20,Store_2,Product_6,27,166,1
2023-09-20,Store_2,Product_7,43,55,0
2023-09-20,Store_2,Product_8,15,168,0
2023-09-20,Store_2,Product_9,68,150,0
2023-09-20,Store_2,Product_10,22,110,0
2023-09-20,Store_3,Product_1,41,102,0
2023-09-20,Store_3,Product_2,51,77,0
2023-09-20,Store_3,Product_3,71,133,0
2023-09-20,Store_3,Product_4,52,101,0
2023-09-20,Store_3,Product_5,51,85,0
2023-09-20,Store_3,Product_6,76,182,0
2023-09-20,Store_3,Product_7,21,147,0
2023-09-20,Store_3,Product_8,58,123,0
2023-09-20,Store_3,Product_9,43,87,0
2023-09-20,Store_3,Product_10,45,122,1
2023-09-20,Store_4,Product_1,38,149,0
2023-09-20,Store_4,Product_2,55,150,0
2023-09-20,Store_4,Product_3,53,114,0
2023-09-20,Store_4,Product_4,45,83,0
2023-09-20,Store_4,Product_5,80,61,0
2023-09-20,Store_4,Product_6,71,55,1
2023-09-20,Store_4,Product_7,93,126,0
2023-09-20,Store_4,Product_8,70,139,1
2023-09-20,Store_4,Product_9,99,182,1
2023-09-20,Store_4,Product_10,69,68,0
2023-09-20,Store_5,Product_1,79,115,0
2023-09-20,Store_5,Product_2,93,88,0
2023-09-20,Store_5,Product_3,74,147,1
2023-09-20,Store_5,Product_4,64,127,0
2023-09-20,Store_5,Product_5,53,82,0
2023-09-20,Store_5,Product_6,88,51,0
2023-09-20,Store_5,Product_7,38,97,0
2023-09-20,Store_5,Product_8,81,132,0
2023-09-20,Store_5,Product_9,15,158,0
2023-09-20,Store_5,Product_10,83,78,0
2023-09-21,Store_1,Product_1,99,68,1
2023-09-21,Store_1,Product_2,38,144,0
2023-09-21,Store_1,Product_3,91,181,0
2023-09-21,Store_1,Product_4,67,163,0
2023-09-21,Store_1,Product_5,29,182,1
2023-09-21,Store_1,Product_6,83,150,0
2023-09-21,Store_1,Product_7,23,184,0
2023-09-21,Store_1,Product_8,49,57,0
2023-09-21,Store_1,Product_9,68,179,0
2023-09-21,Store_1,Product_10,68,181,0
2023-09-21,Store_2,Product_1,51,197,1
2023-09-21,Store_2,Product_2,19,180,0
2023-09-21,Store_2,Product_3,73,113,0
2023-09-21,Store_2,Product_4,51,129,0
2023-09-21,Store_2,Product_5,86,159,0
2023-09-21,Store_2,Product_6,88,85,0
2023-09-21,Store_2,Product_7,40,125,0
2023-09-21,Store_2,Product_8,31,170,0
2023-09-21,Store_2,Product_9,74,59,0
2023-09-21,Store_2,Product_10,48,54,0
2023-09-21,Store_3,Product_1,44,57,0
2023-09-21,Store_3,Product_2,21,58,1
2023-09-21,Store_3,Product_3,78,79,0
2023-09-21,Store_3,Product_4,48,124,1
2023-09-21,Store_3,Product_5,23,110,0
2023-09-21,Store_3,Product_6,13,94,0
2023-09-21,Store_3,Product_7,53,194,0
2023-09-21,Store_3,Product_8,36,99,0
2023-09-21,Store_3,Product_9,97,164,1
2023-09-21,Store_3,Product_10,25,106,0
2023-09-21,Store_4,Product_1,46,103,0
2023-09-21,Store_4,Product_2,74,123,1
2023-09-21,Store_4,Product_3,67,184,1
2023-09-21,Store_4,Product_4,27,97,0
2023-09-21,Store_4,Product_5,61,112,0
2023-09-21,Store_4,Product_6,61,92,1
2023-09-21,Store_4,Product_7,20,182,0
2023-09-21,Store_4,Product_8,75,95,0
2023-09-21,Store_4,Product_9,42,131,0
2023-09-21,Store_4,Product_10,39,163,0
2023-09-21,Store_5,Product_1,77,194,0
2023-09-21,Store_5,Product_2,51,101,0
2023-09-21,Store_5,Product_3,36,103,0
2023-09-21,Store_5,Product_4,24,195,0
2023-09-21,Store_5,Product_5,36,54,0
2023-09-21,Store_5,Product_6,41,101,0
2023-09-21,Store_5,Product_7,9,180,0
2023-09-21,Store_5,Product_8,84,115,1
2023-09-21,Store_5,Product_9,1,112,0
2023-09-21,Store_5,Product_10,17,100,1
2023-09-22,Store_1,Product_1,7,88,0
2023-09-22,Store_1,Product_2,14,154,0
2023-09-22,Store_1,Product_3,11,88,0
2023-09-22,Store_1,Product_4,112,165,1
2023-09-22,Store_1,Product_5,72,182,1
2023-09-22,Store_1,Product_6,22,130,0
2023-09-22,Store_1,Product_7,35,104,0
2023-09-22,Store_1,Product_8,73,109,0
2023-09-22,Store_1,Product_9,51,115,0
2023-09-22,Store_1,Product_10,27,142,0
2023-09-22,Store_2,Product_1,72,194,0
2023-09-22,Store_2,Product_2,56,182,0
2023-09-22,Store_2,Product_3,81,128,0
2023-09-22,Store_2,Product_4,68,112,0
2023-09-22,Store_2,Product_5,69,195,0
2023-09-22,Store_2,Product_6,61,115,0
2023-09-22,Store_2,Product_7,72,193,0
2023-09-22,Store_2,Product_8,61,76,0
2023-09-22,Store_2,Product_9,14,143,1
2023-09-22,Store_2,Product_10,34,114,0
2023-09-22,Store_3,Product_1,22,92,0
2023-09-22,Store_3,Product_2,57,58,1
2023-09-22,Store_3,Product_3,65,143,1
2023-09-22,Store_3,Product_4,71,106,0
2023-09-22,Store_3,Product_5,80,107,1
2023-09-22,Store_3,Product_6,9,77,0
2023-09-22,Store_3,Product_7,87,139,0
2023-09-22,Store_3,Product_8,80,165,1
2023-09-22,Store_3,Product_9,10,101,0
2023-09-22,Store_3,Product_10,11,138,0
2023-09-22,Store_4,Product_1,78,189,0
2023-09-22,Store_4,Product_2,34,108,0
2023-09-22,Store_4,Product_3,49,98,0
2023-09-22,Store_4,Product_4,38,119,0
2023-09-22,Store_4,Product_5,79,192,0
2023-09-22,Store_4,Product_6,59,185,0
2023-09-22,Store_4,Product_7,24,118,0
2023-09-22,Store_4,Product_8,80,69,0
2023-09-22,Store_4,Product_9,54,129,0
2023-09-22,Store_4,Product_10,81,183,0
2023-09-22,Store_5,Product_1,22,71,0
2023-09-22,Store_5,Product_2,70,182,0
2023-09-22,Store_5,Product_3,73,151,0
2023-09-22,Store_5,Product_4,28,134,0
2023-09-22,Store_5,Product_5,36,98,0
2023-09-22,Store_5,Product_6,86,159,0
2023-09-22,Store_5,Product_7,55,194,1
2023-09-22,Store_5,Product_8,44,99,0
2023-09-22,Store_5,Product_9,32,94,1
2023-09-22,Store_5,Product_10,58,82,0
2023-09-23,Store_1,Product_1,30,150,0
2023-09-23,Store_1,Product_2,39,67,0
2023-09-23,Store_1,Product_3,19,90,0
2023-09-23,Store_1,Product_4,52,140,0
2023-09-23,Store_1,Product_5,41,170,0
2023-09-23,Store_1,Product_6,48,109,0
2023-09-23,Store_1,Product_7,81,117,1
2023-09-23,Store_1,Product_8,74,108,1
2023-09-23,Store_1,Product_9,30,144,0
2023-09-23,Store_1,Product_10,70,89,0
2023-09-23,Store_2,Product_1,92,78,1
2023-09-23,Store_2,Product_2,15,147,0
2023-09-23,Store_2,Product_3,86,109,1
2023-09-23,Store_2,Product_4,69,131,0
2023-09-23,Store_2,Product_5,88,121,1
2023-09-23,Store_2,Product_6,59,188,0
2023-09-23,Store_2,Product_7,28,180,0
2023-09-23,Store_2,Product_8,53,185,0
2023-09-23,Store_2,Product_9,29,187,0
2023-09-23,Store_2,Product_10,69,58,0
2023-09-23,Store_3,Product_1,43,132,0
2023-09-23,Store_3,Product_2,85,168,1
2023-09-23,Store_3,Product_3,75,127,0
2023-09-23,Store_3,Product_4,58,69,0
2023-09-23,Store_3,Product_5,18,97,0
2023-09-23,Store_3,Product_6,55,147,0
2023-09-23,Store_3,Product_7,72,91,0
2023-09-23,Store_3,Product_8,73,138,1
2023-09-23,Store_3,Product_9,78,74,1
2023-09-23,Store_3,Product_10,74,88,0
2023-09-23,Store_4,Product_1,21,69,0
2023-09-23,Store_4,Product_2,22,173,0
2023-09-23,Store_4,Product_3,73,82,0
2023-09-23,Store_4,Product_4,28,99,0
2023-09-23,Store_4,Product_5,39,71,0
2023-09-23,Store_4,Product_6,56,93,0
2023-09-23,Store_4,Product_7,44,156,0
2023-09-23,Store_4,Product_8,46,130,0
2023-09-23,Store_4,Product_9,20,82,0
2023-09-23,Store_4,Product_10,79,149,0
2023-09-23,Store_5,Product_1,71,174,0
2023-09-23,Store_5,Product_2,34,106,1
2023-09-23,Store_5,Product_3,26,165,0
2023-09-23,Store_5,Product_4,33,165,0
2023-09-23,Store_5,Product_5,83,163,0
2023-09-23,Store_5,Product_6,50,97,0
2023-09-23,Store_5,Product_7,72,195,1
2023-09-23,Store_5,Product_8,58,174,0
2023-09-23,Store_5,Product_9,43,79,0
2023-09-23,Store_5,Product_10,30,78,0
2023-09-24,Store_1,Product_1,70,154,0
2023-09-24,Store_1,Product_2,60,139,0
2023-09-24,Store_1,Product_3,71,148,0
2023-09-24,Store_1,Product_4,92,108,0
2023-09-24,Store_1,Product_5,27,100,0
2023-09-24,Store_1,Product_6,77,123,1
2023-09-24,Store_1,Product_7,79,78,0
2023-09-24,Store_1,Product_8,72,157,0
2023-09-24,Store_1,Product_9,34,127,0
2023-09-24,Store_1,Product_10,29,75,0
2023-09-24,Store_2,Product_1,45,190,0
2023-09-24,Store_2,Product_2,45,100,1
2023-09-24,Store_2,Product_3,81,147,0
2023-09-24,Store_2,Product_4,34,120,1
2023-09-24,Store_2,Product_5,68,121,0
2023-09-24,Store_2,Product_6,12,154,1
2023-09-24,Store_2,Product_7,73,178,0
2023-09-24,Store_2,Product_8,77,118,0
2023-09-24,Store_2,Product_9,91,186,1
2023-09-24,Store_2,Product_10,43,154,1
2023-09-24,Store_3,Product_1,64,152,0
2023-09-24,Store_3,Product_2,68,57,0
2023-09-24,Store_3,Product_3,64,144,0
2023-09-24,Store_3,Product_4,77,185,0
2023-09-24,Store_3,Product_5,92,130,0
2023-09-24,Store_3,Product_6,72,98,1
2023-09-24,Store_3,Product_7,48,85,1
2023-09-24,Store_3,Product_8,37,128,0
2023-09-24,Store_3,Product_9,38,193,0
2023-09-24,Store_3,Product_10,26,178,0
2023-09-24,Store_4,Product_1,16,64,0
2023-09-24,Store_4,Product_2,51,157,0
2023-09-24,Store_4,Product_3,52,71,0
2023-09-24,Store_4,Product_4,81,155,0
2023-09-24,Store_4,Product_5,81,163,0
2023-09-24,Store_4,Product_6,42,110,1
2023-09-24,Store_4,Product_7,84,63,0
2023-09-24,Store_4,Product_8,79,141,0
2023-09-24,Store_4,Product_9,84,108,1
2023-09-24,Store_4,Product_10,25,194,1
2023-09-24,Store_5,Product_1,19,184,0
2023-09-24,Store_5,Product_2,16,120,0
2023-09-24,Store_5,Product_3,65,146,0
2023-09-24,Store_5,Product_4,46,64,0
2023-09-24,Store_5,Product_5,23,70,0
2023-09-24,Store_5,Product_6,76,90,0
2023-09-24,Store_5,Product_7,50,82,1
2023-09-24,Store_5,Product_8,85,121,1
2023-09-24,Store_5,Product_9,69,173,0
2023-09-24,Store_5,Product_10,4,139,1
2023-09-25,Store_1,Product_1,65,184,1
2023-09-25,Store_1,Product_2,40,89,0
2023-09-25,Store_1,Product_3,19,154,0
2023-09-25,Store_1,Product_4,58,129,0
2023-09-25,Store_1,Product_5,91,52,0
2023-09-25,Store_1,Product_6,92,58,1
2023-09-25,Store_1,Product_7,39,105,0
2023-09-25,Store_1,Product_8,74,95,0
2023-09-25,Store_1,Product_9,40,143,0
2023-09-25,Store_1,Product_10,45,104,1
2023-09-25,Store_2,Product_1,71,106,0
2023-09-25,Store_2,Product_2,50,114,0
2023-09-25,Store_2,Product_3,25,72,1
2023-09-25,Store_2,Product_4,90,153,0
2023-09-25,Store_2,Product_5,80,199,0
2023-09-25,Store_2,Product_6,16,88,0
2023-09-25,Store_2,Product_7,61,164,0
2023-09-25,Store_2,Product_8,14,102,0
2023-09-25,Store_2,Product_9,66,191,0
2023-09-25,Store_2,Product_10,61,70,0
2023-09-25,Store_3,Product_1,24,64,0
2023-09-25,Store_3,Product_2,35,69,0
2023-09-25,Store_3,Product_3,91,60,0
2023-09-25,Store_3,Product_4,79,144,1
2023-09-25,Store_3,Product_5,41,165,0
2023-09-25,Store_3,Product_6,27,161,0
2023-09-25,Store_3,Product_7,60,84,0
2023-09-25,Store_3,Product_8,60,88,0
2023-09-25,Store_3,Product_9,61,153,1
2023-09-25,Store_3,Product_10,17,64,0
2023-09-25,Store_4,Product_1,28,155,0
2023-09-25,Store_4,Product_2,34,93,0
2023-09-25,Store_4,Product_3,34,146,0
2023-09-25,Store_4,Product_4,47,118,0
2023-09-25,Store_4,Product_5,53,159,0
2023-09-25,Store_4,Product_6,88,121,0
2023-09-25,Store_4,Product_7,36,100,0
2023-09-25,Store_4,Product_8,58,132,0
2023-09-25,Store_4,Product_9,79,155,0
2023-09-25,Store_4,Product_10,38,169,0
2023-09-25,Store_5,Product_1,29,91,0
2023-09-25,Store_5,Product_2,61,99,0
2023-09-25,Store_5,Product_3,35,165,0
2023-09-25,Store_5,Product_4,54,79,1
2023-09-25,Store_5,Product_5,19,165,0
2023-09-25,Store_5,Product_6,78,127,0
2023-09-25,Store_5,Product_7,62,198,1
2023-09-25,Store_5,Product_8,51,69,1
2023-09-25,Store_5,Product_9,26,70,0
2023-09-25,Store_5,Product_10,59,108,0
2023-09-26,Store_1,Product_1,87,178,0
2023-09-26,Store_1,Product_2,61,137,1
2023-09-26,Store_1,Product_3,70,120,0
2023-09-26,Store_1,Product_4,14,115,1
2023-09-26,Store_1,Product_5,49,112,0
2023-09-26,Store_1,Product_6,25,129,0
2023-09-26,Store_1,Product_7,22,170,0
2023-09-26,Store_1,Product_8,84,103,0
2023-09-26,Store_1,Product_9,41,188,1
2023-09-26,Store_1,Product_10,59,65,0
2023-09-26,Store_2,Product_1,16,103,1
2023-09-26,Store_2,Product_2,31,83,0
2023-09-26,Store_2,Product_3,26,152,0
2023-09-26,Store_2,Product_4,20,126,1
2023-09-26,Store_2,Product_5,53,118,0
2023-09-26,Store_2,Product_6,74,124,0
2023-09-26,Store_2,Product_7,23,154,0
2023-09-26,Store_2,Product_8,44,119,0
2023-09-26,Store_2,Product_9,75,160,0
2023-09-26,Store_2,Product_10,43,90,0
2023-09-26,Store_3,Product_1,50,118,0
2023-09-26,Store_3,Product_2,30,156,0
2023-09-26,Store_3,Product_3,61,50,0
2023-09-26,Store_3,Product_4,40,180,0
2023-09-26,Store_3,Product_5,54,87,0
2023-09-26,Store_3,Product_6,66,63,0
2023-09-26,Store_3,Product_7,53,133,0
2023-09-26,Store_3,Product_8,45,162,0
2023-09-26,Store_3,Product_9,57,169,0
2023-09-26,Store_3,Product_10,9,185,1
2023-09-26,Store_4,Product_1,42,134,0
2023-09-26,Store_4,Product_2,91,77,0
2023-09-26,Store_4,Product_3,65,87,0
2023-09-26,Store_4,Product_4,36,75,1
2023-09-26,Store_4,Product_5,30,150,0
2023-09-26,Store_4,Product_6,84,118,1
2023-09-26,Store_4,Product_7,23,194,0
2023-09-26,Store_4,Product_8,73,118,0
2023-09-26,Store_4,Product_9,91,88,0
2023-09-26,Store_4,Product_10,12,137,0
2023-09-26,Store_5,Product_1,54,66,0
2023-09-26,Store_5,Product_2,63,166,0
2023-09-26,Store_5,Product_3,25,125,0
2023-09-26,Store_5,Product_4,36,135,0
2023-09-26,Store_5,Product_5,56,194,0
2023-09-26,Store_5,Product_6,26,88,0
2023-09-26,Store_5,Product_7,35,188,0
2023-09-26,Store_5,Product_8,34,195,0
2023-09-26,Store_5,Product_9,25,96,0
2023-09-26,Store_5,Product_10,38,96,0
2023-09-27,Store_1,Product_1,52,82,0
2023-09-27,Store_1,Product_2,39,66,0
2023-09-27,Store_1,Product_3,90,105,0
2023-09-27,Store_1,Product_4,40,109,0
2023-09-27,Store_1,Product_5,18,159,0
2023-09-27,Store_1,Product_6,59,92,0
2023-09-27,Store_1,Product_7,30,70,0
2023-09-27,Store_1,Product_8,12,56,0
2023-09-27,Store_1,Product_9,66,67,0
2023-09-27,Store_1,Product_10,26,157,1
2023-09-27,Store_2,Product_1,57,53,0
2023-09-27,Store_2,Product_2,40,140,1
2023-09-27,Store_2,Product_3,54,140,0
2023-09-27,Store_2,Product_4,42,151,0
2023-09-27,Store_2,Product_5,66,75,0
2023-09-27,Store_2,Product_6,35,76,0
2023-09-27,Store_2,Product_7,82,158,0
2023-09-27,Store_2,Product_8,71,194,0
2023-09-27,Store_2,Product_9,71,67,0
2023-09-27,Store_2,Product_10,31,81,0
2023-09-27,Store_3,Product_1,28,58,0
2023-09-27,Store_3,Product_2,35,185,0
2023-09-27,Store_3,Product_3,23,185,0
2023-09-27,Store_3,Product_4,86,160,0
2023-09-27,Store_3,Product_5,88,126,0
2023-09-27,Store_3,Product_6,54,71,0
2023-09-27,Store_3,Product_7,54,180,0
2023-09-27,Store_3,Product_8,86,57,0
2023-09-27,Store_3,Product_9,61,73,0
2023-09-27,Store_3,Product_10,24,136,0
2023-09-27,Store_4,Product_1,59,131,0
2023-09-27,Store_4,Product_2,26,134,1
2023-09-27,Store_4,Product_3,27,93,0
2023-09-27,Store_4,Product_4,19,151,0
2023-09-27,Store_4,Product_5,29,139,0
2023-09-27,Store_4,Product_6,101,161,1
2023-09-27,Store_4,Product_7,58,141,0
2023-09-27,Store_4,Product_8,80,105,0
2023-09-27,Store_4,Product_9,45,161,0
2023-09-27,Store_4,Product_10,22,75,0
2023-09-27,Store_5,Product_1,84,182,0
2023-09-27,Store_5,Product_2,47,125,0
2023-09-27,Store_5,Product_3,29,138,0
2023-09-27,Store_5,Product_4,17,66,0
2023-09-27,Store_5,Product_5,72,122,0
2023-09-27,Store_5,Product_6,16,159,0
2023-09-27,Store_5,Product_7,22,120,1
2023-09-27,Store_5,Product_8,23,129,0
2023-09-27,Store_5,Product_9,25,170,1
2023-09-27,Store_5,Product_10,48,85,0
2023-09-28,Store_1,Product_1,23,85,0
2023-09-28,Store_1,Product_2,88,149,1
2023-09-28,Store_1,Product_3,98,79,1
2023-09-28,Store_1,Product_4,23,80,0
2023-09-28,Store_1,Product_5,6,197,0
2023-09-28,Store_1,Product_6,44,176,0
2023-09-28,Store_1,Product_7,55,141,0
2023-09-28,Store_1,Product_8,46,62,0
2023-09-28,Store_1,Product_9,51,163,0
2023-09-28,Store_1,Product_10,58,71,0
2023-09-28,Store_2,Product_1,29,120,0
2023-09-28,Store_2,Product_2,63,90,0
2023-09-28,Store_2,Product_3,67,177,0
2023-09-28,Store_2,Product_4,55,62,0
2023-09-28,Store_2,Product_5,21,120,1
2023-09-28,Store_2,Product_6,48,55,0
2023-09-28,Store_2,Product_7,41,51,0
2023-09-28,Store_2,Product_8,51,53,0
2023-09-28,Store_2,Product_9,28,158,1
2023-09-28,Store_2,Product_10,22,70,0
2023-09-28,Store_3,Product_1,31,196,0
2023-09-28,Store_3,Product_2,59,129,0
2023-09-28,Store_3,Product_3,48,79,1
2023-09-28,Store_3,Product_4,39,197,0
2023-09-28,Store_3,Product_5,86,113,0
2023-09-28,Store_3,Product_6,57,107,0
2023-09-28,Store_3,Product_7,72,61,0
2023-09-28,Store_3,Product_8,80,147,0
2023-09-28,Store_3,Product_9,20,90,0
2023-09-28,Store_3,Product_10,53,147,0
2023-09-28,Store_4,Product_1,38,101,0
2023-09-28,Store_4,Product_2,54,99,0
2023-09-28,Store_4,Product_3,53,131,0
2023-09-28,Store_4,Product_4,12,90,1
2023-09-28,Store_4,Product_5,37,196,0
2023-09-28,Store_4,Product_6,45,60,0
2023-09-28,Store_4,Product_7,31,194,0
2023-09-28,Store_4,Product_8,16,132,0
2023-09-28,Store_4,Product_9,90,156,1
2023-09-28,Store_4,Product_10,69,189,0
2023-09-28,Store_5,Product_1,35,193,0
2023-09-28,Store_5,Product_2,63,95,1
2023-09-28,Store_5,Product_3,43,121,0
2023-09-28,Store_5,Product_4,45,143,0
2023-09-28,Store_5,Product_5,97,123,1
2023-09-28,Store_5,Product_6,34,70,1
2023-09-28,Store_5,Product_7,74,159,0
2023-09-28,Store_5,Product_8,61,162,0
2023-09-28,Store_5,Product_9,73,103,0
2023-09-28,Store_5,Product_10,54,136,0
2023-09-29,Store_1,Product_1,50,135,1
2023-09-29,Store_1,Product_2,65,72,0
2023-09-29,Store_1,Product_3,51,108,0
2023-09-29,Store_1,Product_4,41,190,0
2023-09-29,Store_1,Product_5,16,198,0
2023-09-29,Store_1,Product_6,29,143,0
2023-09-29,Store_1,Product_7,52,140,0
2023-09-29,Store_1,Product_8,55,56,0
2023-09-29,Store_1,Product_9,57,87,0
2023-09-29,Store_1,Product_10,71,86,0
2023-09-29,Store_2,Product_1,74,172,0
2023-09-29,Store_2,Product_2,35,167,0
2023-09-29,Store_2,Product_3,12,63,1
2023-09-29,Store_2,Product_4,12,83,0
2023-09-29,Store_2,Product_5,79,121,1
2023-09-29,Store_2,Product_6,27,154,0
2023-09-29,Store_2,Product_7,47,159,0
2023-09-29,Store_2,Product_8,49,122,0
2023-09-29,Store_2,Product_9,72,188,1
2023-09-29,Store_2,Product_10,64,151,0
2023-09-29,Store_3,Product_1,20,189,0
2023-09-29,Store_3,Product_2,17,111,0
2023-09-29,Store_3,Product_3,50,172,0
2023-09-29,Store_3,Product_4,25,185,0
2023-09-29,Store_3,Product_5,80,109,0
2023-09-29,Store_3,Product_6,66,155,0
2023-09-29,Store_3,Product_7,96,63,0
2023-09-29,Store_3,Product_8,55,119,0
2023-09-29,Store_3,Product_9,30,61,0
2023-09-29,Store_3,Product_10,69,135,0
2023-09-29,Store_4,Product_1,23,143,0
2023-09-29,Store_4,Product_2,91,108,1
2023-09-29,Store_4,Product_3,58,167,0
2023-09-29,Store_4,Product_4,15,130,0
2023-09-29,Store_4,Product_5,60,97,1
2023-09-29,Store_4,Product_6,69,146,0
2023-09-29,Store_4,Product_7,64,119,0
2023-09-29,Store_4,Product_8,17,121,0
2023-09-29,Store_4,Product_9,50,88,1
2023-09-29,Store_4,Product_10,22,137,0
2023-09-29,Store_5,Product_1,41,163,0
2023-09-29,Store_5,Product_2,43,121,0
2023-09-29,Store_5,Product_3,66,170,1
2023-09-29,Store_5,Product_4,85,187,1
2023-09-29,Store_5,Product_5,82,126,0
2023-09-29,Store_5,Product_6,45,142,0
2023-09-29,Store_5,Product_7,79,84,0
2023-09-29,Store_5,Product_8,79,113,0
2023-09-29,Store_5,Product_9,25,56,0
2023-09-29,Store_5,Product_10,31,124,0
2023-09-30,Store_1,Product_1,39,165,0
2023-09-30,Store_1,Product_2,50,55,1
2023-09-30,Store_1,Product_3,58,89,0
2023-09-30,Store_1,Product_4,97,107,0
2023-09-30,Store_1,Product_5,96,66,0
2023-09-30,Store_1,Product_6,53,107,0
2023-09-30,Store_1,Product_7,35,188,0
2023-09-30,Store_1,Product_8,69,81,1
2023-09-30,Store_1,Product_9,9,125,0
2023-09-30,Store_1,Product_10,63,172,0
2023-09-30,Store_2,Product_1,87,51,0
2023-09-30,Store_2,Product_2,51,108,0
2023-09-30,Store_2,Product_3,74,180,1
2023-09-30,Store_2,Product_4,75,59,0
2023-09-30,Store_2,Product_5,58,122,1
2023-09-30,Store_2,Product_6,63,57,0
2023-09-30,Store_2,Product_7,42,190,0
2023-09-30,Store_2,Product_8,70,111,0
2023-09-30,Store_2,Product_9,76,111,0
2023-09-30,Store_2,Product_10,92,66,0
2023-09-30,Store_3,Product_1,88,137,0
2023-09-30,Store_3,Product_2,85,76,0
2023-09-30,Store_3,Product_3,50,192,0
2023-09-30,Store_3,Product_4,22,93,0
2023-09-30,Store_3,Product_5,58,89,0
2023-09-30,Store_3,Product_6,55,72,0
2023-09-30,Store_3,Product_7,54,128,0
2023-09-30,Store_3,Product_8,21,130,1
2023-09-30,Store_3,Product_9,33,58,0
2023-09-30,Store_3,Product_10,32,162,0
2023-09-30,Store_4,Product_1,54,71,1
2023-09-30,Store_4,Product_2,26,156,0
2023-09-30,Store_4,Product_3,79,87,0
2023-09-30,Store_4,Product_4,31,106,0
2023-09-30,Store_4,Product_5,13,52,0
2023-09-30,Store_4,Product_6,75,131,0
2023-09-30,Store_4,Product_7,34,190,1
2023-09-30,Store_4,Product_8,94,62,1
2023-09-30,Store_4,Product_9,26,119,0
2023-09-30,Store_4,Product_10,70,119,0
2023-09-30,Store_5,Product_1,67,112,0
2023-09-30,Store_5,Product_2,23,104,1
2023-09-30,Store_5,Product_3,79,91,1
2023-09-30,Store_5,Product_4,73,71,0
2023-09-30,Store_5,Product_5,27,73,0
2023-09-30,Store_5,Product_6,50,104,0
2023-09-30,Store_5,Product_7,82,196,1
2023-09-30,Store_5,Product_8,62,191,0
2023-09-30,Store_5,Product_9,25,52,0
2023-09-30,Store_5,Product_10,21,53,0
2023-10-01,Store_1,Product_1,65,98,1
2023-10-01,Store_1,Product_2,95,118,0
2023-10-01,Store_1,Product_3,43,103,0
2023-10-01,Store_1,Product_4,100,122,0
2023-10-01,Store_1,Product_5,37,186,0
2023-10-01,Store_1,Product_6,61,164,0
2023-10-01,Store_1,Product_7,13,69,0
2023-10-01,Store_1,Product_8,79,53,0
2023-10-01,Store_1,Product_9,89,98,0
2023-10-01,Store_1,Product_10,69,165,0
2023-10-01,Store_2,Product_1,84,188,0
2023-10-01,Store_2,Product_2,12,51,0
2023-10-01,Store_2,Product_3,22,108,0
2023-10-01,Store_2,Product_4,12,77,0
2023-10-01,Store_2,Product_5,48,102,0
2023-10-01,Store_2,Product_6,27,136,0
2023-10-01,Store_2,Product_7,34,160,0
2023-10-01,Store_2,Product_8,57,110,0
2023-10-01,Store_2,Product_9,40,82,0
2023-10-01,Store_2,Product_10,85,193,1
2023-10-01,Store_3,Product_1,26,80,0
2023-10-01,Store_3,Product_2,97,124,1
2023-10-01,Store_3,Product_3,82,133,0
2023-10-01,Store_3,Product_4,82,51,0
2023-10-01,Store_3,Product_5,76,122,0
2023-10-01,Store_3,Product_6,37,144,0
2023-10-01,Store_3,Product_7,32,166,0
2023-10-01,Store_3,Product_8,37,115,0
2023-10-01,Store_3,Product_9,31,149,0
2023-10-01,Store_3,Product_10,81,63,0
2023-10-01,Store_4,Product_1,63,170,1
2023-10-01,Store_4,Product_2,81,158,1
2023-10-01,Store_4,Product_3,79,180,1
2023-10-01,Store_4,Product_4,54,194,0
2023-10-01,Store_4,Product_5,81,155,0
2023-10-01,Store_4,Product_6,99,127,1
2023-10-01,Store_4,Product_7,12,61,0
2023-10-01,Store_4,Product_8,36,136,0
2023-10-01,Store_4,Product_9,104,132,1
2023-10-01,Store_4,Product_10,22,60,0
2023-10-01,Store_5,Product_1,71,66,1
2023-10-01,Store_5,Product_2,42,62,0
2023-10-01,Store_5,Product_3,51,132,1
2023-10-01,Store_5,Product_4,32,131,0
2023-10-01,Store_5,Product_5,38,105,0
2023-10-01,Store_5,Product_6,86,73,0
2023-10-01,Store_5,Product_7,81,156,0
2023-10-01,Store_5,Product_8,97,95,1
2023-10-01,Store_5,Product_9,79,117,0
2023-10-01,Store_5,Product_10,8,157,0
2023-10-02,Store_1,Product_1,81,149,0
2023-10-02,Store_1,Product_2,22,193,0
2023-10-02,Store_1,Product_3,30,195,0
2023-10-02,Store_1,Product_4,61,160,1
2023-10-02,Store_1,Product_5,17,172,0
2023-10-02,Store_1,Product_6,49,86,1
2023-10-02,Store_1,Product_7,34,99,0
2023-10-02,Store_1,Product_8,77,92,0
2023-10-02,Store_1,Product_9,59,85,1
2023-10-02,Store_1,Product_10,52,149,0
2023-10-02,Store_2,Product_1,41,98,0
2023-10-02,Store_2,Product_2,25,173,0
2023-10-02,Store_2,Product_3,112,184,1
2023-10-02,Store_2,Product_4,71,107,0
2023-10-02,Store_2,Product_5,59,186,0
2023-10-02,Store_2,Product_6,28,135,0
2023-10-02,Store_2,Product_7,73,167,0
2023-10-02,Store_2,Product_8,15,116,0
2023-10-02,Store_2,Product_9,77,137,0
2023-10-02,Store_2,Product_10,44,59,0
2023-10-02,Store_3,Product_1,37,51,0
2023-10-02,Store_3,Product_2,74,113,1
2023-10-02,Store_3,Product_3,21,176,0
2023-10-02,Store_3,Product_4,36,190,0
2023-10-02,Store_3,Product_5,77,197,0
2023-10-02,Store_3,Product_6,56,132,0
2023-10-02,Store_3,Product_7,35,130,0
2023-10-02,Store_3,Product_8,73,129,0
2023-10-02,Store_3,Product_9,0,84,0
2023-10-02,Store_3,Product_10,76,156,0
2023-10-02,Store_4,Product_1,72,76,0
2023-10-02,Store_4,Product_2,36,158,1
2023-10-02,Store_4,Product_3,53,145,0
2023-10-02,Store_4,Product_4,75,168,0
2023-10-02,Store_4,Product_5,14,185,0
2023-10-02,Store_4,Product_6,69,192,0
2023-10-02,Store_4,Product_7,62,199,0
2023-10-02,Store_4,Product_8,92,113,0
2023-10-02,Store_4,Product_9,39,149,0
2023-10-02,Store_4,Product_10,79,83,0
2023-10-02,Store_5,Product_1,30,62,0
2023-10-02,Store_5,Product_2,44,143,0
2023-10-02,Store_5,Product_3,38,74,0
2023-10-02,Store_5,Product_4,70,111,0
2023-10-02,Store_5,Product_5,34,115,1
2023-10-02,Store_5,Product_6,36,108,0
2023-10-02,Store_5,Product_7,27,134,0
2023-10-02,Store_5,Product_8,28,145,0
2023-10-02,Store_5,Product_9,43,195,0
2023-10-02,Store_5,Product_10,38,68,0
2023-10-03,Store_1,Product_1,30,134,1
2023-10-03,Store_1,Product_2,55,79,1
2023-10-03,Store_1,Product_3,64,137,0
2023-10-03,Store_1,Product_4,49,139,0
2023-10-03,Store_1,Product_5,31,61,0
2023-10-03,Store_1,Product_6,22,55,0
2023-10-03,Store_1,Product_7,18,59,0
2023-10-03,Store_1,Product_8,46,196,0
2023-10-03,Store_1,Product_9,22,135,0
2023-10-03,Store_1,Product_10,97,87,0
2023-10-03,Store_2,Product_1,16,197,0
2023-10-03,Store_2,Product_2,16,54,0
2023-10-03,Store_2,Product_3,9,50,0
2023-10-03,Store_2,Product_4,28,162,1
2023-10-03,Store_2,Product_5,98,159,0
2023-10-03,Store_2,Product_6,44,53,1
2023-10-03,Store_2,Product_7,52,160,0
2023-10-03,Store_2,Product_8,55,127,0
2023-10-03,Store_2,Product_9,26,97,0
2023-10-03,Store_2,Product_10,50,165,0
2023-10-03,Store_3,Product_1,30,67,0
2023-10-03,Store_3,Product_2,30,65,0
2023-10-03,Store_3,Product_3,12,195,0
2023-10-03,Store_3,Product_4,35,75,0
2023-10-03,Store_3,Product_5,70,96,0
2023-10-03,Store_3,Product_6,72,95,1
2023-10-03,Store_3,Product_7,33,91,0
2023-10-03,Store_3,Product_8,82,98,1
2023-10-03,Store_3,Product_9,80,77,0
2023-10-03,Store_3,Product_10,27,176,0
2023-10-03,Store_4,Product_1,41,147,0
2023-10-03,Store_4,Product_2,51,159,0
2023-10-03,Store_4,Product_3,58,113,0
2023-10-03,Store_4,Product_4,16,117,0
2023-10-03,Store_4,Product_5,24,187,0
2023-10-03,Store_4,Product_6,21,51,0
2023-10-03,Store_4,Product_7,71,58,0
2023-10-03,Store_4,Product_8,36,65,0
2023-10-03,Store_4,Product_9,30,116,0
2023-10-03,Store_4,Product_10,58,144,0
2023-10-03,Store_5,Product_1,75,82,0
2023-10-03,Store_5,Product_2,16,119,0
2023-10-03,Store_5,Product_3,29,96,1
2023-10-03,Store_5,Product_4,55,71,0
2023-10-03,Store_5,Product_5,63,129,0
2023-10-03,Store_5,Product_6,71,137,0
2023-10-03,Store_5,Product_7,26,172,0
2023-10-03,Store_5,Product_8,47,172,1
2023-10-03,Store_5,Product_9,20,119,0
2023-10-03,Store_5,Product_10,96,108,0
2023-10-04,Store_1,Product_1,56,102,0
2023-10-04,Store_1,Product_2,27,139,1
2023-10-04,Store_1,Product_3,60,83,0
2023-10-04,Store_1,Product_4,90,157,0
2023-10-04,Store_1,Product_5,69,132,0
2023-10-04,Store_1,Product_6,65,169,0
2023-10-04,Store_1,Product_7,24,137,0
2023-10-04,Store_1,Product_8,18,106,1
2023-10-04,Store_1,Product_9,16,53,0
2023-10-04,Store_1,Product_10,20,50,0
2023-10-04,Store_2,Product_1,86,179,0
2023-10-04,Store_2,Product_2,82,125,0
2023-10-04,Store_2,Product_3,29,136,1
2023-10-04,Store_2,Product_4,36,151,1
2023-10-04,Store_2,Product_5,59,171,1
2023-10-04,Store_2,Product_6,30,103,0
2023-10-04,Store_2,Product_7,68,105,0
2023-10-04,Store_2,Product_8,73,83,0
2023-10-04,Store_2,Product_9,19,91,0
2023-10-04,Store_2,Product_10,10,72,0
2023-10-04,Store_3,Product_1,24,108,0
2023-10-04,Store_3,Product_2,56,178,0
2023-10-04,Store_3,Product_3,28,91,1
2023-10-04,Store_3,Product_4,24,88,1
2023-10-04,Store_3,Product_5,28,174,1
2023-10-04,Store_3,Product_6,73,80,0
2023-10-04,Store_3,Product_7,19,186,0
2023-10-04,Store_3,Product_8,41,183,0
2023-10-04,Store_3,Product_9,60,197,1
2023-10-04,Store_3,Product_10,44,199,0
2023-10-04,Store_4,Product_1,57,127,1
2023-10-04,Store_4,Product_2,26,114,0
2023-10-04,Store_4,Product_3,27,180,0
2023-10-04,Store_4,Product_4,81,56,0
2023-10-04,Store_4,Product_5,27,114,0
2023-10-04,Store_4,Product_6,57,67,0
2023-10-04,Store_4,Product_7,56,184,0
2023-10-04,Store_4,Product_8,100,132,1
2023-10-04,Store_4,Product_9,20,89,0
2023-10-04,Store_4,Product_10,16,130,1
2023-10-04,Store_5,Product_1,93,152,0
2023-10-04,Store_5,Product_2,54,67,1
2023-10-04,Store_5,Product_3,68,53,0
2023-10-04,Store_5,Product_4,67,79,0
2023-10-04,Store_5,Product_5,51,139,0
2023-10-04,Store_5,Product_6,63,196,1
2023-10-04,Store_5,Product_7,22,161,0
2023-10-04,Store_5,Product_8,20,194,0
2023-10-04,Store_5,Product_9,52,174,1
2023-10-04,Store_5,Product_10,7,107,0
2023-10-05,Store_1,Product_1,41,136,0
2023-10-05,Store_1,Product_2,17,56,0
2023-10-05,Store_1,Product_3,61,170,0
2023-10-05,Store_1,Product_4,16,67,0
2023-10-05,Store_1,Product_5,29,134,0
2023-10-05,Store_1,Product_6,52,145,0
2023-10-05,Store_1,Product_7,19,140,1
2023-10-05,Store_1,Product_8,68,152,0
2023-10-05,Store_1,Product_9,45,141,1
2023-10-05,Store_1,Product_10,11,88,1
2023-10-05,Store_2,Product_1,97,177,1
2023-10-05,Store_2,Product_2,62,132,0
2023-10-05,Store_2,Product_3,54,124,0
2023-10-05,Store_2,Product_4,19,146,1
2023-10-05,Store_2,Product_5,87,157,0
2023-10-05,Store_2,Product_6,77,95,1
2023-10-05,Store_2,Product_7,44,110,0
2023-10-05,Store_2,Product_8,71,83,1
2023-10-05,Store_2,Product_9,27,86,0
2023-10-05,Store_2,Product_10,16,177,1
2023-10-05,Store_3,Product_1,114,101,1
2023-10-05,Store_3,Product_2,30,179,1
2023-10-05,Store_3,Product_3,78,149,1
2023-10-05,Store_3,Product_4,57,109,0
2023-10-05,Store_3,Product_5,65,125,0
2023-10-05,Store_3,Product_6,42,66,0
2023-10-05,Store_3,Product_7,83,168,1
2023-10-05,Store_3,Product_8,45,62,1
2023-10-05,Store_3,Product_9,32,129,0
2023-10-05,Store_3,Product_10,58,164,0
2023-10-05,Store_4,Product_1,12,180,0
2023-10-05,Store_4,Product_2,8,61,0
2023-10-05,Store_4,Product_3,28,94,0
2023-10-05,Store_4,Product_4,15,149,0
2023-10-05,Store_4,Product_5,31,115,0
2023-10-05,Store_4,Product_6,24,66,0
2023-10-05,Store_4,Product_7,21,139,0
2023-10-05,Store_4,Product_8,75,130,0
2023-10-05,Store_4,Product_9,17,62,0
2023-10-05,Store_4,Product_10,71,114,0
2023-10-05,Store_5,Product_1,50,160,0
2023-10-05,Store_5,Product_2,41,178,0
2023-10-05,Store_5,Product_3,103,159,1
2023-10-05,Store_5,Product_4,88,120,1
2023-10-05,Store_5,Product_5,79,110,0
2023-10-05,Store_5,Product_6,32,135,0
2023-10-05,Store_5,Product_7,31,196,0
2023-10-05,Store_5,Product_8,44,72,0
2023-10-05,Store_5,Product_9,88,70,0
2023-10-05,Store_5,Product_10,21,115,0
2023-10-06,Store_1,Product_1,28,187,0
2023-10-06,Store_1,Product_2,57,58,0
2023-10-06,Store_1,Product_3,83,181,0
2023-10-06,Store_1,Product_4,18,108,0
2023-10-06,Store_1,Product_5,26,58,0
2023-10-06,Store_1,Product_6,17,145,0
2023-10-06,Store_1,Product_7,76,125,0
2023-10-06,Store_1,Product_8,77,110,0
2023-10-06,Store_1,Product_9,16,106,0
2023-10-06,Store_1,Product_10,46,161,0
2023-10-06,Store_2,Product_1,63,64,0
2023-10-06,Store_2,Product_2,44,192,0
2023-10-06,Store_2,Product_3,22,124,0
2023-10-06,Store_2,Product_4,64,79,0
2023-10-06,Store_2,Product_5,72,122,0
2023-10-06,Store_2,Product_6,79,144,0
2023-10-06,Store_2,Product_7,100,169,0
2023-10-06,Store_2,Product_8,46,181,0
2023-10-06,Store_2,Product_9,91,81,0
2023-10-06,Store_2,Product_10,17,85,0
2023-10-06,Store_3,Product_1,30,158,0
2023-10-06,Store_3,Product_2,35,121,1
2023-10-06,Store_3,Product_3,40,177,0
2023-10-06,Store_3,Product_4,22,105,0
2023-10-06,Store_3,Product_5,97,107,0
2023-10-06,Store_3,Product_6,31,198,0
2023-10-06,Store_3,Product_7,22,87,0
2023-10-06,Store_3,Product_8,55,199,0
2023-10-06,Store_3,Product_9,49,193,0
2023-10-06,Store_3,Product_10,44,73,0
2023-10-06,Store_4,Product_1,83,115,1
2023-10-06,Store_4,Product_2,80,151,0
2023-10-06,Store_4,Product_3,70,70,0
2023-10-06,Store_4,Product_4,58,74,1
2023-10-06,Store_4,Product_5,27,67,1
2023-10-06,Store_4,Product_6,86,89,0
2023-10-06,Store_4,Product_7,81,128,0
2023-10-06,Store_4,Product_8,92,160,0
2023-10-06,Store_4,Product_9,36,197,0
2023-10-06,Store_4,Product_10,45,175,0
2023-10-06,Store_5,Product_1,102,171,0
2023-10-06,Store_5,Product_2,15,153,0
2023-10-06,Store_5,Product_3,36,181,0
2023-10-06,Store_5,Product_4,80,147,0
2023-10-06,Store_5,Product_5,13,180,0
2023-10-06,Store_5,Product_6,7,114,1
2023-10-06,Store_5,Product_7,72,127,0
2023-10-06,Store_5,Product_8,18,190,0
2023-10-06,Store_5,Product_9,47,167,0
2023-10-06,Store_5,Product_10,43,93,0
2023-10-07,Store_1,Product_1,80,118,1
2023-10-07,Store_1,Product_2,43,181,1
2023-10-07,Store_1,Product_3,82,197,0
2023-10-07,Store_1,Product_4,88,64,0
2023-10-07,Store_1,Product_5,40,132,0
2023-10-07,Store_1,Product_6,19,130,0
2023-10-07,Store_1,Product_7,19,119,1
2023-10-07,Store_1,Product_8,29,127,0
2023-10-07,Store_1,Product_9,18,154,0
2023-10-07,Store_1,Product_10,53,158,0
2023-10-07,Store_2,Product_1,91,63,1
2023-10-07,Store_2,Product_2,46,70,0
2023-10-07,Store_2,Product_3,25,138,1
2023-10-07,Store_2,Product_4,60,169,0
2023-10-07,Store_2,Product_5,75,193,0
2023-10-07,Store_2,Product_6,18,64,0
2023-10-07,Store_2,Product_7,81,93,0
2023-10-07,Store_2,Product_8,87,199,0
2023-10-07,Store_2,Product_9,84,86,0
2023-10-07,Store_2,Product_10,73,108,0
2023-10-07,Store_3,Product_1,63,152,0
2023-10-07,Store_3,Product_2,62,98,0
2023-10-07,Store_3,Product_3,73,120,0
2023-10-07,Store_3,Product_4,10,62,0
2023-10-07,Store_3,Product_5,21,155,0
2023-10-07,Store_3,Product_6,8,86,0
2023-10-07,Store_3,Product_7,52,107,0
2023-10-07,Store_3,Product_8,33,61,0
2023-10-07,Store_3,Product_9,86,71,1
2023-10-07,Store_3,Product_10,31,167,1
2023-10-07,Store_4,Product_1,65,182,0
2023-10-07,Store_4,Product_2,26,192,0
2023-10-07,Store_4,Product_3,35,183,0
2023-10-07,Store_4,Product_4,27,78,0
2023-10-07,Store_4,Product_5,55,134,0
2023-10-07,Store_4,Product_6,48,149,1
2023-10-07,Store_4,Product_7,34,123,0
2023-10-07,Store_4,Product_8,17,130,0
2023-10-07,Store_4,Product_9,57,91,0
2023-10-07,Store_4,Product_10,2,157,0
2023-10-07,Store_5,Product_1,86,152,0
2023-10-07,Store_5,Product_2,64,151,0
2023-10-07,Store_5,Product_3,39,133,0
2023-10-07,Store_5,Product_4,49,67,0
2023-10-07,Store_5,Product_5,47,63,0
2023-10-07,Store_5,Product_6,76,86,1
2023-10-07,Store_5,Product_7,45,158,0
2023-10-07,Store_5,Product_8,21,63,0
2023-10-07,Store_5,Product_9,62,98,0
2023-10-07,Store_5,Product_10,66,151,0
2023-10-08,Store_1,Product_1,19,112,1
2023-10-08,Store_1,Product_2,21,65,0
2023-10-08,Store_1,Product_3,28,173,0
2023-10-08,Store_1,Product_4,1,121,0
2023-10-08,Store_1,Product_5,8,72,1
2023-10-08,Store_1,Product_6,21,122,0
2023-10-08,Store_1,Product_7,86,56,0
2023-10-08,Store_1,Product_8,22,76,0
2023-10-08,Store_1,Product_9,85,116,0
2023-10-08,Store_1,Product_10,49,120,0
2023-10-08,Store_2,Product_1,87,81,0
2023-10-08,Store_2,Product_2,11,175,0
2023-10-08,Store_2,Product_3,86,192,0
2023-10-08,Store_2,Product_4,79,173,1
2023-10-08,Store_2,Product_5,106,154,1
2023-10-08,Store_2,Product_6,46,104,0
2023-10-08,Store_2,Product_7,74,177,0
2023-10-08,Store_2,Product_8,45,81,0
2023-10-08,Store_2,Product_9,40,128,0
2023-10-08,Store_2,Product_10,63,192,0
2023-10-08,Store_3,Product_1,54,193,0
2023-10-08,Store_3,Product_2,15,197,0
2023-10-08,Store_3,Product_3,55,185,0
2023-10-08,Store_3,Product_4,69,172,0
2023-10-08,Store_3,Product_5,10,95,0
2023-10-08,Store_3,Product_6,74,164,0
2023-10-08,Store_3,Product_7,13,74,0
2023-10-08,Store_3,Product_8,25,176,1
2023-10-08,Store_3,Product_9,38,191,1
2023-10-08,Store_3,Product_10,77,102,0
2023-10-08,Store_4,Product_1,67,190,0
2023-10-08,Store_4,Product_2,16,65,0
2023-10-08,Store_4,Product_3,41,119,1
2023-10-08,Store_4,Product_4,33,192,0
2023-10-08,Store_4,Product_5,40,130,0
2023-10-08,Store_4,Product_6,73,182,0
2023-10-08,Store_4,Product_7,88,57,1
2023-10-08,Store_4,Product_8,23,58,0
2023-10-08,Store_4,Product_9,54,178,1
2023-10-08,Store_4,Product_10,57,179,1
2023-10-08,Store_5,Product_1,28,141,0
2023-10-08,Store_5,Product_2,101,119,1
2023-10-08,Store_5,Product_3,57,82,1
2023-10-08,Store_5,Product_4,64,199,0
2023-10-08,Store_5,Product_5,41,145,1
2023-10-08,Store_5,Product_6,33,108,0
2023-10-08,Store_5,Product_7,46,158,0
2023-10-08,Store_5,Product_8,89,96,1
2023-10-08,Store_5,Product_9,47,133,1
2023-10-08,Store_5,Product_10,68,181,0
2023-10-09,Store_1,Product_1,28,97,0
2023-10-09,Store_1,Product_2,68,110,0
2023-10-09,Store_1,Product_3,56,62,0
2023-10-09,Store_1,Product_4,89,50,0
2023-10-09,Store_1,Product_5,12,168,0
2023-10-09,Store_1,Product_6,77,76,0
2023-10-09,Store_1,Product_7,60,115,1
2023-10-09,Store_1,Product_8,35,157,1
2023-10-09,Store_1,Product_9,60,140,0
2023-10-09,Store_1,Product_10,17,58,0
2023-10-09,Store_2,Product_1,39,67,1
2023-10-09,Store_2,Product_2,42,175,0
2023-10-09,Store_2,Product_3,69,87,0
2023-10-09,Store_2,Product_4,24,101,1
2023-10-09,Store_2,Product_5,41,72,0
2023-10-09,Store_2,Product_6,84,167,0
2023-10-09,Store_2,Product_7,44,76,1
2023-10-09,Store_2,Product_8,20,70,0
2023-10-09,Store_2,Product_9,84,82,0
2023-10-09,Store_2,Product_10,12,189,0
2023-10-09,Store_3,Product_1,64,61,0
2023-10-09,Store_3,Product_2,81,166,1
2023-10-09,Store_3,Product_3,53,62,0
2023-10-09,Store_3,Product_4,33,93,1
2023-10-09,Store_3,Product_5,10,152,0
2023-10-09,Store_3,Product_6,19,169,0
2023-10-09,Store_3,Product_7,48,118,0
2023-10-09,Store_3,Product_8,79,153,0
2023-10-09,Store_3,Product_9,51,148,0
2023-10-09,Store_3,Product_10,11,198,0
2023-10-09,Store_4,Product_1,25,110,1
2023-10-09,Store_4,Product_2,30,192,0
2023-10-09,Store_4,Product_3,47,179,1
2023-10-09,Store_4,Product_4,44,180,0
2023-10-09,Store_4,Product_5,26,197,1
2023-10-09,Store_4,Product_6,81,130,1
2023-10-09,Store_4,Product_7,46,66,0
2023-10-09,Store_4,Product_8,30,167,0
2023-10-09,Store_4,Product_9,54,125,0
2023-10-09,Store_4,Product_10,34,52,0
2023-10-09,Store_5,Product_1,78,180,1
2023-10-09,Store_5,Product_2,65,179,0
2023-10-09,Store_5,Product_3,58,84,0
2023-10-09,Store_5,Product_4,46,114,1
2023-10-09,Store_5,Product_5,55,82,0
2023-10-09,Store_5,Product_6,53,107,0
2023-10-09,Store_5,Product_7,88,106,0
2023-10-09,Store_5,Product_8,82,57,0
2023-10-09,Store_5,Product_9,43,59,0
2023-10-09,Store_5,Product_10,22,55,0
2023-10-10,Store_1,Product_1,98,146,0
2023-10-10,Store_1,Product_2,73,199,0
2023-10-10,Store_1,Product_3,21,78,0
2023-10-10,Store_1,Product_4,9,153,0
2023-10-10,Store_1,Product_5,87,107,0
2023-10-10,Store_1,Product_6,111,89,1
2023-10-10,Store_1,Product_7,59,60,0
2023-10-10,Store_1,Product_8,40,82,0
2023-10-10,Store_1,Product_9,33,187,0
2023-10-10,Store_1,Product_10,54,58,0
2023-10-10,Store_2,Product_1,48,145,0
2023-10-10,Store_2,Product_2,49,65,1
2023-10-10,Store_2,Product_3,88,126,0
2023-10-10,Store_2,Product_4,27,142,0
2023-10-10,Store_2,Product_5,26,189,0
2023-10-10,Store_2,Product_6,54,147,0
2023-10-10,Store_2,Product_7,48,78,1
2023-10-10,Store_2,Product_8,72,134,0
2023-10-10,Store_2,Product_9,47,56,0
2023-10-10,Store_2,Product_10,36,159,0
2023-10-10,Store_3,Product_1,31,140,0
2023-10-10,Store_3,Product_2,39,88,0
2023-10-10,Store_3,Product_3,85,175,0
2023-10-10,Store_3,Product_4,17,96,0
2023-10-10,Store_3,Product_5,29,90,0
2023-10-10,Store_3,Product_6,61,121,0
2023-10-10,Store_3,Product_7,9,99,0
2023-10-10,Store_3,Product_8,13,50,0
2023-10-10,Store_3,Product_9,11,188,0
2023-10-10,Store_3,Product_10,41,104,0
2023-10-10,Store_4,Product_1,26,66,0
2023-10-10,Store_4,Product_2,21,192,0
2023-10-10,Store_4,Product_3,26,109,0
2023-10-10,Store_4,Product_4,35,153,0
2023-10-10,Store_4,Product_5,60,117,0
2023-10-10,Store_4,Product_6,92,186,1
2023-10-10,Store_4,Product_7,18,56,1
2023-10-10,Store_4,Product_8,83,50,0
2023-10-10,Store_4,Product_9,86,105,1
2023-10-10,Store_4,Product_10,88,98,1
2023-10-10,Store_5,Product_1,5,161,0
2023-10-10,Store_5,Product_2,85,162,1
2023-10-10,Store_5,Product_3,65,193,0
2023-10-10,Store_5,Product_4,41,123,0
2023-10-10,Store_5,Product_5,28,75,0
2023-10-10,Store_5,Product_6,48,129,0
2023-10-10,Store_5,Product_7,25,195,0
2023-10-10,Store_5,Product_8,70,136,0
2023-10-10,Store_5,Product_9,22,174,0
2023-10-10,Store_5,Product_10,52,57,1
2023-10-11,Store_1,Product_1,21,170,0
2023-10-11,Store_1,Product_2,37,193,0
2023-10-11,Store_1,Product_3,60,62,0
2023-10-11,Store_1,Product_4,64,144,0
2023-10-11,Store_1,Product_5,71,136,1
2023-10-11,Store_1,Product_6,107,135,1
2023-10-11,Store_1,Product_7,57,153,1
2023-10-11,Store_1,Product_8,63,199,0
2023-10-11,Store_1,Product_9,86,52,1
2023-10-11,Store_1,Product_10,48,132,0
2023-10-11,Store_2,Product_1,38,84,0
2023-10-11,Store_2,Product_2,26,182,1
2023-10-11,Store_2,Product_3,9,144,1
2023-10-11,Store_2,Product_4,45,167,0
2023-10-11,Store_2,Product_5,10,199,0
2023-10-11,Store_2,Product_6,80,149,0
2023-10-11,Store_2,Product_7,16,197,1
2023-10-11,Store_2,Product_8,18,118,0
2023-10-11,Store_2,Product_9,30,128,0
2023-10-11,Store_2,Product_10,31,186,0
2023-10-11,Store_3,Product_1,14,160,1
2023-10-11,Store_3,Product_2,45,181,0
2023-10-11,Store_3,Product_3,37,57,0
2023-10-11,Store_3,Product_4,26,133,0
2023-10-11,Store_3,Product_5,66,92,1
2023-10-11,Store_3,Product_6,79,65,0
2023-10-11,Store_3,Product_7,43,133,1
2023-10-11,Store_3,Product_8,49,84,0
2023-10-11,Store_3,Product_9,16,187,1
2023-10-11,Store_3,Product_10,26,81,1
2023-10-11,Store_4,Product_1,60,77,0
2023-10-11,Store_4,Product_2,27,55,0
2023-10-11,Store_4,Product_3,64,198,0
2023-10-11,Store_4,Product_4,68,132,0
2023-10-11,Store_4,Product_5,96,144,0
2023-10-11,Store_4,Product_6,45,149,0
2023-10-11,Store_4,Product_7,64,153,0
2023-10-11,Store_4,Product_8,36,154,0
2023-10-11,Store_4,Product_9,93,173,0
2023-10-11,Store_4,Product_10,7,182,0
2023-10-11,Store_5,Product_1,38,86,0
2023-10-11,Store_5,Product_2,56,52,1
2023-10-11,Store_5,Product_3,60,196,1
2023-10-11,Store_5,Product_4,90,132,0
2023-10-11,Store_5,Product_5,70,114,0
2023-10-11,Store_5,Product_6,10,77,0
2023-10-11,Store_5,Product_7,18,156,1
2023-10-11,Store_5,Product_8,17,117,0
2023-10-11,Store_5,Product_9,39,141,0
2023-10-11,Store_5,Product_10,37,106,0
2023-10-12,Store_1,Product_1,82,57,0
2023-10-12,Store_1,Product_2,22,141,0
2023-10-12,Store_1,Product_3,32,70,0
2023-10-12,Store_1,Product_4,14,139,1
2023-10-12,Store_1,Product_5,65,152,0
2023-10-12,Store_1,Product_6,58,110,0
2023-10-12,Store_1,Product_7,55,192,1
2023-10-12,Store_1,Product_8,15,197,0
2023-10-12,Store_1,Product_9,57,97,0
2023-10-12,Store_1,Product_10,76,130,0
2023-10-12,Store_2,Product_1,75,121,0
2023-10-12,Store_2,Product_2,19,108,1
2023-10-12,Store_2,Product_3,42,158,0
2023-10-12,Store_2,Product_4,45,121,0
2023-10-12,Store_2,Product_5,17,181,0
2023-10-12,Store_2,Product_6,68,175,1
2023-10-12,Store_2,Product_7,40,74,0
2023-10-12,Store_2,Product_8,90,123,0
2023-10-12,Store_2,Product_9,19,54,0
2023-10-12,Store_2,Product_10,16,197,0
2023-10-12,Store_3,Product_1,30,92,0
2023-10-12,Store_3,Product_2,88,166,1
2023-10-12,Store_3,Product_3,59,170,0
2023-10-12,Store_3,Product_4,30,113,0
2023-10-12,Store_3,Product_5,11,143,0
2023-10-12,Store_3,Product_6,25,155,0
2023-10-12,Store_3,Product_7,104,125,1
2023-10-12,Store_3,Product_8,90,133,0
2023-10-12,Store_3,Product_9,47,130,0
2023-10-12,Store_3,Product_10,41,107,1
2023-10-12,Store_4,Product_1,40,94,0
2023-10-12,Store_4,Product_2,46,59,0
2023-10-12,Store_4,Product_3,19,77,1
2023-10-12,Store_4,Product_4,69,63,0
2023-10-12,Store_4,Product_5,16,126,0
2023-10-12,Store_4,Product_6,44,62,1
2023-10-12,Store_4,Product_7,53,134,0
2023-10-12,Store_4,Product_8,79,104,0
2023-10-12,Store_4,Product_9,96,140,0
2023-10-12,Store_4,Product_10,64,188,0
2023-10-12,Store_5,Product_1,11,102,0
2023-10-12,Store_5,Product_2,17,125,0
2023-10-12,Store_5,Product_3,5,175,0
2023-10-12,Store_5,Product_4,55,152,0
2023-10-12,Store_5,Product_5,15,67,0
2023-10-12,Store_5,Product_6,74,122,0
2023-10-12,Store_5,Product_7,41,99,0
2023-10-12,Store_5,Product_8,85,138,1
2023-10-12,Store_5,Product_9,57,154,0
2023-10-12,Store_5,Product_10,45,132,1
2023-10-13,Store_1,Product_1,101,196,1
2023-10-13,Store_1,Product_2,62,154,0
2023-10-13,Store_1,Product_3,93,194,1
2023-10-13,Store_1,Product_4,40,162,0
2023-10-13,Store_1,Product_5,35,140,0
2023-10-13,Store_1,Product_6,24,78,0
2023-10-13,Store_1,Product_7,73,63,0
2023-10-13,Store_1,Product_8,112,153,1
2023-10-13,Store_1,Product_9,75,160,0
2023-10-13,Store_1,Product_10,58,51,1
2023-10-13,Store_2,Product_1,81,72,0
2023-10-13,Store_2,Product_2,30,158,0
2023-10-13,Store_2,Product_3,42,60,0
2023-10-13,Store_2,Product_4,35,111,1
2023-10-13,Store_2,Product_5,85,56,0
2023-10-13,Store_2,Product_6,7,151,0
2023-10-13,Store_2,Product_7,52,198,1
2023-10-13,Store_2,Product_8,20,126,0
2023-10-13,Store_2,Product_9,48,196,1
2023-10-13,Store_2,Product_10,45,82,1
2023-10-13,Store_3,Product_1,9,126,0
2023-10-13,Store_3,Product_2,61,141,0
2023-10-13,Store_3,Product_3,15,196,0
2023-10-13,Store_3,Product_4,15,59,0
2023-10-13,Store_3,Product_5,40,91,0
2023-10-13,Store_3,Product_6,44,77,0
2023-10-13,Store_3,Product_7,27,87,0
2023-10-13,Store_3,Product_8,81,65,0
2023-10-13,Store_3,Product_9,65,98,0
2023-10-13,Store_3,Product_10,83,131,0
2023-10-13,Store_4,Product_1,57,125,1
2023-10-13,Store_4,Product_2,48,172,0
2023-10-13,Store_4,Product_3,63,124,0
2023-10-13,Store_4,Product_4,81,104,0
2023-10-13,Store_4,Product_5,61,156,0
2023-10-13,Store_4,Product_6,47,84,0
2023-10-13,Store_4,Product_7,68,57,0
2023-10-13,Store_4,Product_8,39,142,1
2023-10-13,Store_4,Product_9,60,105,0
2023-10-13,Store_4,Product_10,69,108,0
2023-10-13,Store_5,Product_1,92,122,0
2023-10-13,Store_5,Product_2,41,102,0
2023-10-13,Store_5,Product_3,81,58,1
2023-10-13,Store_5,Product_4,33,188,0
2023-10-13,Store_5,Product_5,44,117,0
2023-10-13,Store_5,Product_6,31,196,1
2023-10-13,Store_5,Product_7,43,126,0
2023-10-13,Store_5,Product_8,33,198,0
2023-10-13,Store_5,Product_9,83,171,0
2023-10-13,Store_5,Product_10,51,189,0
2023-10-14,Store_1,Product_1,37,56,0
2023-10-14,Store_1,Product_2,55,59,0
2023-10-14,Store_1,Product_3,15,79,0
2023-10-14,Store_1,Product_4,77,60,1
2023-10-14,Store_1,Product_5,99,136,1
2023-10-14,Store_1,Product_6,33,141,1
2023-10-14,Store_1,Product_7,83,73,0
2023-10-14,Store_1,Product_8,41,87,0
2023-10-14,Store_1,Product_9,8,158,0
2023-10-14,Store_1,Product_10,76,58,0
2023-10-14,Store_2,Product_1,25,183,0
2023-10-14,Store_2,Product_2,34,152,0
2023-10-14,Store_2,Product_3,26,188,1
2023-10-14,Store_2,Product_4,45,161,0
2023-10-14,Store_2,Product_5,85,59,0
2023-10-14,Store_2,Product_6,61,195,0
2023-10-14,Store_2,Product_7,58,160,0
2023-10-14,Store_2,Product_8,77,72,0
2023-10-14,Store_2,Product_9,64,77,1
2023-10-14,Store_2,Product_10,34,161,1
2023-10-14,Store_3,Product_1,20,141,0
2023-10-14,Store_3,Product_2,57,129,0
2023-10-14,Store_3,Product_3,79,128,0
2023-10-14,Store_3,Product_4,52,78,0
2023-10-14,Store_3,Product_5,36,152,0
2023-10-14,Store_3,Product_6,16,75,0
2023-10-14,Store_3,Product_7,67,93,0
2023-10-14,Store_3,Product_8,31,158,1
2023-10-14,Store_3,Product_9,38,183,1
2023-10-14,Store_3,Product_10,62,93,1
2023-10-14,Store_4,Product_1,56,146,0
2023-10-14,Store_4,Product_2,57,186,0
2023-10-14,Store_4,Product_3,37,114,0
2023-10-14,Store_4,Product_4,60,163,0
2023-10-14,Store_4,Product_5,76,110,0
2023-10-14,Store_4,Product_6,55,199,0
2023-10-14,Store_4,Product_7,86,71,0
2023-10-14,Store_4,Product_8,24,102,0
2023-10-14,Store_4,Product_9,51,95,0
2023-10-14,Store_4,Product_10,61,195,0
2023-10-14,Store_5,Product_1,7,66,1
2023-10-14,Store_5,Product_2,58,58,0
2023-10-14,Store_5,Product_3,21,95,0
2023-10-14,Store_5,Product_4,95,150,0
2023-10-14,Store_5,Product_5,11,65,0
2023-10-14,Store_5,Product_6,28,56,1
2023-10-14,Store_5,Product_7,44,147,0
2023-10-14,Store_5,Product_8,93,68,0
2023-10-14,Store_5,Product_9,67,156,0
2023-10-14,Store_5,Product_10,63,130,0
2023-10-15,Store_1,Product_1,48,82,0
2023-10-15,Store_1,Product_2,44,54,0
2023-10-15,Store_1,Product_3,51,109,0
2023-10-15,Store_1,Product_4,65,182,0
2023-10-15,Store_1,Product_5,10,131,0
2023-10-15,Store_1,Product_6,42,112,0
2023-10-15,Store_1,Product_7,49,161,0
2023-10-15,Store_1,Product_8,59,192,0
2023-10-15,Store_1,Product_9,104,153,1
2023-10-15,Store_1,Product_10,6,174,0
2023-10-15,Store_2,Product_1,87,171,0
2023-10-15,Store_2,Product_2,43,93,1
2023-10-15,Store_2,Product_3,88,155,0
2023-10-15,Store_2,Product_4,53,185,0
2023-10-15,Store_2,Product_5,9,146,0
2023-10-15,Store_2,Product_6,42,81,0
2023-10-15,Store_2,Product_7,86,57,1
2023-10-15,Store_2,Product_8,12,110,0
2023-10-15,Store_2,Product_9,72,151,1
2023-10-15,Store_2,Product_10,106,196,1
2023-10-15,Store_3,Product_1,27,96,0
2023-10-15,Store_3,Product_2,47,68,0
2023-10-15,Store_3,Product_3,50,153,0
2023-10-15,Store_3,Product_4,57,108,0
2023-10-15,Store_3,Product_5,38,74,0
2023-10-15,Store_3,Product_6,66,59,0
2023-10-15,Store_3,Product_7,52,163,0
2023-10-15,Store_3,Product_8,72,60,0
2023-10-15,Store_3,Product_9,38,134,0
2023-10-15,Store_3,Product_10,61,126,0
2023-10-15,Store_4,Product_1,67,192,0
2023-10-15,Store_4,Product_2,40,114,0
2023-10-15,Store_4,Product_3,24,129,0
2023-10-15,Store_4,Product_4,48,95,0
2023-10-15,Store_4,Product_5,12,95,1
2023-10-15,Store_4,Product_6,39,50,0
2023-10-15,Store_4,Product_7,66,65,0
2023-10-15,Store_4,Product_8,22,122,0
2023-10-15,Store_4,Product_9,65,50,0
2023-10-15,Store_4,Product_10,93,63,0
2023-10-15,Store_5,Product_1,27,160,0
2023-10-15,Store_5,Product_2,33,192,0
2023-10-15,Store_5,Product_3,30,191,0
2023-10-15,Store_5,Product_4,52,144,0
2023-10-15,Store_5,Product_5,102,183,0
2023-10-15,Store_5,Product_6,70,55,0
2023-10-15,Store_5,Product_7,31,136,0
2023-10-15,Store_5,Product_8,62,125,0
2023-10-15,Store_5,Product_9,85,174,0
2023-10-15,Store_5,Product_10,74,187,0
2023-10-16,Store_1,Product_1,76,57,0
2023-10-16,Store_1,Product_2,50,116,0
2023-10-16,Store_1,Product_3,48,183,0
2023-10-16,Store_1,Product_4,62,163,1
2023-10-16,Store_1,Product_5,91,51,0
2023-10-16,Store_1,Product_6,78,95,0
2023-10-16,Store_1,Product_7,33,88,0
2023-10-16,Store_1,Product_8,21,199,0
2023-10-16,Store_1,Product_9,42,197,0
2023-10-16,Store_1,Product_10,3,122,1
2023-10-16,Store_2,Product_1,50,86,1
2023-10-16,Store_2,Product_2,54,106,0
2023-10-16,Store_2,Product_3,91,189,0
2023-10-16,Store_2,Product_4,60,188,0
2023-10-16,Store_2,Product_5,34,129,0
2023-10-16,Store_2,Product_6,38,98,1
2023-10-16,Store_2,Product_7,80,68,1
2023-10-16,Store_2,Product_8,87,180,0
2023-10-16,Store_2,Product_9,75,94,0
2023-10-16,Store_2,Product_10,88,68,1
2023-10-16,Store_3,Product_1,14,80,0
2023-10-16,Store_3,Product_2,53,196,0
2023-10-16,Store_3,Product_3,25,174,0
2023-10-16,Store_3,Product_4,30,190,0
2023-10-16,Store_3,Product_5,30,124,0
2023-10-16,Store_3,Product_6,59,84,0
2023-10-16,Store_3,Product_7,53,126,0
2023-10-16,Store_3,Product_8,51,192,0
2023-10-16,Store_3,Product_9,91,108,1
2023-10-16,Store_3,Product_10,35,182,0
2023-10-16,Store_4,Product_1,56,154,0
2023-10-16,Store_4,Product_2,28,164,0
2023-10-16,Store_4,Product_3,40,112,0
2023-10-16,Store_4,Product_4,59,161,0
2023-10-16,Store_4,Product_5,107,192,1
2023-10-16,Store_4,Product_6,50,182,0
2023-10-16,Store_4,Product_7,64,100,1
2023-10-16,Store_4,Product_8,38,146,0
2023-10-16,Store_4,Product_9,19,197,0
2023-10-16,Store_4,Product_10,36,88,0
2023-10-16,Store_5,Product_1,57,100,1
2023-10-16,Store_5,Product_2,13,80,0
2023-10-16,Store_5,Product_3,87,106,0
2023-10-16,Store_5,Product_4,87,139,0
2023-10-16,Store_5,Product_5,29,188,0
2023-10-16,Store_5,Product_6,67,199,1
2023-10-16,Store_5,Product_7,47,183,0
2023-10-16,Store_5,Product_8,2,128,0
2023-10-16,Store_5,Product_9,9,169,0
2023-10-16,Store_5,Product_10,81,58,0
2023-10-17,Store_1,Product_1,56,78,0
2023-10-17,Store_1,Product_2,67,106,0
2023-10-17,Store_1,Product_3,79,65,0
2023-10-17,Store_1,Product_4,64,130,0
2023-10-17,Store_1,Product_5,41,77,1
2023-10-17,Store_1,Product_6,34,185,0
2023-10-17,Store_1,Product_7,56,101,0
2023-10-17,Store_1,Product_8,67,167,0
2023-10-17,Store_1,Product_9,57,115,0
2023-10-17,Store_1,Product_10,8,180,0
2023-10-17,Store_2,Product_1,64,155,0
2023-10-17,Store_2,Product_2,47,122,0
2023-10-17,Store_2,Product_3,85,150,1
2023-10-17,Store_2,Product_4,69,192,0
2023-10-17,Store_2,Product_5,30,50,0
2023-10-17,Store_2,Product_6,31,105,0
2023-10-17,Store_2,Product_7,25,153,0
2023-10-17,Store_2,Product_8,73,149,0
2023-10-17,Store_2,Product_9,65,104,0
2023-10-17,Store_2,Product_10,43,56,1
2023-10-17,Store_3,Product_1,23,96,0
2023-10-17,Store_3,Product_2,33,181,1
2023-10-17,Store_3,Product_3,111,135,1
2023-10-17,Store_3,Product_4,17,72,0
2023-10-17,Store_3,Product_5,24,120,0
2023-10-17,Store_3,Product_6,20,111,0
2023-10-17,Store_3,Product_7,94,180,1
2023-10-17,Store_3,Product_8,28,103,0
2023-10-17,Store_3,Product_9,20,174,0
2023-10-17,Store_3,Product_10,84,158,0
2023-10-17,Store_4,Product_1,39,174,0
2023-10-17,Store_4,Product_2,51,132,0
2023-10-17,Store_4,Product_3,18,170,0
2023-10-17,Store_4,Product_4,70,130,1
2023-10-17,Store_4,Product_5,20,171,0
2023-10-17,Store_4,Product_6,27,51,0
2023-10-17,Store_4,Product_7,29,92,0
2023-10-17,Store_4,Product_8,29,68,0
2023-10-17,Store_4,Product_9,29,130,1
2023-10-17,Store_4,Product_10,88,168,0
2023-10-17,Store_5,Product_1,55,124,0
2023-10-17,Store_5,Product_2,49,197,0
2023-10-17,Store_5,Product_3,109,128,1
2023-10-17,Store_5,Product_4,65,86,0
2023-10-17,Store_5,Product_5,91,116,0
2023-10-17,Store_5,Product_6,8,128,0
2023-10-17,Store_5,Product_7,27,175,0
2023-10-17,Store_5,Product_8,66,159,0
2023-10-17,Store_5,Product_9,24,189,0
2023-10-17,Store_5,Product_10,84,107,1
2023-10-18,Store_1,Product_1,66,120,0
2023-10-18,Store_1,Product_2,58,193,0
2023-10-18,Store_1,Product_3,33,60,0
2023-10-18,Store_1,Product_4,79,129,0
2023-10-18,Store_1,Product_5,91,155,0
2023-10-18,Store_1,Product_6,30,104,0
2023-10-18,Store_1,Product_7,25,107,1
2023-10-18,Store_1,Product_8,53,130,0
2023-10-18,Store_1,Product_9,48,101,0
2023-10-18,Store_1,Product_10,62,127,1
2023-10-18,Store_2,Product_1,31,150,0
2023-10-18,Store_2,Product_2,90,155,0
2023-10-18,Store_2,Product_3,62,182,0
2023-10-18,Store_2,Product_4,55,194,0
2023-10-18,Store_2,Product_5,67,141,0
2023-10-18,Store_2,Product_6,87,199,0
2023-10-18,Store_2,Product_7,72,147,1
2023-10-18,Store_2,Product_8,81,71,1
2023-10-18,Store_2,Product_9,44,82,0
2023-10-18,Store_2,Product_10,20,63,0
2023-10-18,Store_3,Product_1,86,113,1
2023-10-18,Store_3,Product_2,86,187,0
2023-10-18,Store_3,Product_3,10,196,0
2023-10-18,Store_3,Product_4,20,101,0
2023-10-18,Store_3,Product_5,48,85,1
2023-10-18,Store_3,Product_6,55,161,0
2023-10-18,Store_3,Product_7,82,173,0
2023-10-18,Store_3,Product_8,15,148,0
2023-10-18,Store_3,Product_9,62,132,0
2023-10-18,Store_3,Product_10,55,169,0
2023-10-18,Store_4,Product_1,78,134,0
2023-10-18,Store_4,Product_2,19,77,0
2023-10-18,Store_4,Product_3,90,87,0
2023-10-18,Store_4,Product_4,29,108,1
2023-10-18,Store_4,Product_5,34,136,0
2023-10-18,Store_4,Product_6,58,165,0
2023-10-18,Store_4,Product_7,78,182,0
2023-10-18,Store_4,Product_8,37,144,0
2023-10-18,Store_4,Product_9,73,191,0
2023-10-18,Store_4,Product_10,78,153,0
2023-10-18,Store_5,Product_1,81,55,1
2023-10-18,Store_5,Product_2,90,51,1
2023-10-18,Store_5,Product_3,45,137,0
2023-10-18,Store_5,Product_4,54,148,0
2023-10-18,Store_5,Product_5,10,152,0
2023-10-18,Store_5,Product_6,66,111,0
2023-10-18,Store_5,Product_7,75,93,0
2023-10-18,Store_5,Product_8,12,52,0
2023-10-18,Store_5,Product_9,88,95,0
2023-10-18,Store_5,Product_10,14,168,0
2023-10-19,Store_1,Product_1,30,106,0
2023-10-19,Store_1,Product_2,38,61,0
2023-10-19,Store_1,Product_3,72,133,0
2023-10-19,Store_1,Product_4,47,60,0
2023-10-19,Store_1,Product_5,39,121,0
2023-10-19,Store_1,Product_6,76,102,0
2023-10-19,Store_1,Product_7,69,96,0
2023-10-19,Store_1,Product_8,22,128,0
2023-10-19,Store_1,Product_9,66,63,0
2023-10-19,Store_1,Product_10,57,110,0
2023-10-19,Store_2,Product_1,91,58,0
2023-10-19,Store_2,Product_2,29,182,0
2023-10-19,Store_2,Product_3,34,156,0
2023-10-19,Store_2,Product_4,37,92,1
2023-10-19,Store_2,Product_5,39,121,0
2023-10-19,Store_2,Product_6,18,53,0
2023-10-19,Store_2,Product_7,64,189,1
2023-10-19,Store_2,Product_8,59,148,0
2023-10-19,Store_2,Product_9,78,113,0
2023-10-19,Store_2,Product_10,17,139,0
2023-10-19,Store_3,Product_1,10,87,0
2023-10-19,Store_3,Product_2,31,183,0
2023-10-19,Store_3,Product_3,68,128,0
2023-10-19,Store_3,Product_4,45,196,0
2023-10-19,Store_3,Product_5,45,126,0
2023-10-19,Store_3,Product_6,29,96,0
2023-10-19,Store_3,Product_7,26,164,0
2023-10-19,Store_3,Product_8,33,166,0
2023-10-19,Store_3,Product_9,99,187,1
2023-10-19,Store_3,Product_10,39,74,1
2023-10-19,Store_4,Product_1,36,149,0
2023-10-19,Store_4,Product_2,68,182,0
2023-10-19,Store_4,Product_3,82,116,0
2023-10-19,Store_4,Product_4,88,116,0
2023-10-19,Store_4,Product_5,71,110,1
2023-10-19,Store_4,Product_6,48,121,0
2023-10-19,Store_4,Product_7,36,105,0
2023-10-19,Store_4,Product_8,72,177,0
2023-10-19,Store_4,Product_9,96,57,1
2023-10-19,Store_4,Product_10,36,110,0
2023-10-19,Store_5,Product_1,35,111,0
2023-10-19,Store_5,Product_2,35,59,1
2023-10-19,Store_5,Product_3,72,74,1
2023-10-19,Store_5,Product_4,31,157,0
2023-10-19,Store_5,Product_5,13,166,0
2023-10-19,Store_5,Product_6,72,75,0
2023-10-19,Store_5,Product_7,64,178,0
2023-10-19,Store_5,Product_8,26,162,0
2023-10-19,Store_5,Product_9,27,198,0
2023-10-19,Store_5,Product_10,23,154,0
2023-10-20,Store_1,Product_1,14,171,0
2023-10-20,Store_1,Product_2,44,165,0
2023-10-20,Store_1,Product_3,44,169,0
2023-10-20,Store_1,Product_4,53,60,0
2023-10-20,Store_1,Product_5,18,129,0
2023-10-20,Store_1,Product_6,46,54,0
2023-10-20,Store_1,Product_7,75,166,0
2023-10-20,Store_1,Product_8,19,160,0
2023-10-20,Store_1,Product_9,17,129,0
2023-10-20,Store_1,Product_10,42,175,0
2023-10-20,Store_2,Product_1,54,87,0
2023-10-20,Store_2,Product_2,46,74,0
2023-10-20,Store_2,Product_3,54,128,0
2023-10-20,Store_2,Product_4,38,138,1
2023-10-20,Store_2,Product_5,18,130,0
2023-10-20,Store_2,Product_6,30,55,0
2023-10-20,Store_2,Product_7,35,88,0
2023-10-20,Store_2,Product_8,29,80,1
2023-10-20,Store_2,Product_9,52,102,0
2023-10-20,Store_2,Product_10,15,143,0
2023-10-20,Store_3,Product_1,77,78,0
2023-10-20,Store_3,Product_2,70,198,0
2023-10-20,Store_3,Product_3,41,154,0
2023-10-20,Store_3,Product_4,85,146,0
2023-10-20,Store_3,Product_5,18,168,0
2023-10-20,Store_3,Product_6,44,191,1
2023-10-20,Store_3,Product_7,61,138,0
2023-10-20,Store_3,Product_8,36,104,1
2023-10-20,Store_3,Product_9,33,154,0
2023-10-20,Store_3,Product_10,76,197,0
2023-10-20,Store_4,Product_1,83,178,0
2023-10-20,Store_4,Product_2,21,66,1
2023-10-20,Store_4,Product_3,14,116,0
2023-10-20,Store_4,Product_4,45,91,1
2023-10-20,Store_4,Product_5,86,52,0
2023-10-20,Store_4,Product_6,88,150,0
2023-10-20,Store_4,Product_7,82,106,0
2023-10-20,Store_4,Product_8,63,52,1
2023-10-20,Store_4,Product_9,24,112,0
2023-10-20,Store_4,Product_10,16,72,0
2023-10-20,Store_5,Product_1,21,87,0
2023-10-20,Store_5,Product_2,57,117,0
2023-10-20,Store_5,Product_3,55,168,0
2023-10-20,Store_5,Product_4,46,191,1
2023-10-20,Store_5,Product_5,26,143,1
2023-10-20,Store_5,Product_6,65,115,0
2023-10-20,Store_5,Product_7,85,169,0
2023-10-20,Store_5,Product_8,32,189,0
2023-10-20,Store_5,Product_9,16,130,0
2023-10-20,Store_5,Product_10,78,190,0
2023-10-21,Store_1,Product_1,28,155,0
2023-10-21,Store_1,Product_2,97,196,1
2023-10-21,Store_1,Product_3,76,136,0
2023-10-21,Store_1,Product_4,36,159,1
2023-10-21,Store_1,Product_5,52,137,0
2023-10-21,Store_1,Product_6,58,86,0
2023-10-21,Store_1,Product_7,18,160,0
2023-10-21,Store_1,Product_8,84,133,1
2023-10-21,Store_1,Product_9,61,62,1
2023-10-21,Store_1,Product_10,38,165,0
2023-10-21,Store_2,Product_1,80,166,0
2023-10-21,Store_2,Product_2,70,60,0
2023-10-21,Store_2,Product_3,16,53,1
2023-10-21,Store_2,Product_4,70,108,0
2023-10-21,Store_2,Product_5,86,67,0
2023-10-21,Store_2,Product_6,33,108,0
2023-10-21,Store_2,Product_7,85,192,0
2023-10-21,Store_2,Product_8,77,158,0
2023-10-21,Store_2,Product_9,77,52,0
2023-10-21,Store_2,Product_10,50,141,0
2023-10-21,Store_3,Product_1,46,150,0
2023-10-21,Store_3,Product_2,14,52,0
2023-10-21,Store_3,Product_3,18,150,0
2023-10-21,Store_3,Product_4,72,146,0
2023-10-21,Store_3,Product_5,54,106,0
2023-10-21,Store_3,Product_6,31,95,1
2023-10-21,Store_3,Product_7,14,195,0
2023-10-21,Store_3,Product_8,14,179,0
2023-10-21,Store_3,Product_9,64,112,0
2023-10-21,Store_3,Product_10,84,154,1
2023-10-21,Store_4,Product_1,11,78,0
2023-10-21,Store_4,Product_2,78,193,0
2023-10-21,Store_4,Product_3,47,151,0
2023-10-21,Store_4,Product_4,42,157,0
2023-10-21,Store_4,Product_5,23,118,0
2023-10-21,Store_4,Product_6,74,51,0
2023-10-21,Store_4,Product_7,36,77,0
2023-10-21,Store_4,Product_8,19,81,0
2023-10-21,Store_4,Product_9,75,150,0
2023-10-21,Store_4,Product_10,62,166,0
2023-10-21,Store_5,Product_1,69,143,0
2023-10-21,Store_5,Product_2,24,74,0
2023-10-21,Store_5,Product_3,18,56,1
2023-10-21,Store_5,Product_4,72,162,1
2023-10-21,Store_5,Product_5,87,184,0
2023-10-21,Store_5,Product_6,49,136,1
2023-10-21,Store_5,Product_7,38,61,0
2023-10-21,Store_5,Product_8,22,85,0
2023-10-21,Store_5,Product_9,100,104,1
2023-10-21,Store_5,Product_10,48,140,0
2023-10-22,Store_1,Product_1,70,153,0
2023-10-22,Store_1,Product_2,53,192,0
2023-10-22,Store_1,Product_3,90,59,0
2023-10-22,Store_1,Product_4,81,78,0
2023-10-22,Store_1,Product_5,49,156,1
2023-10-22,Store_1,Product_6,35,192,0
2023-10-22,Store_1,Product_7,81,92,0
2023-10-22,Store_1,Product_8,63,116,1
2023-10-22,Store_1,Product_9,59,117,0
2023-10-22,Store_1,Product_10,75,98,0
2023-10-22,Store_2,Product_1,52,145,0
2023-10-22,Store_2,Product_2,34,131,1
2023-10-22,Store_2,Product_3,77,144,1
2023-10-22,Store_2,Product_4,32,91,0
2023-10-22,Store_2,Product_5,95,169,1
2023-10-22,Store_2,Product_6,62,188,0
2023-10-22,Store_2,Product_7,18,121,0
2023-10-22,Store_2,Product_8,87,58,0
2023-10-22,Store_2,Product_9,84,172,0
2023-10-22,Store_2,Product_10,52,52,0
2023-10-22,Store_3,Product_1,19,175,0
2023-10-22,Store_3,Product_2,58,180,0
2023-10-22,Store_3,Product_3,29,92,0
2023-10-22,Store_3,Product_4,51,78,0
2023-10-22,Store_3,Product_5,93,131,1
2023-10-22,Store_3,Product_6,83,160,1
2023-10-22,Store_3,Product_7,30,143,0
2023-10-22,Store_3,Product_8,48,151,0
2023-10-22,Store_3,Product_9,76,152,0
2023-10-22,Store_3,Product_10,45,111,0
2023-10-22,Store_4,Product_1,21,106,0
2023-10-22,Store_4,Product_2,61,134,0
2023-10-22,Store_4,Product_3,80,60,0
2023-10-22,Store_4,Product_4,90,199,0
2023-10-22,Store_4,Product_5,21,93,0
2023-10-22,Store_4,Product_6,86,90,0
2023-10-22,Store_4,Product_7,27,177,1
2023-10-22,Store_4,Product_8,44,186,1
2023-10-22,Store_4,Product_9,50,60,0
2023-10-22,Store_4,Product_10,81,182,0
2023-10-22,Store_5,Product_1,104,186,1
2023-10-22,Store_5,Product_2,27,115,0
2023-10-22,Store_5,Product_3,86,89,0
2023-10-22,Store_5,Product_4,46,84,0
2023-10-22,Store_5,Product_5,28,79,0
2023-10-22,Store_5,Product_6,89,198,0
2023-10-22,Store_5,Product_7,85,56,0
2023-10-22,Store_5,Product_8,33,50,0
2023-10-22,Store_5,Product_9,19,104,0
2023-10-22,Store_5,Product_10,13,76,1
2023-10-23,Store_1,Product_1,87,119,1
2023-10-23,Store_1,Product_2,24,51,0
2023-10-23,Store_1,Product_3,17,148,0
2023-10-23,Store_1,Product_4,19,95,0
2023-10-23,Store_1,Product_5,20,189,0
2023-10-23,Store_1,Product_6,48,193,0
2023-10-23,Store_1,Product_7,60,51,1
2023-10-23,Store_1,Product_8,24,68,0
2023-10-23,Store_1,Product_9,25,150,0
2023-10-23,Store_1,Product_10,69,61,0
2023-10-23,Store_2,Product_1,69,164,0
2023-10-23,Store_2,Product_2,80,127,0
2023-10-23,Store_2,Product_3,61,181,0
2023-10-23,Store_2,Product_4,39,91,0
2023-10-23,Store_2,Product_5,35,187,1
2023-10-23,Store_2,Product_6,87,181,1
2023-10-23,Store_2,Product_7,85,149,0
2023-10-23,Store_2,Product_8,88,61,0
2023-10-23,Store_2,Product_9,57,161,0
2023-10-23,Store_2,Product_10,67,56,0
2023-10-23,Store_3,Product_1,41,167,0
2023-10-23,Store_3,Product_2,32,55,0
2023-10-23,Store_3,Product_3,21,145,0
2023-10-23,Store_3,Product_4,13,55,0
2023-10-23,Store_3,Product_5,64,138,1
2023-10-23,Store_3,Product_6,53,133,0
2023-10-23,Store_3,Product_7,36,165,0
2023-10-23,Store_3,Product_8,45,142,0
2023-10-23,Store_3,Product_9,66,81,0
2023-10-23,Store_3,Product_10,34,137,0
2023-10-23,Store_4,Product_1,91,115,1
2023-10-23,Store_4,Product_2,79,123,0
2023-10-23,Store_4,Product_3,42,178,0
2023-10-23,Store_4,Product_4,39,100,1
2023-10-23,Store_4,Product_5,49,108,0
2023-10-23,Store_4,Product_6,17,71,0
2023-10-23,Store_4,Product_7,44,64,0
2023-10-23,Store_4,Product_8,9,173,0
2023-10-23,Store_4,Product_9,19,104,0
2023-10-23,Store_4,Product_10,36,181,0
2023-10-23,Store_5,Product_1,78,90,0
2023-10-23,Store_5,Product_2,61,76,0
2023-10-23,Store_5,Product_3,15,114,0
2023-10-23,Store_5,Product_4,81,163,0
2023-10-23,Store_5,Product_5,42,78,1
2023-10-23,Store_5,Product_6,89,189,0
2023-10-23,Store_5,Product_7,20,198,0
2023-10-23,Store_5,Product_8,55,128,0
2023-10-23,Store_5,Product_9,83,182,1
2023-10-23,Store_5,Product_10,53,72,0
2023-10-24,Store_1,Product_1,56,97,0
2023-10-24,Store_1,Product_2,67,151,0
2023-10-24,Store_1,Product_3,40,73,0
2023-10-24,Store_1,Product_4,16,80,0
2023-10-24,Store_1,Product_5,23,181,0
2023-10-24,Store_1,Product_6,46,135,0
2023-10-24,Store_1,Product_7,35,170,0
2023-10-24,Store_1,Product_8,28,176,0
2023-10-24,Store_1,Product_9,55,149,0
2023-10-24,Store_1,Product_10,73,96,1
2023-10-24,Store_2,Product_1,31,141,0
2023-10-24,Store_2,Product_2,82,87,1
2023-10-24,Store_2,Product_3,41,86,0
2023-10-24,Store_2,Product_4,93,63,1
2023-10-24,Store_2,Product_5,13,172,0
2023-10-24,Store_2,Product_6,55,52,0
2023-10-24,Store_2,Product_7,86,114,0
2023-10-24,Store_2,Product_8,88,141,0
2023-10-24,Store_2,Product_9,31,94,0
2023-10-24,Store_2,Product_10,86,80,0
2023-10-24,Store_3,Product_1,80,114,1
2023-10-24,Store_3,Product_2,64,185,0
2023-10-24,Store_3,Product_3,38,184,0
2023-10-24,Store_3,Product_4,50,137,0
2023-10-24,Store_3,Product_5,68,82,0
2023-10-24,Store_3,Product_6,46,51,0
2023-10-24,Store_3,Product_7,72,140,1
2023-10-24,Store_3,Product_8,90,87,0
2023-10-24,Store_3,Product_9,51,63,0
2023-10-24,Store_3,Product_10,67,136,0
2023-10-24,Store_4,Product_1,47,93,0
2023-10-24,Store_4,Product_2,85,144,1
2023-10-24,Store_4,Product_3,28,72,0
2023-10-24,Store_4,Product_4,37,190,0
2023-10-24,Store_4,Product_5,80,131,1
2023-10-24,Store_4,Product_6,72,57,1
2023-10-24,Store_4,Product_7,26,183,0
2023-10-24,Store_4,Product_8,31,110,0
2023-10-24,Store_4,Product_9,76,71,0
2023-10-24,Store_4,Product_10,27,94,0
2023-10-24,Store_5,Product_1,31,113,0
2023-10-24,Store_5,Product_2,58,131,0
2023-10-24,Store_5,Product_3,57,95,1
2023-10-24,Store_5,Product_4,70,138,0
2023-10-24,Store_5,Product_5,67,128,0
2023-10-24,Store_5,Product_6,69,134,0
2023-10-24,Store_5,Product_7,38,90,0
2023-10-24,Store_5,Product_8,41,154,0
2023-10-24,Store_5,Product_9,13,175,0
2023-10-24,Store_5,Product_10,10,54,0
2023-10-25,Store_1,Product_1,41,110,0
2023-10-25,Store_1,Product_2,28,153,1
2023-10-25,Store_1,Product_3,27,199,0
2023-10-25,Store_1,Product_4,54,60,0
2023-10-25,Store_1,Product_5,81,62,0
2023-10-25,Store_1,Product_6,38,85,0
2023-10-25,Store_1,Product_7,69,133,0
2023-10-25,Store_1,Product_8,62,111,0
2023-10-25,Store_1,Product_9,37,150,0
2023-10-25,Store_1,Product_10,84,130,0
2023-10-25,Store_2,Product_1,25,122,0
2023-10-25,Store_2,Product_2,84,126,0
2023-10-25,Store_2,Product_3,51,186,0
2023-10-25,Store_2,Product_4,36,141,0
2023-10-25,Store_2,Product_5,89,51,0
2023-10-25,Store_2,Product_6,100,111,1
2023-10-25,Store_2,Product_7,13,129,0
2023-10-25,Store_2,Product_8,84,105,0
2023-10-25,Store_2,Product_9,20,139,0
2023-10-25,Store_2,Product_10,22,134,0
2023-10-25,Store_3,Product_1,60,108,0
2023-10-25,Store_3,Product_2,19,82,0
2023-10-25,Store_3,Product_3,46,57,0
2023-10-25,Store_3,Product_4,68,108,0
2023-10-25,Store_3,Product_5,53,165,0
2023-10-25,Store_3,Product_6,23,142,0
2023-10-25,Store_3,Product_7,73,134,0
2023-10-25,Store_3,Product_8,31,159,0
2023-10-25,Store_3,Product_9,37,75,0
2023-10-25,Store_3,Product_10,84,156,0
2023-10-25,Store_4,Product_1,90,131,0
2023-10-25,Store_4,Product_2,15,78,0
2023-10-25,Store_4,Product_3,31,128,0
2023-10-25,Store_4,Product_4,83,172,1
2023-10-25,Store_4,Product_5,78,192,0
2023-10-25,Store_4,Product_6,18,70,0
2023-10-25,Store_4,Product_7,45,60,0
2023-10-25,Store_4,Product_8,71,185,0
2023-10-25,Store_4,Product_9,52,129,0
2023-10-25,Store_4,Product_10,15,54,0
2023-10-25,Store_5,Product_1,85,78,0
2023-10-25,Store_5,Product_2,65,82,0
2023-10-25,Store_5,Product_3,92,110,0
2023-10-25,Store_5,Product_4,25,183,0
2023-10-25,Store_5,Product_5,80,68,0
2023-10-25,Store_5,Product_6,63,83,0
2023-10-25,Store_5,Product_7,25,198,0
2023-10-25,Store_5,Product_8,40,186,0
2023-10-25,Store_5,Product_9,55,125,0
2023-10-25,Store_5,Product_10,19,71,0
2023-10-26,Store_1,Product_1,26,170,0
2023-10-26,Store_1,Product_2,15,132,0
2023-10-26,Store_1,Product_3,65,175,0
2023-10-26,Store_1,Product_4,46,195,0
2023-10-26,Store_1,Product_5,15,114,0
2023-10-26,Store_1,Product_6,52,85,0
2023-10-26,Store_1,Product_7,85,134,0
2023-10-26,Store_1,Product_8,40,89,0
2023-10-26,Store_1,Product_9,9,99,1
2023-10-26,Store_1,Product_10,74,182,0
2023-10-26,Store_2,Product_1,42,106,1
2023-10-26,Store_2,Product_2,83,133,0
2023-10-26,Store_2,Product_3,34,141,0
2023-10-26,Store_2,Product_4,18,194,0
2023-10-26,Store_2,Product_5,20,193,0
2023-10-26,Store_2,Product_6,26,55,0
2023-10-26,Store_2,Product_7,35,135,0
2023-10-26,Store_2,Product_8,45,84,0
2023-10-26,Store_2,Product_9,26,175,0
2023-10-26,Store_2,Product_10,49,111,0
2023-10-26,Store_3,Product_1,21,123,0
2023-10-26,Store_3,Product_2,61,82,0
2023-10-26,Store_3,Product_3,16,51,0
2023-10-26,Store_3,Product_4,91,165,0
2023-10-26,Store_3,Product_5,55,146,1
2023-10-26,Store_3,Product_6,61,59,0
2023-10-26,Store_3,Product_7,16,111,0
2023-10-26,Store_3,Product_8,92,105,1
2023-10-26,Store_3,Product_9,49,106,1
2023-10-26,Store_3,Product_10,32,142,0
2023-10-26,Store_4,Product_1,76,123,0
2023-10-26,Store_4,Product_2,100,153,1
2023-10-26,Store_4,Product_3,55,60,0
2023-10-26,Store_4,Product_4,30,153,0
2023-10-26,Store_4,Product_5,51,176,0
2023-10-26,Store_4,Product_6,15,178,0
2023-10-26,Store_4,Product_7,26,94,1
2023-10-26,Store_4,Product_8,29,107,0
2023-10-26,Store_4,Product_9,32,78,0
2023-10-26,Store_4,Product_10,69,169,0
2023-10-26,Store_5,Product_1,24,51,0
2023-10-26,Store_5,Product_2,55,177,0
2023-10-26,Store_5,Product_3,34,192,0
2023-10-26,Store_5,Product_4,57,67,1
2023-10-26,Store_5,Product_5,64,89,1
2023-10-26,Store_5,Product_6,47,193,0
2023-10-26,Store_5,Product_7,30,132,0
2023-10-26,Store_5,Product_8,61,50,0
2023-10-26,Store_5,Product_9,7,54,0
2023-10-26,Store_5,Product_10,23,97,0
2023-10-27,Store_1,Product_1,38,176,0
2023-10-27,Store_1,Product_2,61,149,0
2023-10-27,Store_1,Product_3,26,155,0
2023-10-27,Store_1,Product_4,64,179,0
2023-10-27,Store_1,Product_5,66,118,1
2023-10-27,Store_1,Product_6,95,186,1
2023-10-27,Store_1,Product_7,61,183,0
2023-10-27,Store_1,Product_8,92,110,1
2023-10-27,Store_1,Product_9,94,73,0
2023-10-27,Store_1,Product_10,65,126,0
2023-10-27,Store_2,Product_1,15,79,0
2023-10-27,Store_2,Product_2,55,66,1
2023-10-27,Store_2,Product_3,67,118,0
2023-10-27,Store_2,Product_4,76,129,0
2023-10-27,Store_2,Product_5,28,70,0
2023-10-27,Store_2,Product_6,89,182,0
2023-10-27,Store_2,Product_7,48,133,1
2023-10-27,Store_2,Product_8,58,94,0
2023-10-27,Store_2,Product_9,80,138,0
2023-10-27,Store_2,Product_10,106,92,1
2023-10-27,Store_3,Product_1,55,120,0
2023-10-27,Store_3,Product_2,19,143,1
2023-10-27,Store_3,Product_3,75,93,1
2023-10-27,Store_3,Product_4,11,113,0
2023-10-27,Store_3,Product_5,103,143,0
2023-10-27,Store_3,Product_6,89,89,0
2023-10-27,Store_3,Product_7,33,82,0
2023-10-27,Store_3,Product_8,86,62,0
2023-10-27,Store_3,Product_9,83,177,0
2023-10-27,Store_3,Product_10,84,153,1
2023-10-27,Store_4,Product_1,51,146,0
2023-10-27,Store_4,Product_2,36,124,1
2023-10-27,Store_4,Product_3,30,156,0
2023-10-27,Store_4,Product_4,66,75,0
2023-10-27,Store_4,Product_5,70,131,0
2023-10-27,Store_4,Product_6,23,100,1
2023-10-27,Store_4,Product_7,104,79,1
2023-10-27,Store_4,Product_8,8,149,0
2023-10-27,Store_4,Product_9,36,181,0
2023-10-27,Store_4,Product_10,45,156,0
2023-10-27,Store_5,Product_1,89,131,0
2023-10-27,Store_5,Product_2,80,136,0
2023-10-27,Store_5,Product_3,65,105,1
2023-10-27,Store_5,Product_4,72,145,0
2023-10-27,Store_5,Product_5,91,52,0
2023-10-27,Store_5,Product_6,106,122,1
2023-10-27,Store_5,Product_7,56,166,1
2023-10-27,Store_5,Product_8,86,61,0
2023-10-27,Store_5,Product_9,72,146,0
2023-10-27,Store_5,Product_10,57,101,0
2023-10-28,Store_1,Product_1,44,61,0
2023-10-28,Store_1,Product_2,53,142,0
2023-10-28,Store_1,Product_3,78,62,0
2023-10-28,Store_1,Product_4,41,152,0
2023-10-28,Store_1,Product_5,84,84,0
2023-10-28,Store_1,Product_6,56,125,0
2023-10-28,Store_1,Product_7,87,105,0
2023-10-28,Store_1,Product_8,76,83,0
2023-10-28,Store_1,Product_9,84,164,0
2023-10-28,Store_1,Product_10,81,195,0
2023-10-28,Store_2,Product_1,73,123,0
2023-10-28,Store_2,Product_2,44,158,0
2023-10-28,Store_2,Product_3,66,104,0
2023-10-28,Store_2,Product_4,66,149,0
2023-10-28,Store_2,Product_5,83,164,0
2023-10-28,Store_2,Product_6,37,83,0
2023-10-28,Store_2,Product_7,78,103,0
2023-10-28,Store_2,Product_8,10,150,0
2023-10-28,Store_2,Product_9,106,53,1
2023-10-28,Store_2,Product_10,60,88,0
2023-10-28,Store_3,Product_1,115,143,1
2023-10-28,Store_3,Product_2,48,171,0
2023-10-28,Store_3,Product_3,61,136,0
2023-10-28,Store_3,Product_4,90,110,1
2023-10-28,Store_3,Product_5,42,69,1
2023-10-28,Store_3,Product_6,76,193,0
2023-10-28,Store_3,Product_7,15,139,1
2023-10-28,Store_3,Product_8,69,123,0
2023-10-28,Store_3,Product_9,45,137,0
2023-10-28,Store_3,Product_10,42,68,1
2023-10-28,Store_4,Product_1,40,134,0
2023-10-28,Store_4,Product_2,43,185,0
2023-10-28,Store_4,Product_3,67,153,0
2023-10-28,Store_4,Product_4,17,55,1
2023-10-28,Store_4,Product_5,75,167,0
2023-10-28,Store_4,Product_6,77,165,0
2023-10-28,Store_4,Product_7,38,50,0
2023-10-28,Store_4,Product_8,17,53,1
2023-10-28,Store_4,Product_9,99,137,1
2023-10-28,Store_4,Product_10,71,151,0
2023-10-28,Store_5,Product_1,19,113,0
2023-10-28,Store_5,Product_2,82,70,0
2023-10-28,Store_5,Product_3,56,72,0
2023-10-28,Store_5,Product_4,73,68,1
2023-10-28,Store_5,Product_5,21,92,0
2023-10-28,Store_5,Product_6,59,155,0
2023-10-28,Store_5,Product_7,12,61,0
2023-10-28,Store_5,Product_8,32,128,0
2023-10-28,Store_5,Product_9,74,199,0
2023-10-28,Store_5,Product_10,28,146,1
2023-10-29,Store_1,Product_1,32,59,0
2023-10-29,Store_1,Product_2,53,195,0
2023-10-29,Store_1,Product_3,62,82,0
2023-10-29,Store_1,Product_4,42,123,1
2023-10-29,Store_1,Product_5,61,189,0
2023-10-29,Store_1,Product_6,86,111,0
2023-10-29,Store_1,Product_7,89,59,0
2023-10-29,Store_1,Product_8,59,86,1
2023-10-29,Store_1,Product_9,55,87,0
2023-10-29,Store_1,Product_10,45,92,0
2023-10-29,Store_2,Product_1,107,113,1
2023-10-29,Store_2,Product_2,79,153,0
2023-10-29,Store_2,Product_3,89,53,0
2023-10-29,Store_2,Product_4,91,149,1
2023-10-29,Store_2,Product_5,92,70,0
2023-10-29,Store_2,Product_6,11,75,1
2023-10-29,Store_2,Product_7,23,92,0
2023-10-29,Store_2,Product_8,19,196,0
2023-10-29,Store_2,Product_9,55,125,0
2023-10-29,Store_2,Product_10,63,147,0
2023-10-29,Store_3,Product_1,68,131,0
2023-10-29,Store_3,Product_2,89,85,0
2023-10-29,Store_3,Product_3,36,133,1
2023-10-29,Store_3,Product_4,73,156,1
2023-10-29,Store_3,Product_5,22,72,0
2023-10-29,Store_3,Product_6,69,174,0
2023-10-29,Store_3,Product_7,73,185,0
2023-10-29,Store_3,Product_8,68,120,0
2023-10-29,Store_3,Product_9,51,123,0
2023-10-29,Store_3,Product_10,83,68,0
2023-10-29,Store_4,Product_1,37,67,1
2023-10-29,Store_4,Product_2,36,161,0
2023-10-29,Store_4,Product_3,27,162,0
2023-10-29,Store_4,Product_4,72,199,0
2023-10-29,Store_4,Product_5,45,154,0
2023-10-29,Store_4,Product_6,60,113,0
2023-10-29,Store_4,Product_7,58,185,0
2023-10-29,Store_4,Product_8,27,167,0
2023-10-29,Store_4,Product_9,43,119,0
2023-10-29,Store_4,Product_10,15,76,0
2023-10-29,Store_5,Product_1,24,105,0
2023-10-29,Store_5,Product_2,81,100,1
2023-10-29,Store_5,Product_3,10,89,0
2023-10-29,Store_5,Product_4,32,157,0
2023-10-29,Store_5,Product_5,83,163,0
2023-10-29,Store_5,Product_6,28,173,0
2023-10-29,Store_5,Product_7,23,76,1
2023-10-29,Store_5,Product_8,21,198,0
2023-10-29,Store_5,Product_9,57,104,0
2023-10-29,Store_5,Product_10,43,87,0
2023-10-30,Store_1,Product_1,23,150,0
2023-10-30,Store_1,Product_2,30,66,0
2023-10-30,Store_1,Product_3,58,101,0
2023-10-30,Store_1,Product_4,45,171,0
2023-10-30,Store_1,Product_5,55,183,0
2023-10-30,Store_1,Product_6,20,114,1
2023-10-30,Store_1,Product_7,71,164,1
2023-10-30,Store_1,Product_8,57,129,0
2023-10-30,Store_1,Product_9,50,186,0
2023-10-30,Store_1,Product_10,68,67,0
2023-10-30,Store_2,Product_1,81,159,0
2023-10-30,Store_2,Product_2,18,112,0
2023-10-30,Store_2,Product_3,65,52,0
2023-10-30,Store_2,Product_4,30,52,0
2023-10-30,Store_2,Product_5,71,96,0
2023-10-30,Store_2,Product_6,15,151,1
2023-10-30,Store_2,Product_7,12,135,0
2023-10-30,Store_2,Product_8,83,136,0
2023-10-30,Store_2,Product_9,16,135,0
2023-10-30,Store_2,Product_10,37,105,0
2023-10-30,Store_3,Product_1,80,144,0
2023-10-30,Store_3,Product_2,60,151,1
2023-10-30,Store_3,Product_3,78,53,0
2023-10-30,Store_3,Product_4,18,60,0
2023-10-30,Store_3,Product_5,98,99,1
2023-10-30,Store_3,Product_6,94,90,0
2023-10-30,Store_3,Product_7,100,115,1
2023-10-30,Store_3,Product_8,90,83,0
2023-10-30,Store_3,Product_9,53,141,0
2023-10-30,Store_3,Product_10,43,55,0
2023-10-30,Store_4,Product_1,19,92,0
2023-10-30,Store_4,Product_2,32,169,0
2023-10-30,Store_4,Product_3,53,160,0
2023-10-30,Store_4,Product_4,32,185,0
2023-10-30,Store_4,Product_5,51,192,0
2023-10-30,Store_4,Product_6,30,157,0
2023-10-30,Store_4,Product_7,81,197,0
2023-10-30,Store_4,Product_8,30,158,0
2023-10-30,Store_4,Product_9,93,62,0
2023-10-30,Store_4,Product_10,65,146,0
2023-10-30,Store_5,Product_1,28,86,0
2023-10-30,Store_5,Product_2,30,142,0
2023-10-30,Store_5,Product_3,54,61,0
2023-10-30,Store_5,Product_4,74,175,0
2023-10-30,Store_5,Product_5,72,79,0
2023-10-30,Store_5,Product_6,5,63,0
2023-10-30,Store_5,Product_7,78,82,0
2023-10-30,Store_5,Product_8,24,56,0
2023-10-30,Store_5,Product_9,70,86,0
2023-10-30,Store_5,Product_10,86,110,0
2023-10-31,Store_1,Product_1,56,63,0
2023-10-31,Store_1,Product_2,75,68,0
2023-10-31,Store_1,Product_3,29,73,1
2023-10-31,Store_1,Product_4,87,55,1
2023-10-31,Store_1,Product_5,37,167,0
2023-10-31,Store_1,Product_6,63,147,0
2023-10-31,Store_1,Product_7,17,183,1
2023-10-31,Store_1,Product_8,23,133,0
2023-10-31,Store_1,Product_9,76,118,1
2023-10-31,Store_1,Product_10,40,91,0
2023-10-31,Store_2,Product_1,77,112,0
2023-10-31,Store_2,Product_2,13,144,0
2023-10-31,Store_2,Product_3,34,93,0
2023-10-31,Store_2,Product_4,34,87,0
2023-10-31,Store_2,Product_5,89,103,0
2023-10-31,Store_2,Product_6,23,157,0
2023-10-31,Store_2,Product_7,93,62,1
2023-10-31,Store_2,Product_8,78,96,0
2023-10-31,Store_2,Product_9,25,143,1
2023-10-31,Store_2,Product_10,71,69,1
2023-10-31,Store_3,Product_1,45,100,1
2023-10-31,Store_3,Product_2,36,164,0
2023-10-31,Store_3,Product_3,22,187,1
2023-10-31,Store_3,Product_4,64,64,0
2023-10-31,Store_3,Product_5,88,170,1
2023-10-31,Store_3,Product_6,32,74,0
2023-10-31,Store_3,Product_7,38,161,0
2023-10-31,Store_3,Product_8,29,78,0
2023-10-31,Store_3,Product_9,25,198,0
2023-10-31,Store_3,Product_10,53,162,0
2023-10-31,Store_4,Product_1,38,88,0
2023-10-31,Store_4,Product_2,24,133,0
2023-10-31,Store_4,Product_3,48,64,0
2023-10-31,Store_4,Product_4,41,110,0
2023-10-31,Store_4,Product_5,69,197,0
2023-10-31,Store_4,Product_6,86,191,1
2023-10-31,Store_4,Product_7,15,185,1
2023-10-31,Store_4,Product_8,72,119,0
2023-10-31,Store_4,Product_9,23,128,0
2023-10-31,Store_4,Product_10,82,71,0
2023-10-31,Store_5,Product_1,63,86,0
2023-10-31,Store_5,Product_2,90,155,0
2023-10-31,Store_5,Product_3,49,125,0
2023-10-31,Store_5,Product_4,53,189,0
2023-10-31,Store_5,Product_5,17,153,0
2023-10-31,Store_5,Product_6,17,186,0
2023-10-31,Store_5,Product_7,78,127,0
2023-10-31,Store_5,Product_8,95,174,1
2023-10-31,Store_5,Product_9,89,189,0
2023-10-31,Store_5,Product_10,69,116,0
2023-11-01,Store_1,Product_1,91,133,0
2023-11-01,Store_1,Product_2,39,154,0
2023-11-01,Store_1,Product_3,19,191,0
2023-11-01,Store_1,Product_4,38,55,0
2023-11-01,Store_1,Product_5,38,179,0
2023-11-01,Store_1,Product_6,70,157,1
2023-11-01,Store_1,Product_7,61,83,1
2023-11-01,Store_1,Product_8,24,111,0
2023-11-01,Store_1,Product_9,92,132,0
2023-11-01,Store_1,Product_10,37,197,0
2023-11-01,Store_2,Product_1,47,103,0
2023-11-01,Store_2,Product_2,62,102,0
2023-11-01,Store_2,Product_3,20,74,0
2023-11-01,Store_2,Product_4,82,174,0
2023-11-01,Store_2,Product_5,78,111,0
2023-11-01,Store_2,Product_6,47,140,0
2023-11-01,Store_2,Product_7,48,68,0
2023-11-01,Store_2,Product_8,29,121,0
2023-11-01,Store_2,Product_9,104,55,1
2023-11-01,Store_2,Product_10,66,53,0
2023-11-01,Store_3,Product_1,38,64,0
2023-11-01,Store_3,Product_2,80,91,1
2023-11-01,Store_3,Product_3,41,175,0
2023-11-01,Store_3,Product_4,72,191,0
2023-11-01,Store_3,Product_5,24,52,1
2023-11-01,Store_3,Product_6,75,75,0
2023-11-01,Store_3,Product_7,58,104,0
2023-11-01,Store_3,Product_8,41,190,0
2023-11-01,Store_3,Product_9,77,61,0
2023-11-01,Store_3,Product_10,45,80,0
2023-11-01,Store_4,Product_1,19,121,0
2023-11-01,Store_4,Product_2,45,87,0
2023-11-01,Store_4,Product_3,62,161,1
2023-11-01,Store_4,Product_4,91,129,0
2023-11-01,Store_4,Product_5,87,152,1
2023-11-01,Store_4,Product_6,45,151,0
2023-11-01,Store_4,Product_7,70,98,0
2023-11-01,Store_4,Product_8,59,191,1
2023-11-01,Store_4,Product_9,7,99,0
2023-11-01,Store_4,Product_10,69,64,0
2023-11-01,Store_5,Product_1,11,105,0
2023-11-01,Store_5,Product_2,24,181,0
2023-11-01,Store_5,Product_3,42,88,0
2023-11-01,Store_5,Product_4,13,114,0
2023-11-01,Store_5,Product_5,48,156,1
2023-11-01,Store_5,Product_6,13,150,0
2023-11-01,Store_5,Product_7,35,192,0
2023-11-01,Store_5,Product_8,41,197,0
2023-11-01,Store_5,Product_9,77,134,0
2023-11-01,Store_5,Product_10,34,143,0
2023-11-02,Store_1,Product_1,20,53,0
2023-11-02,Store_1,Product_2,59,55,0
2023-11-02,Store_1,Product_3,66,134,0
2023-11-02,Store_1,Product_4,86,69,0
2023-11-02,Store_1,Product_5,79,50,0
2023-11-02,Store_1,Product_6,26,132,1
2023-11-02,Store_1,Product_7,89,142,1
2023-11-02,Store_1,Product_8,88,176,1
2023-11-02,Store_1,Product_9,63,167,0
2023-11-02,Store_1,Product_10,86,175,0
2023-11-02,Store_2,Product_1,23,83,0
2023-11-02,Store_2,Product_2,87,176,0
2023-11-02,Store_2,Product_3,84,162,0
2023-11-02,Store_2,Product_4,32,184,0
2023-11-02,Store_2,Product_5,102,194,1
2023-11-02,Store_2,Product_6,78,97,0
2023-11-02,Store_2,Product_7,33,120,0
2023-11-02,Store_2,Product_8,89,122,0
2023-11-02,Store_2,Product_9,57,199,0
2023-11-02,Store_2,Product_10,87,55,0
2023-11-02,Store_3,Product_1,53,176,0
2023-11-02,Store_3,Product_2,107,71,1
2023-11-02,Store_3,Product_3,48,92,0
2023-11-02,Store_3,Product_4,64,113,1
2023-11-02,Store_3,Product_5,60,78,0
2023-11-02,Store_3,Product_6,46,130,0
2023-11-02,Store_3,Product_7,18,152,0
2023-11-02,Store_3,Product_8,53,89,0
2023-11-02,Store_3,Product_9,31,174,0
2023-11-02,Store_3,Product_10,29,199,0
2023-11-02,Store_4,Product_1,93,88,1
2023-11-02,Store_4,Product_2,53,94,0
2023-11-02,Store_4,Product_3,89,104,0
2023-11-02,Store_4,Product_4,28,182,0
2023-11-02,Store_4,Product_5,33,99,0
2023-11-02,Store_4,Product_6,70,57,0
2023-11-02,Store_4,Product_7,34,151,0
2023-11-02,Store_4,Product_8,55,170,1
2023-11-02,Store_4,Product_9,25,143,1
2023-11-02,Store_4,Product_10,60,93,0
2023-11-02,Store_5,Product_1,23,172,0
2023-11-02,Store_5,Product_2,76,157,0
2023-11-02,Store_5,Product_3,57,58,0
2023-11-02,Store_5,Product_4,49,158,0
2023-11-02,Store_5,Product_5,85,171,0
2023-11-02,Store_5,Product_6,56,86,0
2023-11-02,Store_5,Product_7,27,124,1
2023-11-02,Store_5,Product_8,32,85,0
2023-11-02,Store_5,Product_9,49,90,0
2023-11-02,Store_5,Product_10,56,163,1
2023-11-03,Store_1,Product_1,65,153,0
2023-11-03,Store_1,Product_2,13,81,0
2023-11-03,Store_1,Product_3,55,144,0
2023-11-03,Store_1,Product_4,62,121,0
2023-11-03,Store_1,Product_5,75,97,0
2023-11-03,Store_1,Product_6,33,163,0
2023-11-03,Store_1,Product_7,85,188,1
2023-11-03,Store_1,Product_8,82,103,0
2023-11-03,Store_1,Product_9,27,94,0
2023-11-03,Store_1,Product_10,68,88,0
2023-11-03,Store_2,Product_1,28,174,0
2023-11-03,Store_2,Product_2,39,149,0
2023-11-03,Store_2,Product_3,68,180,1
2023-11-03,Store_2,Product_4,14,163,0
2023-11-03,Store_2,Product_5,31,168,0
2023-11-03,Store_2,Product_6,26,98,1
2023-11-03,Store_2,Product_7,30,133,1
2023-11-03,Store_2,Product_8,20,141,0
2023-11-03,Store_2,Product_9,52,166,1
2023-11-03,Store_2,Product_10,89,197,0
2023-11-03,Store_3,Product_1,12,108,0
2023-11-03,Store_3,Product_2,65,101,0
2023-11-03,Store_3,Product_3,85,148,0
2023-11-03,Store_3,Product_4,92,60,1
2023-11-03,Store_3,Product_5,72,126,0
2023-11-03,Store_3,Product_6,43,107,0
2023-11-03,Store_3,Product_7,28,71,0
2023-11-03,Store_3,Product_8,85,86,0
2023-11-03,Store_3,Product_9,76,52,0
2023-11-03,Store_3,Product_10,87,142,0
2023-11-03,Store_4,Product_1,56,105,0
2023-11-03,Store_4,Product_2,45,75,0
2023-11-03,Store_4,Product_3,83,199,0
2023-11-03,Store_4,Product_4,52,147,0
2023-11-03,Store_4,Product_5,38,61,0
2023-11-03,Store_4,Product_6,65,61,0
2023-11-03,Store_4,Product_7,42,87,1
2023-11-03,Store_4,Product_8,39,187,1
2023-11-03,Store_4,Product_9,65,154,0
2023-11-03,Store_4,Product_10,85,142,1
2023-11-03,Store_5,Product_1,74,81,0
2023-11-03,Store_5,Product_2,50,155,0
2023-11-03,Store_5,Product_3,60,84,0
2023-11-03,Store_5,Product_4,48,71,0
2023-11-03,Store_5,Product_5,91,72,1
2023-11-03,Store_5,Product_6,44,130,0
2023-11-03,Store_5,Product_7,9,159,0
2023-11-03,Store_5,Product_8,68,198,1
2023-11-03,Store_5,Product_9,82,99,0
2023-11-03,Store_5,Product_10,80,115,0
2023-11-04,Store_1,Product_1,47,141,0
2023-11-04,Store_1,Product_2,14,101,0
2023-11-04,Store_1,Product_3,30,129,0
2023-11-04,Store_1,Product_4,85,66,0
2023-11-04,Store_1,Product_5,69,180,1
2023-11-04,Store_1,Product_6,20,175,0
2023-11-04,Store_1,Product_7,41,125,1
2023-11-04,Store_1,Product_8,77,162,0
2023-11-04,Store_1,Product_9,17,156,0
2023-11-04,Store_1,Product_10,57,72,0
2023-11-04,Store_2,Product_1,82,181,0
2023-11-04,Store_2,Product_2,27,86,0
2023-11-04,Store_2,Product_3,14,55,0
2023-11-04,Store_2,Product_4,77,168,0
2023-11-04,Store_2,Product_5,87,126,1
2023-11-04,Store_2,Product_6,42,141,0
2023-11-04,Store_2,Product_7,34,84,1
2023-11-04,Store_2,Product_8,69,180,1
2023-11-04,Store_2,Product_9,9,52,0
2023-11-04,Store_2,Product_10,9,189,0
2023-11-04,Store_3,Product_1,76,131,1
2023-11-04,Store_3,Product_2,19,101,0
2023-11-04,Store_3,Product_3,71,168,0
2023-11-04,Store_3,Product_4,93,117,0
2023-11-04,Store_3,Product_5,31,155,0
2023-11-04,Store_3,Product_6,49,135,0
2023-11-04,Store_3,Product_7,77,75,0
2023-11-04,Store_3,Product_8,65,70,0
2023-11-04,Store_3,Product_9,72,197,0
2023-11-04,Store_3,Product_10,59,177,0
2023-11-04,Store_4,Product_1,18,185,0
2023-11-04,Store_4,Product_2,36,82,0
2023-11-04,Store_4,Product_3,73,77,0
2023-11-04,Store_4,Product_4,88,163,0
2023-11-04,Store_4,Product_5,48,91,0
2023-11-04,Store_4,Product_6,45,86,0
2023-11-04,Store_4,Product_7,31,106,0
2023-11-04,Store_4,Product_8,54,157,0
2023-11-04,Store_4,Product_9,40,131,0
2023-11-04,Store_4,Product_10,47,136,1
2023-11-04,Store_5,Product_1,36,151,0
2023-11-04,Store_5,Product_2,29,146,0
2023-11-04,Store_5,Product_3,29,57,0
2023-11-04,Store_5,Product_4,19,150,0
2023-11-04,Store_5,Product_5,38,79,1
2023-11-04,Store_5,Product_6,57,80,0
2023-11-04,Store_5,Product_7,67,159,0
2023-11-04,Store_5,Product_8,22,107,0
2023-11-04,Store_5,Product_9,35,150,0
2023-11-04,Store_5,Product_10,74,196,0
2023-11-05,Store_1,Product_1,33,184,1
2023-11-05,Store_1,Product_2,95,134,0
2023-11-05,Store_1,Product_3,28,91,0
2023-11-05,Store_1,Product_4,33,70,0
2023-11-05,Store_1,Product_5,75,99,0
2023-11-05,Store_1,Product_6,17,172,0
2023-11-05,Store_1,Product_7,26,154,1
2023-11-05,Store_1,Product_8,39,123,0
2023-11-05,Store_1,Product_9,22,128,0
2023-11-05,Store_1,Product_10,15,117,0
2023-11-05,Store_2,Product_1,70,83,1
2023-11-05,Store_2,Product_2,5,115,0
2023-11-05,Store_2,Product_3,19,162,0
2023-11-05,Store_2,Product_4,15,78,0
2023-11-05,Store_2,Product_5,20,112,0
2023-11-05,Store_2,Product_6,74,89,1
2023-11-05,Store_2,Product_7,13,155,0
2023-11-05,Store_2,Product_8,69,152,0
2023-11-05,Store_2,Product_9,26,179,0
2023-11-05,Store_2,Product_10,63,97,0
2023-11-05,Store_3,Product_1,13,165,0
2023-11-05,Store_3,Product_2,13,85,1
2023-11-05,Store_3,Product_3,25,193,0
2023-11-05,Store_3,Product_4,39,83,0
2023-11-05,Store_3,Product_5,71,53,0
2023-11-05,Store_3,Product_6,57,50,1
2023-11-05,Store_3,Product_7,24,135,0
2023-11-05,Store_3,Product_8,8,66,1
2023-11-05,Store_3,Product_9,66,183,0
2023-11-05,Store_3,Product_10,56,50,0
2023-11-05,Store_4,Product_1,32,98,0
2023-11-05,Store_4,Product_2,56,141,0
2023-11-05,Store_4,Product_3,82,118,0
2023-11-05,Store_4,Product_4,23,171,0
2023-11-05,Store_4,Product_5,77,80,0
2023-11-05,Store_4,Product_6,74,157,0
2023-11-05,Store_4,Product_7,79,164,0
2023-11-05,Store_4,Product_8,74,110,0
2023-11-05,Store_4,Product_9,94,81,0
2023-11-05,Store_4,Product_10,32,186,0
2023-11-05,Store_5,Product_1,50,150,0
2023-11-05,Store_5,Product_2,14,76,0
2023-11-05,Store_5,Product_3,85,127,0
2023-11-05,Store_5,Product_4,61,145,0
2023-11-05,Store_5,Product_5,40,60,0
2023-11-05,Store_5,Product_6,19,135,0
2023-11-05,Store_5,Product_7,12,51,0
2023-11-05,Store_5,Product_8,35,96,0
2023-11-05,Store_5,Product_9,98,70,0
2023-11-05,Store_5,Product_10,39,195,1
2023-11-06,Store_1,Product_1,38,97,0
2023-11-06,Store_1,Product_2,62,178,0
2023-11-06,Store_1,Product_3,63,142,1
2023-11-06,Store_1,Product_4,63,107,1
2023-11-06,Store_1,Product_5,73,77,1
2023-11-06,Store_1,Product_6,32,74,0
2023-11-06,Store_1,Product_7,13,144,0
2023-11-06,Store_1,Product_8,83,174,0
2023-11-06,Store_1,Product_9,43,194,0
2023-11-06,Store_1,Product_10,32,69,0
2023-11-06,Store_2,Product_1,46,90,0
2023-11-06,Store_2,Product_2,12,57,0
2023-11-06,Store_2,Product_3,63,120,1
2023-11-06,Store_2,Product_4,65,152,1
2023-11-06,Store_2,Product_5,19,167,0
2023-11-06,Store_2,Product_6,76,122,0
2023-11-06,Store_2,Product_7,98,139,1
2023-11-06,Store_2,Product_8,23,70,0
2023-11-06,Store_2,Product_9,77,170,0
2023-11-06,Store_2,Product_10,60,162,0
2023-11-06,Store_3,Product_1,37,130,0
2023-11-06,Store_3,Product_2,62,102,0
2023-11-06,Store_3,Product_3,94,137,1
2023-11-06,Store_3,Product_4,81,183,0
2023-11-06,Store_3,Product_5,64,124,0
2023-11-06,Store_3,Product_6,88,55,0
2023-11-06,Store_3,Product_7,68,97,0
2023-11-06,Store_3,Product_8,76,59,0
2023-11-06,Store_3,Product_9,95,83,1
2023-11-06,Store_3,Product_10,70,61,0
2023-11-06,Store_4,Product_1,19,172,0
2023-11-06,Store_4,Product_2,18,70,0
2023-11-06,Store_4,Product_3,16,146,0
2023-11-06,Store_4,Product_4,36,71,0
2023-11-06,Store_4,Product_5,60,128,0
2023-11-06,Store_4,Product_6,46,105,0
2023-11-06,Store_4,Product_7,8,181,1
2023-11-06,Store_4,Product_8,57,184,0
2023-11-06,Store_4,Product_9,67,173,0
2023-11-06,Store_4,Product_10,40,176,0
2023-11-06,Store_5,Product_1,46,87,0
2023-11-06,Store_5,Product_2,68,183,0
2023-11-06,Store_5,Product_3,28,82,1
2023-11-06,Store_5,Product_4,77,191,0
2023-11-06,Store_5,Product_5,84,188,0
2023-11-06,Store_5,Product_6,33,79,0
2023-11-06,Store_5,Product_7,20,171,1
2023-11-06,Store_5,Product_8,71,184,0
2023-11-06,Store_5,Product_9,24,192,1
2023-11-06,Store_5,Product_10,55,164,1
2023-11-07,Store_1,Product_1,63,74,0
2023-11-07,Store_1,Product_2,11,167,0
2023-11-07,Store_1,Product_3,18,118,0
2023-11-07,Store_1,Product_4,71,123,1
2023-11-07,Store_1,Product_5,91,184,1
2023-11-07,Store_1,Product_6,56,186,0
2023-11-07,Store_1,Product_7,91,182,0
2023-11-07,Store_1,Product_8,36,73,0
2023-11-07,Store_1,Product_9,48,165,0
2023-11-07,Store_1,Product_10,21,160,0
2023-11-07,Store_2,Product_1,39,174,1
2023-11-07,Store_2,Product_2,38,183,0
2023-11-07,Store_2,Product_3,87,64,0
2023-11-07,Store_2,Product_4,55,131,0
2023-11-07,Store_2,Product_5,67,131,0
2023-11-07,Store_2,Product_6,54,50,0
2023-11-07,Store_2,Product_7,48,136,0
2023-11-07,Store_2,Product_8,90,171,0
2023-11-07,Store_2,Product_9,35,72,0
2023-11-07,Store_2,Product_10,59,194,0
2023-11-07,Store_3,Product_1,37,197,0
2023-11-07,Store_3,Product_2,44,51,0
2023-11-07,Store_3,Product_3,29,77,0
2023-11-07,Store_3,Product_4,86,162,0
2023-11-07,Store_3,Product_5,83,140,0
2023-11-07,Store_3,Product_6,37,187,0
2023-11-07,Store_3,Product_7,78,158,1
2023-11-07,Store_3,Product_8,39,173,0
2023-11-07,Store_3,Product_9,13,90,0
2023-11-07,Store_3,Product_10,25,119,0
2023-11-07,Store_4,Product_1,44,52,0
2023-11-07,Store_4,Product_2,10,143,0
2023-11-07,Store_4,Product_3,43,134,0
2023-11-07,Store_4,Product_4,81,171,0
2023-11-07,Store_4,Product_5,18,170,0
2023-11-07,Store_4,Product_6,18,72,0
2023-11-07,Store_4,Product_7,62,147,1
2023-11-07,Store_4,Product_8,83,54,0
2023-11-07,Store_4,Product_9,43,198,0
2023-11-07,Store_4,Product_10,41,84,0
2023-11-07,Store_5,Product_1,45,100,0
2023-11-07,Store_5,Product_2,48,79,0
2023-11-07,Store_5,Product_3,33,174,0
2023-11-07,Store_5,Product_4,80,119,1
2023-11-07,Store_5,Product_5,21,186,0
2023-11-07,Store_5,Product_6,24,66,1
2023-11-07,Store_5,Product_7,83,179,0
2023-11-07,Store_5,Product_8,96,100,1
2023-11-07,Store_5,Product_9,80,143,0
2023-11-07,Store_5,Product_10,12,56,0
2023-11-08,Store_1,Product_1,79,199,0
2023-11-08,Store_1,Product_2,68,116,0
2023-11-08,Store_1,Product_3,63,189,0
2023-11-08,Store_1,Product_4,72,76,1
2023-11-08,Store_1,Product_5,77,116,1
2023-11-08,Store_1,Product_6,31,183,0
2023-11-08,Store_1,Product_7,63,81,0
2023-11-08,Store_1,Product_8,28,80,0
2023-11-08,Store_1,Product_9,60,104,0
2023-11-08,Store_1,Product_10,14,146,0
2023-11-08,Store_2,Product_1,74,134,1
2023-11-08,Store_2,Product_2,68,136,1
2023-11-08,Store_2,Product_3,32,156,1
2023-11-08,Store_2,Product_4,42,91,1
2023-11-08,Store_2,Product_5,84,183,0
2023-11-08,Store_2,Product_6,27,91,0
2023-11-08,Store_2,Product_7,72,92,0
2023-11-08,Store_2,Product_8,22,133,0
2023-11-08,Store_2,Product_9,49,62,1
2023-11-08,Store_2,Product_10,45,189,0
2023-11-08,Store_3,Product_1,12,142,0
2023-11-08,Store_3,Product_2,80,195,0
2023-11-08,Store_3,Product_3,56,162,0
2023-11-08,Store_3,Product_4,78,115,0
2023-11-08,Store_3,Product_5,23,168,0
2023-11-08,Store_3,Product_6,17,186,0
2023-11-08,Store_3,Product_7,87,53,0
2023-11-08,Store_3,Product_8,48,162,0
2023-11-08,Store_3,Product_9,42,179,0
2023-11-08,Store_3,Product_10,35,179,0
2023-11-08,Store_4,Product_1,26,95,0
2023-11-08,Store_4,Product_2,34,90,0
2023-11-08,Store_4,Product_3,64,56,1
2023-11-08,Store_4,Product_4,30,67,0
2023-11-08,Store_4,Product_5,31,107,1
2023-11-08,Store_4,Product_6,26,76,0
2023-11-08,Store_4,Product_7,109,130,1
2023-11-08,Store_4,Product_8,66,141,0
2023-11-08,Store_4,Product_9,36,190,0
2023-11-08,Store_4,Product_10,38,153,0
2023-11-08,Store_5,Product_1,46,52,0
2023-11-08,Store_5,Product_2,50,122,0
2023-11-08,Store_5,Product_3,83,157,0
2023-11-08,Store_5,Product_4,5,74,0
2023-11-08,Store_5,Product_5,67,138,0
2023-11-08,Store_5,Product_6,67,193,0
2023-11-08,Store_5,Product_7,87,171,1
2023-11-08,Store_5,Product_8,26,98,0
2023-11-08,Store_5,Product_9,21,84,1
2023-11-08,Store_5,Product_10,34,63,0
2023-11-09,Store_1,Product_1,24,83,0
2023-11-09,Store_1,Product_2,26,190,0
2023-11-09,Store_1,Product_3,29,116,0
2023-11-09,Store_1,Product_4,14,189,0
2023-11-09,Store_1,Product_5,82,122,0
2023-11-09,Store_1,Product_6,26,52,0
2023-11-09,Store_1,Product_7,98,52,1
2023-11-09,Store_1,Product_8,18,142,0
2023-11-09,Store_1,Product_9,19,106,0
2023-11-09,Store_1,Product_10,26,114,0
2023-11-09,Store_2,Product_1,88,181,1
2023-11-09,Store_2,Product_2,69,81,0
2023-11-09,Store_2,Product_3,94,61,1
2023-11-09,Store_2,Product_4,82,196,0
2023-11-09,Store_2,Product_5,55,56,0
2023-11-09,Store_2,Product_6,40,164,1
2023-11-09,Store_2,Product_7,48,94,0
2023-11-09,Store_2,Product_8,27,181,0
2023-11-09,Store_2,Product_9,42,158,0
2023-11-09,Store_2,Product_10,60,90,0
2023-11-09,Store_3,Product_1,9,163,0
2023-11-09,Store_3,Product_2,62,65,0
2023-11-09,Store_3,Product_3,49,199,0
2023-11-09,Store_3,Product_4,55,106,0
2023-11-09,Store_3,Product_5,66,102,0
2023-11-09,Store_3,Product_6,31,192,0
2023-11-09,Store_3,Product_7,46,169,1
2023-11-09,Store_3,Product_8,3,107,0
2023-11-09,Store_3,Product_9,65,128,0
2023-11-09,Store_3,Product_10,59,59,0
2023-11-09,Store_4,Product_1,58,156,0
2023-11-09,Store_4,Product_2,13,54,0
2023-11-09,Store_4,Product_3,55,66,0
2023-11-09,Store_4,Product_4,42,88,0
2023-11-09,Store_4,Product_5,27,90,0
2023-11-09,Store_4,Product_6,56,157,0
2023-11-09,Store_4,Product_7,83,167,0
2023-11-09,Store_4,Product_8,82,71,0
2023-11-09,Store_4,Product_9,20,65,0
2023-11-09,Store_4,Product_10,34,63,0
2023-11-09,Store_5,Product_1,84,70,0
2023-11-09,Store_5,Product_2,59,154,0
2023-11-09,Store_5,Product_3,64,132,0
2023-11-09,Store_5,Product_4,37,128,0
2023-11-09,Store_5,Product_5,49,61,0
2023-11-09,Store_5,Product_6,90,191,1
2023-11-09,Store_5,Product_7,66,127,0
2023-11-09,Store_5,Product_8,57,162,0
2023-11-09,Store_5,Product_9,23,100,0
2023-11-09,Store_5,Product_10,62,176,0
2023-11-10,Store_1,Product_1,14,151,0
2023-11-10,Store_1,Product_2,33,120,0
2023-11-10,Store_1,Product_3,74,155,0
2023-11-10,Store_1,Product_4,13,188,0
2023-11-10,Store_1,Product_5,54,199,0
2023-11-10,Store_1,Product_6,47,107,0
2023-11-10,Store_1,Product_7,56,180,0
2023-11-10,Store_1,Product_8,70,116,0
2023-11-10,Store_1,Product_9,75,182,0
2023-11-10,Store_1,Product_10,49,153,0
2023-11-10,Store_2,Product_1,65,124,0
2023-11-10,Store_2,Product_2,80,117,1
2023-11-10,Store_2,Product_3,75,117,1
2023-11-10,Store_2,Product_4,15,84,0
2023-11-10,Store_2,Product_5,29,175,0
2023-11-10,Store_2,Product_6,31,54,0
2023-11-10,Store_2,Product_7,70,144,1
2023-11-10,Store_2,Product_8,80,141,0
2023-11-10,Store_2,Product_9,30,167,0
2023-11-10,Store_2,Product_10,59,96,0
2023-11-10,Store_3,Product_1,42,170,1
2023-11-10,Store_3,Product_2,22,107,0
2023-11-10,Store_3,Product_3,69,188,0
2023-11-10,Store_3,Product_4,45,168,0
2023-11-10,Store_3,Product_5,21,56,0
2023-11-10,Store_3,Product_6,18,69,1
2023-11-10,Store_3,Product_7,33,133,0
2023-11-10,Store_3,Product_8,44,146,0
2023-11-10,Store_3,Product_9,62,72,0
2023-11-10,Store_3,Product_10,47,153,0
2023-11-10,Store_4,Product_1,41,92,0
2023-11-10,Store_4,Product_2,88,101,1
2023-11-10,Store_4,Product_3,79,115,0
2023-11-10,Store_4,Product_4,33,125,0
2023-11-10,Store_4,Product_5,59,122,0
2023-11-10,Store_4,Product_6,43,50,0
2023-11-10,Store_4,Product_7,33,170,0
2023-11-10,Store_4,Product_8,37,70,0
2023-11-10,Store_4,Product_9,39,91,0
2023-11-10,Store_4,Product_10,68,147,0
2023-11-10,Store_5,Product_1,51,86,1
2023-11-10,Store_5,Product_2,18,126,0
2023-11-10,Store_5,Product_3,37,164,0
2023-11-10,Store_5,Product_4,27,104,0
2023-11-10,Store_5,Product_5,91,83,0
2023-11-10,Store_5,Product_6,81,156,0
2023-11-10,Store_5,Product_7,57,192,0
2023-11-10,Store_5,Product_8,60,199,1
2023-11-10,Store_5,Product_9,108,93,1
2023-11-10,Store_5,Product_10,47,126,1
2023-11-11,Store_1,Product_1,58,184,1
2023-11-11,Store_1,Product_2,18,127,0
2023-11-11,Store_1,Product_3,41,162,0
2023-11-11,Store_1,Product_4,75,185,1
2023-11-11,Store_1,Product_5,75,96,0
2023-11-11,Store_1,Product_6,61,142,0
2023-11-11,Store_1,Product_7,60,95,1
2023-11-11,Store_1,Product_8,78,145,0
2023-11-11,Store_1,Product_9,74,171,0
2023-11-11,Store_1,Product_10,95,179,0
2023-11-11,Store_2,Product_1,85,71,0
2023-11-11,Store_2,Product_2,29,106,0
2023-11-11,Store_2,Product_3,39,66,0
2023-11-11,Store_2,Product_4,17,103,0
2023-11-11,Store_2,Product_5,68,110,1
2023-11-11,Store_2,Product_6,83,69,0
2023-11-11,Store_2,Product_7,77,95,1
2023-11-11,Store_2,Product_8,93,91,0
2023-11-11,Store_2,Product_9,30,90,0
2023-11-11,Store_2,Product_10,67,62,0
2023-11-11,Store_3,Product_1,79,144,1
2023-11-11,Store_3,Product_2,39,70,0
2023-11-11,Store_3,Product_3,20,140,1
2023-11-11,Store_3,Product_4,109,93,1
2023-11-11,Store_3,Product_5,78,155,0
2023-11-11,Store_3,Product_6,82,150,0
2023-11-11,Store_3,Product_7,37,178,0
2023-11-11,Store_3,Product_8,87,139,0
2023-11-11,Store_3,Product_9,59,85,0
2023-11-11,Store_3,Product_10,58,137,0
2023-11-11,Store_4,Product_1,60,131,0
2023-11-11,Store_4,Product_2,42,108,0
2023-11-11,Store_4,Product_3,74,173,0
2023-11-11,Store_4,Product_4,22,141,1
2023-11-11,Store_4,Product_5,26,141,0
2023-11-11,Store_4,Product_6,58,144,0
2023-11-11,Store_4,Product_7,42,67,0
2023-11-11,Store_4,Product_8,62,60,0
2023-11-11,Store_4,Product_9,40,190,0
2023-11-11,Store_4,Product_10,46,190,1
2023-11-11,Store_5,Product_1,27,89,0
2023-11-11,Store_5,Product_2,77,101,1
2023-11-11,Store_5,Product_3,5,67,0
2023-11-11,Store_5,Product_4,30,164,0
2023-11-11,Store_5,Product_5,56,83,0
2023-11-11,Store_5,Product_6,91,114,1
2023-11-11,Store_5,Product_7,65,164,1
2023-11-11,Store_5,Product_8,52,144,0
2023-11-11,Store_5,Product_9,80,125,1
2023-11-11,Store_5,Product_10,80,149,0
2023-11-12,Store_1,Product_1,19,115,0
2023-11-12,Store_1,Product_2,33,199,0
2023-11-12,Store_1,Product_3,99,167,1
2023-11-12,Store_1,Product_4,87,115,0
2023-11-12,Store_1,Product_5,7,69,0
2023-11-12,Store_1,Product_6,74,147,0
2023-11-12,Store_1,Product_7,87,175,0
2023-11-12,Store_1,Product_8,31,79,1
2023-11-12,Store_1,Product_9,4,162,0
2023-11-12,Store_1,Product_10,21,182,1
2023-11-12,Store_2,Product_1,30,52,0
2023-11-12,Store_2,Product_2,79,63,1
2023-11-12,Store_2,Product_3,64,55,1
2023-11-12,Store_2,Product_4,55,113,0
2023-11-12,Store_2,Product_5,12,168,0
2023-11-12,Store_2,Product_6,77,139,0
2023-11-12,Store_2,Product_7,47,77,1
2023-11-12,Store_2,Product_8,93,122,0
2023-11-12,Store_2,Product_9,59,106,1
2023-11-12,Store_2,Product_10,9,185,0
2023-11-12,Store_3,Product_1,59,79,1
2023-11-12,Store_3,Product_2,80,104,0
2023-11-12,Store_3,Product_3,32,149,0
2023-11-12,Store_3,Product_4,21,72,0
2023-11-12,Store_3,Product_5,87,171,0
2023-11-12,Store_3,Product_6,89,196,0
2023-11-12,Store_3,Product_7,47,108,0
2023-11-12,Store_3,Product_8,56,143,0
2023-11-12,Store_3,Product_9,93,167,0
2023-11-12,Store_3,Product_10,49,84,0
2023-11-12,Store_4,Product_1,69,90,0
2023-11-12,Store_4,Product_2,55,105,1
2023-11-12,Store_4,Product_3,51,166,0
2023-11-12,Store_4,Product_4,55,167,0
2023-11-12,Store_4,Product_5,35,55,0
2023-11-12,Store_4,Product_6,39,65,1
2023-11-12,Store_4,Product_7,42,56,1
2023-11-12,Store_4,Product_8,41,109,0
2023-11-12,Store_4,Product_9,76,122,1
2023-11-12,Store_4,Product_10,40,187,0
2023-11-12,Store_5,Product_1,60,153,0
2023-11-12,Store_5,Product_2,82,174,1
2023-11-12,Store_5,Product_3,61,184,1
2023-11-12,Store_5,Product_4,75,146,1
2023-11-12,Store_5,Product_5,87,89,1
2023-11-12,Store_5,Product_6,28,148,0
2023-11-12,Store_5,Product_7,29,148,0
2023-11-12,Store_5,Product_8,73,86,0
2023-11-12,Store_5,Product_9,25,151,0
2023-11-12,Store_5,Product_10,21,191,0
2023-11-13,Store_1,Product_1,81,89,1
2023-11-13,Store_1,Product_2,15,91,0
2023-11-13,Store_1,Product_3,50,59,0
2023-11-13,Store_1,Product_4,86,197,0
2023-11-13,Store_1,Product_5,73,133,0
2023-11-13,Store_1,Product_6,14,91,0
2023-11-13,Store_1,Product_7,41,100,0
2023-11-13,Store_1,Product_8,32,165,1
2023-11-13,Store_1,Product_9,82,122,0
2023-11-13,Store_1,Product_10,45,156,0
2023-11-13,Store_2,Product_1,51,100,0
2023-11-13,Store_2,Product_2,78,65,1
2023-11-13,Store_2,Product_3,83,179,0
2023-11-13,Store_2,Product_4,37,101,0
2023-11-13,Store_2,Product_5,81,145,1
2023-11-13,Store_2,Product_6,64,191,0
2023-11-13,Store_2,Product_7,47,176,0
2023-11-13,Store_2,Product_8,50,118,1
2023-11-13,Store_2,Product_9,41,168,0
2023-11-13,Store_2,Product_10,91,61,0
2023-11-13,Store_3,Product_1,57,61,1
2023-11-13,Store_3,Product_2,35,84,0
2023-11-13,Store_3,Product_3,15,153,0
2023-11-13,Store_3,Product_4,40,113,0
2023-11-13,Store_3,Product_5,12,160,0
2023-11-13,Store_3,Product_6,30,133,0
2023-11-13,Store_3,Product_7,23,58,0
2023-11-13,Store_3,Product_8,18,115,0
2023-11-13,Store_3,Product_9,77,50,0
2023-11-13,Store_3,Product_10,61,84,0
2023-11-13,Store_4,Product_1,45,102,0
2023-11-13,Store_4,Product_2,77,160,0
2023-11-13,Store_4,Product_3,34,161,0
2023-11-13,Store_4,Product_4,60,162,0
2023-11-13,Store_4,Product_5,30,62,0
2023-11-13,Store_4,Product_6,40,129,0
2023-11-13,Store_4,Product_7,35,140,0
2023-11-13,Store_4,Product_8,22,69,0
2023-11-13,Store_4,Product_9,62,126,0
2023-11-13,Store_4,Product_10,45,195,1
2023-11-13,Store_5,Product_1,80,189,0
2023-11-13,Store_5,Product_2,21,119,0
2023-11-13,Store_5,Product_3,64,136,1
2023-11-13,Store_5,Product_4,80,110,0
2023-11-13,Store_5,Product_5,60,146,0
2023-11-13,Store_5,Product_6,45,68,0
2023-11-13,Store_5,Product_7,40,144,0
2023-11-13,Store_5,Product_8,20,135,0
2023-11-13,Store_5,Product_9,25,119,1
2023-11-13,Store_5,Product_10,42,56,0
2023-11-14,Store_1,Product_1,22,86,0
2023-11-14,Store_1,Product_2,28,150,0
2023-11-14,Store_1,Product_3,25,125,0
2023-11-14,Store_1,Product_4,94,68,1
2023-11-14,Store_1,Product_5,56,60,0
2023-11-14,Store_1,Product_6,73,108,0
2023-11-14,Store_1,Product_7,42,175,0
2023-11-14,Store_1,Product_8,74,146,0
2023-11-14,Store_1,Product_9,35,87,0
2023-11-14,Store_1,Product_10,80,124,0
2023-11-14,Store_2,Product_1,18,97,0
2023-11-14,Store_2,Product_2,70,74,1
2023-11-14,Store_2,Product_3,64,92,0
2023-11-14,Store_2,Product_4,60,193,0
2023-11-14,Store_2,Product_5,80,72,0
2023-11-14,Store_2,Product_6,64,60,0
2023-11-14,Store_2,Product_7,70,78,0
2023-11-14,Store_2,Product_8,19,84,0
2023-11-14,Store_2,Product_9,64,79,1
2023-11-14,Store_2,Product_10,23,82,0
2023-11-14,Store_3,Product_1,24,114,0
2023-11-14,Store_3,Product_2,59,184,0
2023-11-14,Store_3,Product_3,68,104,0
2023-11-14,Store_3,Product_4,56,196,0
2023-11-14,Store_3,Product_5,108,134,1
2023-11-14,Store_3,Product_6,32,143,0
2023-11-14,Store_3,Product_7,86,58,1
2023-11-14,Store_3,Product_8,76,171,0
2023-11-14,Store_3,Product_9,51,114,0
2023-11-14,Store_3,Product_10,79,147,0
2023-11-14,Store_4,Product_1,28,189,0
2023-11-14,Store_4,Product_2,30,141,1
2023-11-14,Store_4,Product_3,15,97,0
2023-11-14,Store_4,Product_4,49,184,0
2023-11-14,Store_4,Product_5,55,131,0
2023-11-14,Store_4,Product_6,53,194,0
2023-11-14,Store_4,Product_7,58,182,0
2023-11-14,Store_4,Product_8,27,62,0
2023-11-14,Store_4,Product_9,73,144,0
2023-11-14,Store_4,Product_10,69,56,0
2023-11-14,Store_5,Product_1,38,147,0
2023-11-14,Store_5,Product_2,85,127,0
2023-11-14,Store_5,Product_3,41,175,0
2023-11-14,Store_5,Product_4,61,61,1
2023-11-14,Store_5,Product_5,95,115,1
2023-11-14,Store_5,Product_6,50,168,0
2023-11-14,Store_5,Product_7,82,151,0
2023-11-14,Store_5,Product_8,32,199,0
2023-11-14,Store_5,Product_9,60,108,0
2023-11-14,Store_5,Product_10,14,117,0
2023-11-15,Store_1,Product_1,88,150,0
2023-11-15,Store_1,Product_2,34,129,0
2023-11-15,Store_1,Product_3,55,101,0
2023-11-15,Store_1,Product_4,22,175,0
2023-11-15,Store_1,Product_5,30,76,0
2023-11-15,Store_1,Product_6,46,176,0
2023-11-15,Store_1,Product_7,49,55,1
2023-11-15,Store_1,Product_8,83,177,1
2023-11-15,Store_1,Product_9,74,197,0
2023-11-15,Store_1,Product_10,90,195,1
2023-11-15,Store_2,Product_1,31,120,0
2023-11-15,Store_2,Product_2,24,52,1
2023-11-15,Store_2,Product_3,30,96,0
2023-11-15,Store_2,Product_4,60,163,0
2023-11-15,Store_2,Product_5,57,116,0
2023-11-15,Store_2,Product_6,48,100,0
2023-11-15,Store_2,Product_7,73,135,0
2023-11-15,Store_2,Product_8,20,85,0
2023-11-15,Store_2,Product_9,45,197,0
2023-11-15,Store_2,Product_10,82,117,0
2023-11-15,Store_3,Product_1,76,104,1
2023-11-15,Store_3,Product_2,11,68,1
2023-11-15,Store_3,Product_3,79,75,0
2023-11-15,Store_3,Product_4,53,90,0
2023-11-15,Store_3,Product_5,23,87,0
2023-11-15,Store_3,Product_6,35,75,0
2023-11-15,Store_3,Product_7,22,65,0
2023-11-15,Store_3,Product_8,34,141,1
2023-11-15,Store_3,Product_9,64,157,0
2023-11-15,Store_3,Product_10,24,50,0
2023-11-15,Store_4,Product_1,80,148,1
2023-11-15,Store_4,Product_2,80,192,0
2023-11-15,Store_4,Product_3,60,53,0
2023-11-15,Store_4,Product_4,78,66,0
2023-11-15,Store_4,Product_5,15,153,0
2023-11-15,Store_4,Product_6,67,69,0
2023-11-15,Store_4,Product_7,46,174,0
2023-11-15,Store_4,Product_8,56,81,0
2023-11-15,Store_4,Product_9,34,175,0
2023-11-15,Store_4,Product_10,35,75,0
2023-11-15,Store_5,Product_1,75,96,1
2023-11-15,Store_5,Product_2,91,147,1
2023-11-15,Store_5,Product_3,46,83,0
2023-11-15,Store_5,Product_4,93,168,1
2023-11-15,Store_5,Product_5,23,65,0
2023-11-15,Store_5,Product_6,23,97,1
2023-11-15,Store_5,Product_7,60,194,0
2023-11-15,Store_5,Product_8,83,178,1
2023-11-15,Store_5,Product_9,74,102,0
2023-11-15,Store_5,Product_10,50,142,1
2023-11-16,Store_1,Product_1,110,164,1
2023-11-16,Store_1,Product_2,73,176,0
2023-11-16,Store_1,Product_3,105,75,1
2023-11-16,Store_1,Product_4,33,174,0
2023-11-16,Store_1,Product_5,36,55,0
2023-11-16,Store_1,Product_6,90,119,0
2023-11-16,Store_1,Product_7,117,153,1
2023-11-16,Store_1,Product_8,79,140,0
2023-11-16,Store_1,Product_9,16,75,0
2023-11-16,Store_1,Product_10,41,133,0
2023-11-16,Store_2,Product_1,56,149,0
2023-11-16,Store_2,Product_2,95,102,0
2023-11-16,Store_2,Product_3,64,198,0
2023-11-16,Store_2,Product_4,80,179,0
2023-11-16,Store_2,Product_5,19,111,0
2023-11-16,Store_2,Product_6,67,161,0
2023-11-16,Store_2,Product_7,73,156,0
2023-11-16,Store_2,Product_8,23,110,0
2023-11-16,Store_2,Product_9,43,78,0
2023-11-16,Store_2,Product_10,116,110,1
2023-11-16,Store_3,Product_1,68,79,0
2023-11-16,Store_3,Product_2,94,195,0
2023-11-16,Store_3,Product_3,51,171,0
2023-11-16,Store_3,Product_4,32,196,1
2023-11-16,Store_3,Product_5,57,120,1
2023-11-16,Store_3,Product_6,78,110,0
2023-11-16,Store_3,Product_7,49,121,0
2023-11-16,Store_3,Product_8,90,100,0
2023-11-16,Store_3,Product_9,59,129,0
2023-11-16,Store_3,Product_10,17,124,1
2023-11-16,Store_4,Product_1,26,108,1
2023-11-16,Store_4,Product_2,49,176,0
2023-11-16,Store_4,Product_3,55,122,1
2023-11-16,Store_4,Product_4,51,186,1
2023-11-16,Store_4,Product_5,66,157,1
2023-11-16,Store_4,Product_6,18,142,0
2023-11-16,Store_4,Product_7,83,155,0
2023-11-16,Store_4,Product_8,30,75,0
2023-11-16,Store_4,Product_9,99,164,1
2023-11-16,Store_4,Product_10,66,159,0
2023-11-16,Store_5,Product_1,83,179,0
2023-11-16,Store_5,Product_2,57,116,0
2023-11-16,Store_5,Product_3,77,118,1
2023-11-16,Store_5,Product_4,37,165,0
2023-11-16,Store_5,Product_5,100,149,1
2023-11-16,Store_5,Product_6,53,83,0
2023-11-16,Store_5,Product_7,8,143,0
2023-11-16,Store_5,Product_8,63,133,0
2023-11-16,Store_5,Product_9,66,187,0
2023-11-16,Store_5,Product_10,42,110,1
2023-11-17,Store_1,Product_1,19,149,0
2023-11-17,Store_1,Product_2,96,181,1
2023-11-17,Store_1,Product_3,46,150,0
2023-11-17,Store_1,Product_4,70,90,0
2023-11-17,Store_1,Product_5,75,113,1
2023-11-17,Store_1,Product_6,52,83,0
2023-11-17,Store_1,Product_7,79,172,0
2023-11-17,Store_1,Product_8,20,107,0
2023-11-17,Store_1,Product_9,13,95,0
2023-11-17,Store_1,Product_10,72,142,0
2023-11-17,Store_2,Product_1,48,61,0
2023-11-17,Store_2,Product_2,64,177,0
2023-11-17,Store_2,Product_3,26,177,0
2023-11-17,Store_2,Product_4,20,190,0
2023-11-17,Store_2,Product_5,16,52,0
2023-11-17,Store_2,Product_6,58,69,0
2023-11-17,Store_2,Product_7,79,149,0
2023-11-17,Store_2,Product_8,28,62,0
2023-11-17,Store_2,Product_9,37,149,0
2023-11-17,Store_2,Product_10,56,62,0
2023-11-17,Store_3,Product_1,92,156,0
2023-11-17,Store_3,Product_2,47,68,0
2023-11-17,Store_3,Product_3,78,132,0
2023-11-17,Store_3,Product_4,35,58,0
2023-11-17,Store_3,Product_5,31,162,0
2023-11-17,Store_3,Product_6,67,53,0
2023-11-17,Store_3,Product_7,9,110,0
2023-11-17,Store_3,Product_8,21,74,0
2023-11-17,Store_3,Product_9,34,58,0
2023-11-17,Store_3,Product_10,66,120,0
2023-11-17,Store_4,Product_1,61,71,0
2023-11-17,Store_4,Product_2,79,73,1
2023-11-17,Store_4,Product_3,72,53,0
2023-11-17,Store_4,Product_4,67,176,0
2023-11-17,Store_4,Product_5,41,111,0
2023-11-17,Store_4,Product_6,69,66,0
2023-11-17,Store_4,Product_7,26,104,1
2023-11-17,Store_4,Product_8,62,68,0
2023-11-17,Store_4,Product_9,77,56,0
2023-11-17,Store_4,Product_10,27,168,1
2023-11-17,Store_5,Product_1,80,122,1
2023-11-17,Store_5,Product_2,78,99,0
2023-11-17,Store_5,Product_3,30,140,1
2023-11-17,Store_5,Product_4,79,99,0
2023-11-17,Store_5,Product_5,86,128,1
2023-11-17,Store_5,Product_6,51,195,0
2023-11-17,Store_5,Product_7,20,145,0
2023-11-17,Store_5,Product_8,81,166,0
2023-11-17,Store_5,Product_9,40,84,1
2023-11-17,Store_5,Product_10,73,183,0
2023-11-18,Store_1,Product_1,49,155,0
2023-11-18,Store_1,Product_2,52,107,0
2023-11-18,Store_1,Product_3,28,109,0
2023-11-18,Store_1,Product_4,61,91,0
2023-11-18,Store_1,Product_5,71,97,1
2023-11-18,Store_1,Product_6,38,155,0
2023-11-18,Store_1,Product_7,65,143,0
2023-11-18,Store_1,Product_8,41,153,0
2023-11-18,Store_1,Product_9,82,86,0
2023-11-18,Store_1,Product_10,53,163,0
2023-11-18,Store_2,Product_1,45,92,0
2023-11-18,Store_2,Product_2,85,110,1
2023-11-18,Store_2,Product_3,91,88,0
2023-11-18,Store_2,Product_4,24,97,0
2023-11-18,Store_2,Product_5,22,177,1
2023-11-18,Store_2,Product_6,73,163,0
2023-11-18,Store_2,Product_7,41,60,0
2023-11-18,Store_2,Product_8,76,121,0
2023-11-18,Store_2,Product_9,54,70,0
2023-11-18,Store_2,Product_10,65,136,0
2023-11-18,Store_3,Product_1,76,133,1
2023-11-18,Store_3,Product_2,23,100,0
2023-11-18,Store_3,Product_3,22,129,0
2023-11-18,Store_3,Product_4,20,160,0
2023-11-18,Store_3,Product_5,18,62,0
2023-11-18,Store_3,Product_6,52,159,0
2023-11-18,Store_3,Product_7,66,77,0
2023-11-18,Store_3,Product_8,18,57,0
2023-11-18,Store_3,Product_9,95,67,1
2023-11-18,Store_3,Product_10,50,147,0
2023-11-18,Store_4,Product_1,55,89,0
2023-11-18,Store_4,Product_2,40,197,0
2023-11-18,Store_4,Product_3,17,157,0
2023-11-18,Store_4,Product_4,64,97,1
2023-11-18,Store_4,Product_5,84,67,0
2023-11-18,Store_4,Product_6,97,91,0
2023-11-18,Store_4,Product_7,73,138,0
2023-11-18,Store_4,Product_8,18,144,0
2023-11-18,Store_4,Product_9,78,104,0
2023-11-18,Store_4,Product_10,53,173,0
2023-11-18,Store_5,Product_1,94,59,1
2023-11-18,Store_5,Product_2,44,184,1
2023-11-18,Store_5,Product_3,28,141,0
2023-11-18,Store_5,Product_4,34,180,0
2023-11-18,Store_5,Product_5,32,135,0
2023-11-18,Store_5,Product_6,75,124,0
2023-11-18,Store_5,Product_7,67,140,1
2023-11-18,Store_5,Product_8,29,195,0
2023-11-18,Store_5,Product_9,29,142,0
2023-11-18,Store_5,Product_10,69,191,0
2023-11-19,Store_1,Product_1,59,96,0
2023-11-19,Store_1,Product_2,75,193,0
2023-11-19,Store_1,Product_3,31,142,0
2023-11-19,Store_1,Product_4,52,160,0
2023-11-19,Store_1,Product_5,42,174,0
2023-11-19,Store_1,Product_6,27,120,0
2023-11-19,Store_1,Product_7,69,75,1
2023-11-19,Store_1,Product_8,32,65,0
2023-11-19,Store_1,Product_9,63,163,0
2023-11-19,Store_1,Product_10,88,50,0
2023-11-19,Store_2,Product_1,70,134,0
2023-11-19,Store_2,Product_2,65,82,0
2023-11-19,Store_2,Product_3,70,86,0
2023-11-19,Store_2,Product_4,69,142,0
2023-11-19,Store_2,Product_5,15,169,0
2023-11-19,Store_2,Product_6,78,97,0
2023-11-19,Store_2,Product_7,72,155,0
2023-11-19,Store_2,Product_8,27,125,0
2023-11-19,Store_2,Product_9,66,149,0
2023-11-19,Store_2,Product_10,94,123,0
2023-11-19,Store_3,Product_1,50,131,0
2023-11-19,Store_3,Product_2,21,113,0
2023-11-19,Store_3,Product_3,56,114,0
2023-11-19,Store_3,Product_4,13,176,1
2023-11-19,Store_3,Product_5,108,75,1
2023-11-19,Store_3,Product_6,106,190,1
2023-11-19,Store_3,Product_7,88,81,0
2023-11-19,Store_3,Product_8,38,70,0
2023-11-19,Store_3,Product_9,116,132,1
2023-11-19,Store_3,Product_10,51,161,0
2023-11-19,Store_4,Product_1,65,161,1
2023-11-19,Store_4,Product_2,68,168,0
2023-11-19,Store_4,Product_3,106,59,1
2023-11-19,Store_4,Product_4,72,147,0
2023-11-19,Store_4,Product_5,72,51,1
2023-11-19,Store_4,Product_6,14,199,0
2023-11-19,Store_4,Product_7,20,108,0
2023-11-19,Store_4,Product_8,37,76,1
2023-11-19,Store_4,Product_9,83,154,0
2023-11-19,Store_4,Product_10,90,181,0
2023-11-19,Store_5,Product_1,81,53,0
2023-11-19,Store_5,Product_2,59,155,0
2023-11-19,Store_5,Product_3,20,71,0
2023-11-19,Store_5,Product_4,87,139,0
2023-11-19,Store_5,Product_5,44,55,0
2023-11-19,Store_5,Product_6,49,177,0
2023-11-19,Store_5,Product_7,71,168,0
2023-11-19,Store_5,Product_8,7,169,0
2023-11-19,Store_5,Product_9,65,137,0
2023-11-19,Store_5,Product_10,42,68,0
2023-11-20,Store_1,Product_1,53,156,0
2023-11-20,Store_1,Product_2,120,128,1
2023-11-20,Store_1,Product_3,65,55,1
2023-11-20,Store_1,Product_4,31,51,0
2023-11-20,Store_1,Product_5,21,97,0
2023-11-20,Store_1,Product_6,79,168,0
2023-11-20,Store_1,Product_7,17,108,1
2023-11-20,Store_1,Product_8,60,129,0
2023-11-20,Store_1,Product_9,70,175,1
2023-11-20,Store_1,Product_10,55,176,0
2023-11-20,Store_2,Product_1,58,110,0
2023-11-20,Store_2,Product_2,91,58,0
2023-11-20,Store_2,Product_3,69,163,0
2023-11-20,Store_2,Product_4,30,51,0
2023-11-20,Store_2,Product_5,38,117,0
2023-11-20,Store_2,Product_6,42,63,0
2023-11-20,Store_2,Product_7,85,123,0
2023-11-20,Store_2,Product_8,15,125,0
2023-11-20,Store_2,Product_9,91,90,0
2023-11-20,Store_2,Product_10,88,156,0
2023-11-20,Store_3,Product_1,14,97,0
2023-11-20,Store_3,Product_2,19,68,0
2023-11-20,Store_3,Product_3,80,194,1
2023-11-20,Store_3,Product_4,43,129,0
2023-11-20,Store_3,Product_5,43,127,0
2023-11-20,Store_3,Product_6,47,194,0
2023-11-20,Store_3,Product_7,109,109,1
2023-11-20,Store_3,Product_8,50,89,1
2023-11-20,Store_3,Product_9,18,138,0
2023-11-20,Store_3,Product_10,97,184,1
2023-11-20,Store_4,Product_1,12,193,0
2023-11-20,Store_4,Product_2,20,193,1
2023-11-20,Store_4,Product_3,83,137,1
2023-11-20,Store_4,Product_4,55,188,1
2023-11-20,Store_4,Product_5,40,139,1
2023-11-20,Store_4,Product_6,26,139,0
2023-11-20,Store_4,Product_7,71,99,0
2023-11-20,Store_4,Product_8,26,152,0
2023-11-20,Store_4,Product_9,82,82,0
2023-11-20,Store_4,Product_10,93,104,1
2023-11-20,Store_5,Product_1,77,172,0
2023-11-20,Store_5,Product_2,35,55,1
2023-11-20,Store_5,Product_3,67,166,1
2023-11-20,Store_5,Product_4,71,137,0
2023-11-20,Store_5,Product_5,11,179,0
2023-11-20,Store_5,Product_6,27,79,0
2023-11-20,Store_5,Product_7,40,187,0
2023-11-20,Store_5,Product_8,54,90,0
2023-11-20,Store_5,Product_9,57,88,0
2023-11-20,Store_5,Product_10,38,56,0
2023-11-21,Store_1,Product_1,52,157,1
2023-11-21,Store_1,Product_2,15,145,1
2023-11-21,Store_1,Product_3,35,92,1
2023-11-21,Store_1,Product_4,24,161,1
2023-11-21,Store_1,Product_5,82,110,0
2023-11-21,Store_1,Product_6,37,101,0
2023-11-21,Store_1,Product_7,42,124,0
2023-11-21,Store_1,Product_8,72,57,0
2023-11-21,Store_1,Product_9,40,132,0
2023-11-21,Store_1,Product_10,30,124,0
2023-11-21,Store_2,Product_1,59,162,0
2023-11-21,Store_2,Product_2,87,130,1
2023-11-21,Store_2,Product_3,82,76,0
2023-11-21,Store_2,Product_4,94,172,0
2023-11-21,Store_2,Product_5,46,171,0
2023-11-21,Store_2,Product_6,82,50,0
2023-11-21,Store_2,Product_7,82,59,0
2023-11-21,Store_2,Product_8,33,105,0
2023-11-21,Store_2,Product_9,52,123,1
2023-11-21,Store_2,Product_10,56,180,0
2023-11-21,Store_3,Product_1,78,140,1
2023-11-21,Store_3,Product_2,111,69,1
2023-11-21,Store_3,Product_3,21,113,0
2023-11-21,Store_3,Product_4,37,86,0
2023-11-21,Store_3,Product_5,98,73,1
2023-11-21,Store_3,Product_6,33,105,1
2023-11-21,Store_3,Product_7,64,130,0
2023-11-21,Store_3,Product_8,24,188,0
2023-11-21,Store_3,Product_9,43,65,0
2023-11-21,Store_3,Product_10,59,197,1
2023-11-21,Store_4,Product_1,18,150,0
2023-11-21,Store_4,Product_2,81,145,1
2023-11-21,Store_4,Product_3,39,179,0
2023-11-21,Store_4,Product_4,27,146,0
2023-11-21,Store_4,Product_5,37,190,0
2023-11-21,Store_4,Product_6,22,183,0
2023-11-21,Store_4,Product_7,41,58,0
2023-11-21,Store_4,Product_8,88,117,0
2023-11-21,Store_4,Product_9,69,145,0
2023-11-21,Store_4,Product_10,55,178,0
2023-11-21,Store_5,Product_1,73,51,0
2023-11-21,Store_5,Product_2,69,142,0
2023-11-21,Store_5,Product_3,82,173,1
2023-11-21,Store_5,Product_4,53,129,0
2023-11-21,Store_5,Product_5,80,53,0
2023-11-21,Store_5,Product_6,67,54,0
2023-11-21,Store_5,Product_7,70,59,0
2023-11-21,Store_5,Product_8,28,125,0
2023-11-21,Store_5,Product_9,33,186,0
2023-11-21,Store_5,Product_10,33,157,0
2023-11-22,Store_1,Product_1,92,84,0
2023-11-22,Store_1,Product_2,91,102,1
2023-11-22,Store_1,Product_3,17,139,0
2023-11-22,Store_1,Product_4,75,57,0
2023-11-22,Store_1,Product_5,29,126,1
2023-11-22,Store_1,Product_6,34,81,0
2023-11-22,Store_1,Product_7,73,97,0
2023-11-22,Store_1,Product_8,29,91,0
2023-11-22,Store_1,Product_9,52,158,0
2023-11-22,Store_1,Product_10,71,167,0
2023-11-22,Store_2,Product_1,78,54,0
2023-11-22,Store_2,Product_2,76,164,0
2023-11-22,Store_2,Product_3,17,86,0
2023-11-22,Store_2,Product_4,65,100,0
2023-11-22,Store_2,Product_5,90,79,1
2023-11-22,Store_2,Product_6,57,113,1
2023-11-22,Store_2,Product_7,26,186,0
2023-11-22,Store_2,Product_8,61,133,1
2023-11-22,Store_2,Product_9,106,70,1
2023-11-22,Store_2,Product_10,28,120,0
2023-11-22,Store_3,Product_1,31,173,0
2023-11-22,Store_3,Product_2,54,131,0
2023-11-22,Store_3,Product_3,86,152,1
2023-11-22,Store_3,Product_4,24,101,0
2023-11-22,Store_3,Product_5,59,153,0
2023-11-22,Store_3,Product_6,74,128,0
2023-11-22,Store_3,Product_7,72,110,0
2023-11-22,Store_3,Product_8,69,93,0
2023-11-22,Store_3,Product_9,56,192,1
2023-11-22,Store_3,Product_10,39,96,0
2023-11-22,Store_4,Product_1,43,91,0
2023-11-22,Store_4,Product_2,34,61,0
2023-11-22,Store_4,Product_3,52,144,0
2023-11-22,Store_4,Product_4,20,182,0
2023-11-22,Store_4,Product_5,115,50,1
2023-11-22,Store_4,Product_6,87,90,0
2023-11-22,Store_4,Product_7,55,142,0
2023-11-22,Store_4,Product_8,13,51,0
2023-11-22,Store_4,Product_9,69,159,1
2023-11-22,Store_4,Product_10,67,116,0
2023-11-22,Store_5,Product_1,60,112,0
2023-11-22,Store_5,Product_2,62,174,0
2023-11-22,Store_5,Product_3,40,61,0
2023-11-22,Store_5,Product_4,74,113,0
2023-11-22,Store_5,Product_5,49,91,0
2023-11-22,Store_5,Product_6,42,65,0
2023-11-22,Store_5,Product_7,26,156,1
2023-11-22,Store_5,Product_8,40,84,0
2023-11-22,Store_5,Product_9,88,118,0
2023-11-22,Store_5,Product_10,79,147,0
2023-11-23,Store_1,Product_1,26,123,0
2023-11-23,Store_1,Product_2,83,144,0
2023-11-23,Store_1,Product_3,91,59,1
2023-11-23,Store_1,Product_4,57,85,0
2023-11-23,Store_1,Product_5,32,109,0
2023-11-23,Store_1,Product_6,97,72,1
2023-11-23,Store_1,Product_7,55,86,0
2023-11-23,Store_1,Product_8,19,63,0
2023-11-23,Store_1,Product_9,63,156,0
2023-11-23,Store_1,Product_10,87,81,0
2023-11-23,Store_2,Product_1,71,145,0
2023-11-23,Store_2,Product_2,5,194,1
2023-11-23,Store_2,Product_3,89,177,1
2023-11-23,Store_2,Product_4,45,110,1
2023-11-23,Store_2,Product_5,16,81,0
2023-11-23,Store_2,Product_6,29,166,0
2023-11-23,Store_2,Product_7,84,173,0
2023-11-23,Store_2,Product_8,57,176,0
2023-11-23,Store_2,Product_9,72,124,0
2023-11-23,Store_2,Product_10,32,114,0
2023-11-23,Store_3,Product_1,30,112,1
2023-11-23,Store_3,Product_2,67,148,0
2023-11-23,Store_3,Product_3,97,169,0
2023-11-23,Store_3,Product_4,68,53,0
2023-11-23,Store_3,Product_5,63,111,0
2023-11-23,Store_3,Product_6,72,181,0
2023-11-23,Store_3,Product_7,24,85,0
2023-11-23,Store_3,Product_8,36,131,0
2023-11-23,Store_3,Product_9,72,181,1
2023-11-23,Store_3,Product_10,71,151,0
2023-11-23,Store_4,Product_1,54,55,0
2023-11-23,Store_4,Product_2,30,58,1
2023-11-23,Store_4,Product_3,96,152,1
2023-11-23,Store_4,Product_4,95,181,0
2023-11-23,Store_4,Product_5,74,114,0
2023-11-23,Store_4,Product_6,73,74,0
2023-11-23,Store_4,Product_7,14,95,0
2023-11-23,Store_4,Product_8,58,182,1
2023-11-23,Store_4,Product_9,19,146,0
2023-11-23,Store_4,Product_10,65,58,0
2023-11-23,Store_5,Product_1,57,128,1
2023-11-23,Store_5,Product_2,60,51,0
2023-11-23,Store_5,Product_3,70,125,0
2023-11-23,Store_5,Product_4,35,172,0
2023-11-23,Store_5,Product_5,37,55,0
2023-11-23,Store_5,Product_6,27,155,0
2023-11-23,Store_5,Product_7,51,184,0
2023-11-23,Store_5,Product_8,76,193,0
2023-11-23,Store_5,Product_9,73,152,1
2023-11-23,Store_5,Product_10,92,124,0
2023-11-24,Store_1,Product_1,34,134,0
2023-11-24,Store_1,Product_2,32,128,0
2023-11-24,Store_1,Product_3,65,177,0
2023-11-24,Store_1,Product_4,27,150,0
2023-11-24,Store_1,Product_5,48,130,0
2023-11-24,Store_1,Product_6,58,130,0
2023-11-24,Store_1,Product_7,77,164,0
2023-11-24,Store_1,Product_8,98,139,1
2023-11-24,Store_1,Product_9,67,87,1
2023-11-24,Store_1,Product_10,78,187,1
2023-11-24,Store_2,Product_1,35,157,0
2023-11-24,Store_2,Product_2,61,196,0
2023-11-24,Store_2,Product_3,93,104,0
2023-11-24,Store_2,Product_4,83,199,0
2023-11-24,Store_2,Product_5,105,181,1
2023-11-24,Store_2,Product_6,67,192,1
2023-11-24,Store_2,Product_7,32,150,0
2023-11-24,Store_2,Product_8,33,101,0
2023-11-24,Store_2,Product_9,87,116,0
2023-11-24,Store_2,Product_10,29,171,0
2023-11-24,Store_3,Product_1,84,161,0
2023-11-24,Store_3,Product_2,85,109,0
2023-11-24,Store_3,Product_3,54,90,0
2023-11-24,Store_3,Product_4,20,196,0
2023-11-24,Store_3,Product_5,74,151,1
2023-11-24,Store_3,Product_6,51,135,0
2023-11-24,Store_3,Product_7,61,146,0
2023-11-24,Store_3,Product_8,45,103,0
2023-11-24,Store_3,Product_9,29,141,0
2023-11-24,Store_3,Product_10,34,70,0
2023-11-24,Store_4,Product_1,14,54,0
2023-11-24,Store_4,Product_2,83,157,1
2023-11-24,Store_4,Product_3,47,92,1
2023-11-24,Store_4,Product_4,44,139,0
2023-11-24,Store_4,Product_5,48,196,0
2023-11-24,Store_4,Product_6,15,75,0
2023-11-24,Store_4,Product_7,64,60,0
2023-11-24,Store_4,Product_8,36,171,0
2023-11-24,Store_4,Product_9,27,142,1
2023-11-24,Store_4,Product_10,69,186,0
2023-11-24,Store_5,Product_1,71,120,0
2023-11-24,Store_5,Product_2,72,150,0
2023-11-24,Store_5,Product_3,75,195,0
2023-11-24,Store_5,Product_4,27,83,1
2023-11-24,Store_5,Product_5,57,90,0
2023-11-24,Store_5,Product_6,82,98,0
2023-11-24,Store_5,Product_7,33,109,1
2023-11-24,Store_5,Product_8,9,184,0
2023-11-24,Store_5,Product_9,35,161,0
2023-11-24,Store_5,Product_10,29,107,0
2023-11-25,Store_1,Product_1,85,51,0
2023-11-25,Store_1,Product_2,73,106,0
2023-11-25,Store_1,Product_3,45,50,0
2023-11-25,Store_1,Product_4,57,192,0
2023-11-25,Store_1,Product_5,9,87,0
2023-11-25,Store_1,Product_6,18,61,0
2023-11-25,Store_1,Product_7,63,131,0
2023-11-25,Store_1,Product_8,82,84,0
2023-11-25,Store_1,Product_9,31,163,1
2023-11-25,Store_1,Product_10,92,78,0
2023-11-25,Store_2,Product_1,54,67,0
2023-11-25,Store_2,Product_2,95,149,1
2023-11-25,Store_2,Product_3,61,54,0
2023-11-25,Store_2,Product_4,55,124,0
2023-11-25,Store_2,Product_5,69,181,0
2023-11-25,Store_2,Product_6,51,78,0
2023-11-25,Store_2,Product_7,78,191,0
2023-11-25,Store_2,Product_8,29,138,0
2023-11-25,Store_2,Product_9,12,145,0
2023-11-25,Store_2,Product_10,81,187,0
2023-11-25,Store_3,Product_1,88,117,0
2023-11-25,Store_3,Product_2,37,165,0
2023-11-25,Store_3,Product_3,87,111,0
2023-11-25,Store_3,Product_4,24,73,0
2023-11-25,Store_3,Product_5,50,149,0
2023-11-25,Store_3,Product_6,56,56,0
2023-11-25,Store_3,Product_7,76,186,0
2023-11-25,Store_3,Product_8,37,164,0
2023-11-25,Store_3,Product_9,48,71,0
2023-11-25,Store_3,Product_10,48,177,0
2023-11-25,Store_4,Product_1,84,115,0
2023-11-25,Store_4,Product_2,64,163,0
2023-11-25,Store_4,Product_3,31,114,0
2023-11-25,Store_4,Product_4,67,139,0
2023-11-25,Store_4,Product_5,69,99,0
2023-11-25,Store_4,Product_6,74,149,0
2023-11-25,Store_4,Product_7,49,134,1
2023-11-25,Store_4,Product_8,48,131,0
2023-11-25,Store_4,Product_9,38,158,1
2023-11-25,Store_4,Product_10,93,178,0
2023-11-25,Store_5,Product_1,47,81,0
2023-11-25,Store_5,Product_2,39,114,0
2023-11-25,Store_5,Product_3,27,104,0
2023-11-25,Store_5,Product_4,23,76,0
2023-11-25,Store_5,Product_5,88,193,0
2023-11-25,Store_5,Product_6,45,174,0
2023-11-25,Store_5,Product_7,29,69,0
2023-11-25,Store_5,Product_8,17,123,0
2023-11-25,Store_5,Product_9,75,190,0
2023-11-25,Store_5,Product_10,72,52,0
2023-11-26,Store_1,Product_1,31,154,0
2023-11-26,Store_1,Product_2,84,171,1
2023-11-26,Store_1,Product_3,58,92,0
2023-11-26,Store_1,Product_4,85,58,0
2023-11-26,Store_1,Product_5,73,139,0
2023-11-26,Store_1,Product_6,86,58,1
2023-11-26,Store_1,Product_7,52,79,0
2023-11-26,Store_1,Product_8,56,153,1
2023-11-26,Store_1,Product_9,90,59,0
2023-11-26,Store_1,Product_10,96,79,1
2023-11-26,Store_2,Product_1,76,189,0
2023-11-26,Store_2,Product_2,51,187,0
2023-11-26,Store_2,Product_3,91,86,0
2023-11-26,Store_2,Product_4,17,106,0
2023-11-26,Store_2,Product_5,27,156,0
2023-11-26,Store_2,Product_6,52,196,0
2023-11-26,Store_2,Product_7,56,138,0
2023-11-26,Store_2,Product_8,89,184,0
2023-11-26,Store_2,Product_9,86,194,0
2023-11-26,Store_2,Product_10,62,159,0
2023-11-26,Store_3,Product_1,11,134,0
2023-11-26,Store_3,Product_2,56,165,0
2023-11-26,Store_3,Product_3,69,126,0
2023-11-26,Store_3,Product_4,59,65,0
2023-11-26,Store_3,Product_5,52,145,0
2023-11-26,Store_3,Product_6,18,117,0
2023-11-26,Store_3,Product_7,31,76,0
2023-11-26,Store_3,Product_8,20,173,0
2023-11-26,Store_3,Product_9,97,70,0
2023-11-26,Store_3,Product_10,60,158,0
2023-11-26,Store_4,Product_1,54,199,0
2023-11-26,Store_4,Product_2,15,196,0
2023-11-26,Store_4,Product_3,51,176,0
2023-11-26,Store_4,Product_4,49,58,1
2023-11-26,Store_4,Product_5,48,118,0
2023-11-26,Store_4,Product_6,68,97,0
2023-11-26,Store_4,Product_7,53,141,0
2023-11-26,Store_4,Product_8,93,131,0
2023-11-26,Store_4,Product_9,69,156,0
2023-11-26,Store_4,Product_10,80,155,0
2023-11-26,Store_5,Product_1,14,111,0
2023-11-26,Store_5,Product_2,22,157,0
2023-11-26,Store_5,Product_3,13,61,0
2023-11-26,Store_5,Product_4,87,171,0
2023-11-26,Store_5,Product_5,23,142,0
2023-11-26,Store_5,Product_6,47,184,0
2023-11-26,Store_5,Product_7,16,192,0
2023-11-26,Store_5,Product_8,33,73,1
2023-11-26,Store_5,Product_9,95,103,1
2023-11-26,Store_5,Product_10,43,50,0
2023-11-27,Store_1,Product_1,59,179,0
2023-11-27,Store_1,Product_2,36,151,0
2023-11-27,Store_1,Product_3,85,88,0
2023-11-27,Store_1,Product_4,72,195,0
2023-11-27,Store_1,Product_5,53,191,0
2023-11-27,Store_1,Product_6,55,179,0
2023-11-27,Store_1,Product_7,86,187,0
2023-11-27,Store_1,Product_8,27,86,0
2023-11-27,Store_1,Product_9,41,79,0
2023-11-27,Store_1,Product_10,43,62,0
2023-11-27,Store_2,Product_1,17,112,0
2023-11-27,Store_2,Product_2,34,166,0
2023-11-27,Store_2,Product_3,74,125,0
2023-11-27,Store_2,Product_4,115,187,1
2023-11-27,Store_2,Product_5,24,194,0
2023-11-27,Store_2,Product_6,15,138,0
2023-11-27,Store_2,Product_7,65,122,0
2023-11-27,Store_2,Product_8,81,180,0
2023-11-27,Store_2,Product_9,57,181,0
2023-11-27,Store_2,Product_10,73,54,0
2023-11-27,Store_3,Product_1,66,130,0
2023-11-27,Store_3,Product_2,58,103,0
2023-11-27,Store_3,Product_3,15,130,0
2023-11-27,Store_3,Product_4,86,189,0
2023-11-27,Store_3,Product_5,86,92,0
2023-11-27,Store_3,Product_6,16,189,0
2023-11-27,Store_3,Product_7,75,156,0
2023-11-27,Store_3,Product_8,55,61,0
2023-11-27,Store_3,Product_9,46,52,0
2023-11-27,Store_3,Product_10,73,184,0
2023-11-27,Store_4,Product_1,58,183,0
2023-11-27,Store_4,Product_2,52,98,0
2023-11-27,Store_4,Product_3,87,104,0
2023-11-27,Store_4,Product_4,31,144,1
2023-11-27,Store_4,Product_5,50,194,0
2023-11-27,Store_4,Product_6,48,190,0
2023-11-27,Store_4,Product_7,40,195,1
2023-11-27,Store_4,Product_8,64,73,0
2023-11-27,Store_4,Product_9,66,76,1
2023-11-27,Store_4,Product_10,61,84,0
2023-11-27,Store_5,Product_1,56,106,0
2023-11-27,Store_5,Product_2,73,70,0
2023-11-27,Store_5,Product_3,24,52,0
2023-11-27,Store_5,Product_4,59,69,1
2023-11-27,Store_5,Product_5,70,129,0
2023-11-27,Store_5,Product_6,81,189,0
2023-11-27,Store_5,Product_7,29,100,1
2023-11-27,Store_5,Product_8,75,142,0
2023-11-27,Store_5,Product_9,36,107,0
2023-11-27,Store_5,Product_10,6,131,0
2023-11-28,Store_1,Product_1,54,61,0
2023-11-28,Store_1,Product_2,42,166,0
2023-11-28,Store_1,Product_3,26,85,0
2023-11-28,Store_1,Product_4,99,66,1
2023-11-28,Store_1,Product_5,24,196,0
2023-11-28,Store_1,Product_6,91,71,0
2023-11-28,Store_1,Product_7,54,174,0
2023-11-28,Store_1,Product_8,56,117,0
2023-11-28,Store_1,Product_9,26,63,0
2023-11-28,Store_1,Product_10,99,60,0
2023-11-28,Store_2,Product_1,19,107,0
2023-11-28,Store_2,Product_2,93,176,0
2023-11-28,Store_2,Product_3,77,92,0
2023-11-28,Store_2,Product_4,84,182,0
2023-11-28,Store_2,Product_5,70,116,0
2023-11-28,Store_2,Product_6,20,126,0
2023-11-28,Store_2,Product_7,53,151,0
2023-11-28,Store_2,Product_8,19,198,0
2023-11-28,Store_2,Product_9,43,181,0
2023-11-28,Store_2,Product_10,15,192,0
2023-11-28,Store_3,Product_1,48,173,0
2023-11-28,Store_3,Product_2,21,93,0
2023-11-28,Store_3,Product_3,43,78,0
2023-11-28,Store_3,Product_4,21,117,0
2023-11-28,Store_3,Product_5,104,110,1
2023-11-28,Store_3,Product_6,30,130,0
2023-11-28,Store_3,Product_7,25,131,0
2023-11-28,Store_3,Product_8,61,62,0
2023-11-28,Store_3,Product_9,21,183,0
2023-11-28,Store_3,Product_10,48,89,0
2023-11-28,Store_4,Product_1,18,131,0
2023-11-28,Store_4,Product_2,41,148,1
2023-11-28,Store_4,Product_3,55,108,0
2023-11-28,Store_4,Product_4,44,74,0
2023-11-28,Store_4,Product_5,32,99,0
2023-11-28,Store_4,Product_6,62,150,0
2023-11-28,Store_4,Product_7,87,144,1
2023-11-28,Store_4,Product_8,78,182,1
2023-11-28,Store_4,Product_9,79,125,0
2023-11-28,Store_4,Product_10,92,144,0
2023-11-28,Store_5,Product_1,40,168,1
2023-11-28,Store_5,Product_2,25,97,0
2023-11-28,Store_5,Product_3,99,58,1
2023-11-28,Store_5,Product_4,27,159,0
2023-11-28,Store_5,Product_5,82,144,1
2023-11-28,Store_5,Product_6,28,84,0
2023-11-28,Store_5,Product_7,17,176,1
2023-11-28,Store_5,Product_8,71,64,0
2023-11-28,Store_5,Product_9,34,174,0
2023-11-28,Store_5,Product_10,78,74,0
2023-11-29,Store_1,Product_1,26,169,0
2023-11-29,Store_1,Product_2,74,54,0
2023-11-29,Store_1,Product_3,48,117,0
2023-11-29,Store_1,Product_4,41,82,0
2023-11-29,Store_1,Product_5,45,186,0
2023-11-29,Store_1,Product_6,59,97,0
2023-11-29,Store_1,Product_7,78,68,1
2023-11-29,Store_1,Product_8,14,88,0
2023-11-29,Store_1,Product_9,59,164,0
2023-11-29,Store_1,Product_10,79,193,0
2023-11-29,Store_2,Product_1,27,138,0
2023-11-29,Store_2,Product_2,33,150,0
2023-11-29,Store_2,Product_3,28,106,1
2023-11-29,Store_2,Product_4,89,167,0
2023-11-29,Store_2,Product_5,82,89,1
2023-11-29,Store_2,Product_6,50,132,0
2023-11-29,Store_2,Product_7,51,117,1
2023-11-29,Store_2,Product_8,80,91,0
2023-11-29,Store_2,Product_9,37,93,0
2023-11-29,Store_2,Product_10,40,107,0
2023-11-29,Store_3,Product_1,70,191,0
2023-11-29,Store_3,Product_2,47,119,0
2023-11-29,Store_3,Product_3,39,116,0
2023-11-29,Store_3,Product_4,61,84,0
2023-11-29,Store_3,Product_5,21,108,0
2023-11-29,Store_3,Product_6,55,50,0
2023-11-29,Store_3,Product_7,42,196,1
2023-11-29,Store_3,Product_8,34,166,0
2023-11-29,Store_3,Product_9,73,83,0
2023-11-29,Store_3,Product_10,78,146,0
2023-11-29,Store_4,Product_1,63,52,0
2023-11-29,Store_4,Product_2,78,182,0
2023-11-29,Store_4,Product_3,79,149,0
2023-11-29,Store_4,Product_4,92,137,0
2023-11-29,Store_4,Product_5,77,86,0
2023-11-29,Store_4,Product_6,52,197,1
2023-11-29,Store_4,Product_7,70,110,0
2023-11-29,Store_4,Product_8,37,52,0
2023-11-29,Store_4,Product_9,57,161,0
2023-11-29,Store_4,Product_10,17,157,0
2023-11-29,Store_5,Product_1,82,194,0
2023-11-29,Store_5,Product_2,16,169,0
2023-11-29,Store_5,Product_3,36,131,0
2023-11-29,Store_5,Product_4,30,123,0
2023-11-29,Store_5,Product_5,62,123,0
2023-11-29,Store_5,Product_6,13,77,0
2023-11-29,Store_5,Product_7,52,193,1
2023-11-29,Store_5,Product_8,53,95,1
2023-11-29,Store_5,Product_9,36,86,0
2023-11-29,Store_5,Product_10,72,175,0
2023-11-30,Store_1,Product_1,66,194,0
2023-11-30,Store_1,Product_2,62,165,0
2023-11-30,Store_1,Product_3,38,119,0
2023-11-30,Store_1,Product_4,90,164,1
2023-11-30,Store_1,Product_5,62,184,0
2023-11-30,Store_1,Product_6,46,111,1
2023-11-30,Store_1,Product_7,75,194,1
2023-11-30,Store_1,Product_8,56,176,0
2023-11-30,Store_1,Product_9,44,192,0
2023-11-30,Store_1,Product_10,24,145,0
2023-11-30,Store_2,Product_1,40,194,1
2023-11-30,Store_2,Product_2,58,126,0
2023-11-30,Store_2,Product_3,70,152,1
2023-11-30,Store_2,Product_4,61,185,0
2023-11-30,Store_2,Product_5,47,155,0
2023-11-30,Store_2,Product_6,82,167,0
2023-11-30,Store_2,Product_7,109,125,1
2023-11-30,Store_2,Product_8,27,195,0
2023-11-30,Store_2,Product_9,85,86,0
2023-11-30,Store_2,Product_10,53,176,0
2023-11-30,Store_3,Product_1,16,140,0
2023-11-30,Store_3,Product_2,97,52,0
2023-11-30,Store_3,Product_3,73,79,0
2023-11-30,Store_3,Product_4,26,135,1
2023-11-30,Store_3,Product_5,11,122,0
2023-11-30,Store_3,Product_6,47,171,0
2023-11-30,Store_3,Product_7,86,63,1
2023-11-30,Store_3,Product_8,89,141,0
2023-11-30,Store_3,Product_9,87,191,1
2023-11-30,Store_3,Product_10,22,68,0
2023-11-30,Store_4,Product_1,67,146,1
2023-11-30,Store_4,Product_2,59,153,0
2023-11-30,Store_4,Product_3,87,192,1
2023-11-30,Store_4,Product_4,65,131,0
2023-11-30,Store_4,Product_5,94,191,1
2023-11-30,Store_4,Product_6,46,99,0
2023-11-30,Store_4,Product_7,45,106,0
2023-11-30,Store_4,Product_8,36,158,0
2023-11-30,Store_4,Product_9,74,164,0
2023-11-30,Store_4,Product_10,49,196,0
2023-11-30,Store_5,Product_1,80,178,0
2023-11-30,Store_5,Product_2,76,73,0
2023-11-30,Store_5,Product_3,31,186,0
2023-11-30,Store_5,Product_4,86,109,0
2023-11-30,Store_5,Product_5,64,176,0
2023-11-30,Store_5,Product_6,66,130,1
2023-11-30,Store_5,Product_7,58,111,1
2023-11-30,Store_5,Product_8,72,69,0
2023-11-30,Store_5,Product_9,53,113,1
2023-11-30,Store_5,Product_10,72,192,0
2023-12-01,Store_1,Product_1,28,193,0
2023-12-01,Store_1,Product_2,80,158,0
2023-12-01,Store_1,Product_3,45,196,1
2023-12-01,Store_1,Product_4,42,73,0
2023-12-01,Store_1,Product_5,99,172,1
2023-12-01,Store_1,Product_6,26,188,0
2023-12-01,Store_1,Product_7,44,182,1
2023-12-01,Store_1,Product_8,17,140,0
2023-12-01,Store_1,Product_9,72,148,0
2023-12-01,Store_1,Product_10,43,194,1
2023-12-01,Store_2,Product_1,65,62,0
2023-12-01,Store_2,Product_2,69,63,0
2023-12-01,Store_2,Product_3,27,192,0
2023-12-01,Store_2,Product_4,42,56,0
2023-12-01,Store_2,Product_5,32,171,0
2023-12-01,Store_2,Product_6,40,137,0
2023-12-01,Store_2,Product_7,74,188,0
2023-12-01,Store_2,Product_8,87,66,0
2023-12-01,Store_2,Product_9,57,106,1
2023-12-01,Store_2,Product_10,96,128,0
2023-12-01,Store_3,Product_1,31,50,0
2023-12-01,Store_3,Product_2,54,137,0
2023-12-01,Store_3,Product_3,99,118,1
2023-12-01,Store_3,Product_4,28,148,0
2023-12-01,Store_3,Product_5,82,52,0
2023-12-01,Store_3,Product_6,71,135,0
2023-12-01,Store_3,Product_7,39,162,0
2023-12-01,Store_3,Product_8,68,130,1
2023-12-01,Store_3,Product_9,90,88,0
2023-12-01,Store_3,Product_10,59,57,0
2023-12-01,Store_4,Product_1,74,156,0
2023-12-01,Store_4,Product_2,40,83,0
2023-12-01,Store_4,Product_3,43,86,1
2023-12-01,Store_4,Product_4,109,113,1
2023-12-01,Store_4,Product_5,33,135,0
2023-12-01,Store_4,Product_6,17,182,0
2023-12-01,Store_4,Product_7,38,103,1
2023-12-01,Store_4,Product_8,70,186,0
2023-12-01,Store_4,Product_9,13,103,0
2023-12-01,Store_4,Product_10,62,156,0
2023-12-01,Store_5,Product_1,69,73,0
2023-12-01,Store_5,Product_2,118,158,1
2023-12-01,Store_5,Product_3,24,190,0
2023-12-01,Store_5,Product_4,44,68,0
2023-12-01,Store_5,Product_5,81,95,0
2023-12-01,Store_5,Product_6,102,172,1
2023-12-01,Store_5,Product_7,39,181,0
2023-12-01,Store_5,Product_8,89,122,1
2023-12-01,Store_5,Product_9,39,95,0
2023-12-01,Store_5,Product_10,63,144,1
2023-12-02,Store_1,Product_1,62,108,0
2023-12-02,Store_1,Product_2,60,135,0
2023-12-02,Store_1,Product_3,82,112,0
2023-12-02,Store_1,Product_4,78,103,0
2023-12-02,Store_1,Product_5,50,130,0
2023-12-02,Store_1,Product_6,70,111,0
2023-12-02,Store_1,Product_7,91,145,0
2023-12-02,Store_1,Product_8,51,154,0
2023-12-02,Store_1,Product_9,19,112,0
2023-12-02,Store_1,Product_10,50,68,0
2023-12-02,Store_2,Product_1,80,130,0
2023-12-02,Store_2,Product_2,84,152,0
2023-12-02,Store_2,Product_3,80,53,0
2023-12-02,Store_2,Product_4,20,126,0
2023-12-02,Store_2,Product_5,26,51,0
2023-12-02,Store_2,Product_6,21,162,0
2023-12-02,Store_2,Product_7,69,135,0
2023-12-02,Store_2,Product_8,35,134,0
2023-12-02,Store_2,Product_9,76,74,0
2023-12-02,Store_2,Product_10,56,194,0
2023-12-02,Store_3,Product_1,61,113,1
2023-12-02,Store_3,Product_2,23,158,0
2023-12-02,Store_3,Product_3,44,130,0
2023-12-02,Store_3,Product_4,36,150,1
2023-12-02,Store_3,Product_5,80,106,0
2023-12-02,Store_3,Product_6,13,154,0
2023-12-02,Store_3,Product_7,72,125,0
2023-12-02,Store_3,Product_8,103,187,0
2023-12-02,Store_3,Product_9,72,191,0
2023-12-02,Store_3,Product_10,77,57,0
2023-12-02,Store_4,Product_1,77,131,1
2023-12-02,Store_4,Product_2,41,91,0
2023-12-02,Store_4,Product_3,105,186,1
2023-12-02,Store_4,Product_4,81,104,0
2023-12-02,Store_4,Product_5,37,89,0
2023-12-02,Store_4,Product_6,70,85,0
2023-12-02,Store_4,Product_7,48,160,0
2023-12-02,Store_4,Product_8,43,89,0
2023-12-02,Store_4,Product_9,41,131,0
2023-12-02,Store_4,Product_10,24,170,1
2023-12-02,Store_5,Product_1,24,152,0
2023-12-02,Store_5,Product_2,74,93,0
2023-12-02,Store_5,Product_3,49,100,0
2023-12-02,Store_5,Product_4,76,161,0
2023-12-02,Store_5,Product_5,38,61,1
2023-12-02,Store_5,Product_6,58,98,0
2023-12-02,Store_5,Product_7,84,139,0
2023-12-02,Store_5,Product_8,52,142,0
2023-12-02,Store_5,Product_9,79,119,0
2023-12-02,Store_5,Product_10,71,148,0
2023-12-03,Store_1,Product_1,108,66,1
2023-12-03,Store_1,Product_2,74,68,1
2023-12-03,Store_1,Product_3,77,86,0
2023-12-03,Store_1,Product_4,71,61,0
2023-12-03,Store_1,Product_5,34,100,0
2023-12-03,Store_1,Product_6,80,146,0
2023-12-03,Store_1,Product_7,103,78,1
2023-12-03,Store_1,Product_8,31,198,0
2023-12-03,Store_1,Product_9,78,65,0
2023-12-03,Store_1,Product_10,74,192,0
2023-12-03,Store_2,Product_1,80,161,0
2023-12-03,Store_2,Product_2,58,88,0
2023-12-03,Store_2,Product_3,48,157,0
2023-12-03,Store_2,Product_4,72,188,0
2023-12-03,Store_2,Product_5,69,95,0
2023-12-03,Store_2,Product_6,44,167,0
2023-12-03,Store_2,Product_7,28,81,1
2023-12-03,Store_2,Product_8,92,89,0
2023-12-03,Store_2,Product_9,43,197,0
2023-12-03,Store_2,Product_10,70,164,0
2023-12-03,Store_3,Product_1,19,182,1
2023-12-03,Store_3,Product_2,20,165,0
2023-12-03,Store_3,Product_3,80,130,0
2023-12-03,Store_3,Product_4,52,65,0
2023-12-03,Store_3,Product_5,41,90,1
2023-12-03,Store_3,Product_6,16,103,0
2023-12-03,Store_3,Product_7,84,112,0
2023-12-03,Store_3,Product_8,36,175,1
2023-12-03,Store_3,Product_9,8,197,0
2023-12-03,Store_3,Product_10,44,136,1
2023-12-03,Store_4,Product_1,30,146,0
2023-12-03,Store_4,Product_2,52,150,0
2023-12-03,Store_4,Product_3,51,162,0
2023-12-03,Store_4,Product_4,80,58,0
2023-12-03,Store_4,Product_5,83,141,0
2023-12-03,Store_4,Product_6,15,163,0
2023-12-03,Store_4,Product_7,47,146,0
2023-12-03,Store_4,Product_8,31,80,0
2023-12-03,Store_4,Product_9,88,103,0
2023-12-03,Store_4,Product_10,28,185,0
2023-12-03,Store_5,Product_1,14,100,0
2023-12-03,Store_5,Product_2,31,133,0
2023-12-03,Store_5,Product_3,49,169,0
2023-12-03,Store_5,Product_4,88,66,0
2023-12-03,Store_5,Product_5,53,169,0
2023-12-03,Store_5,Product_6,40,137,0
2023-12-03,Store_5,Product_7,20,59,0
2023-12-03,Store_5,Product_8,28,151,0
2023-12-03,Store_5,Product_9,23,65,0
2023-12-03,Store_5,Product_10,54,182,1
2023-12-04,Store_1,Product_1,88,96,0
2023-12-04,Store_1,Product_2,31,70,0
2023-12-04,Store_1,Product_3,99,72,0
2023-12-04,Store_1,Product_4,47,73,0
2023-12-04,Store_1,Product_5,86,163,0
2023-12-04,Store_1,Product_6,35,59,0
2023-12-04,Store_1,Product_7,83,132,1
2023-12-04,Store_1,Product_8,94,89,0
2023-12-04,Store_1,Product_9,25,167,1
2023-12-04,Store_1,Product_10,89,126,0
2023-12-04,Store_2,Product_1,47,88,0
2023-12-04,Store_2,Product_2,62,173,0
2023-12-04,Store_2,Product_3,55,154,0
2023-12-04,Store_2,Product_4,58,65,0
2023-12-04,Store_2,Product_5,94,141,0
2023-12-04,Store_2,Product_6,111,193,1
2023-12-04,Store_2,Product_7,79,107,0
2023-12-04,Store_2,Product_8,92,167,1
2023-12-04,Store_2,Product_9,80,85,1
2023-12-04,Store_2,Product_10,68,65,0
2023-12-04,Store_3,Product_1,56,196,1
2023-12-04,Store_3,Product_2,71,151,1
2023-12-04,Store_3,Product_3,96,72,0
2023-12-04,Store_3,Product_4,40,60,1
2023-12-04,Store_3,Product_5,49,73,0
2023-12-04,Store_3,Product_6,43,56,0
2023-12-04,Store_3,Product_7,90,152,0
2023-12-04,Store_3,Product_8,29,146,0
2023-12-04,Store_3,Product_9,32,81,0
2023-12-04,Store_3,Product_10,55,163,0
2023-12-04,Store_4,Product_1,43,92,0
2023-12-04,Store_4,Product_2,54,195,0
2023-12-04,Store_4,Product_3,18,102,0
2023-12-04,Store_4,Product_4,52,147,0
2023-12-04,Store_4,Product_5,24,170,0
2023-12-04,Store_4,Product_6,84,88,0
2023-12-04,Store_4,Product_7,78,161,0
2023-12-04,Store_4,Product_8,52,80,0
2023-12-04,Store_4,Product_9,53,166,1
2023-12-04,Store_4,Product_10,58,91,0
2023-12-04,Store_5,Product_1,82,69,0
2023-12-04,Store_5,Product_2,40,199,0
2023-12-04,Store_5,Product_3,59,106,0
2023-12-04,Store_5,Product_4,94,77,0
2023-12-04,Store_5,Product_5,25,69,0
2023-12-04,Store_5,Product_6,40,67,0
2023-12-04,Store_5,Product_7,82,153,1
2023-12-04,Store_5,Product_8,87,93,0
2023-12-04,Store_5,Product_9,44,140,1
2023-12-04,Store_5,Product_10,83,174,1
2023-12-05,Store_1,Product_1,83,115,0
2023-12-05,Store_1,Product_2,22,198,0
2023-12-05,Store_1,Product_3,76,198,0
2023-12-05,Store_1,Product_4,55,71,0
2023-12-05,Store_1,Product_5,71,164,0
2023-12-05,Store_1,Product_6,52,52,0
2023-12-05,Store_1,Product_7,51,72,0
2023-12-05,Store_1,Product_8,58,55,0
2023-12-05,Store_1,Product_9,38,128,0
2023-12-05,Store_1,Product_10,87,99,1
2023-12-05,Store_2,Product_1,29,50,0
2023-12-05,Store_2,Product_2,83,188,0
2023-12-05,Store_2,Product_3,66,178,0
2023-12-05,Store_2,Product_4,56,160,0
2023-12-05,Store_2,Product_5,64,152,0
2023-12-05,Store_2,Product_6,57,137,0
2023-12-05,Store_2,Product_7,54,74,1
2023-12-05,Store_2,Product_8,54,51,0
2023-12-05,Store_2,Product_9,67,66,0
2023-12-05,Store_2,Product_10,60,87,0
2023-12-05,Store_3,Product_1,72,151,0
2023-12-05,Store_3,Product_2,90,176,0
2023-12-05,Store_3,Product_3,43,99,0
2023-12-05,Store_3,Product_4,55,69,0
2023-12-05,Store_3,Product_5,62,185,0
2023-12-05,Store_3,Product_6,28,155,0
2023-12-05,Store_3,Product_7,73,146,0
2023-12-05,Store_3,Product_8,91,180,1
2023-12-05,Store_3,Product_9,19,172,0
2023-12-05,Store_3,Product_10,54,103,0
2023-12-05,Store_4,Product_1,70,144,0
2023-12-05,Store_4,Product_2,25,70,0
2023-12-05,Store_4,Product_3,90,156,1
2023-12-05,Store_4,Product_4,86,143,0
2023-12-05,Store_4,Product_5,87,195,1
2023-12-05,Store_4,Product_6,25,53,0
2023-12-05,Store_4,Product_7,57,183,0
2023-12-05,Store_4,Product_8,91,67,0
2023-12-05,Store_4,Product_9,68,126,1
2023-12-05,Store_4,Product_10,61,160,0
2023-12-05,Store_5,Product_1,11,153,0
2023-12-05,Store_5,Product_2,88,51,0
2023-12-05,Store_5,Product_3,72,163,0
2023-12-05,Store_5,Product_4,98,109,0
2023-12-05,Store_5,Product_5,13,79,0
2023-12-05,Store_5,Product_6,19,64,0
2023-12-05,Store_5,Product_7,23,157,0
2023-12-05,Store_5,Product_8,21,125,0
2023-12-05,Store_5,Product_9,23,66,0
2023-12-05,Store_5,Product_10,64,74,0
2023-12-06,Store_1,Product_1,70,75,0
2023-12-06,Store_1,Product_2,93,69,1
2023-12-06,Store_1,Product_3,57,189,0
2023-12-06,Store_1,Product_4,54,198,0
2023-12-06,Store_1,Product_5,21,123,0
2023-12-06,Store_1,Product_6,62,59,1
2023-12-06,Store_1,Product_7,85,50,1
2023-12-06,Store_1,Product_8,70,198,0
2023-12-06,Store_1,Product_9,45,175,0
2023-12-06,Store_1,Product_10,44,81,0
2023-12-06,Store_2,Product_1,89,184,0
2023-12-06,Store_2,Product_2,68,60,0
2023-12-06,Store_2,Product_3,49,100,0
2023-12-06,Store_2,Product_4,24,99,0
2023-12-06,Store_2,Product_5,36,59,1
2023-12-06,Store_2,Product_6,72,96,1
2023-12-06,Store_2,Product_7,60,75,1
2023-12-06,Store_2,Product_8,86,92,0
2023-12-06,Store_2,Product_9,37,52,0
2023-12-06,Store_2,Product_10,51,151,0
2023-12-06,Store_3,Product_1,71,132,0
2023-12-06,Store_3,Product_2,70,173,0
2023-12-06,Store_3,Product_3,59,178,0
2023-12-06,Store_3,Product_4,39,155,0
2023-12-06,Store_3,Product_5,70,66,1
2023-12-06,Store_3,Product_6,58,182,0
2023-12-06,Store_3,Product_7,30,51,1
2023-12-06,Store_3,Product_8,41,165,1
2023-12-06,Store_3,Product_9,71,138,0
2023-12-06,Store_3,Product_10,84,65,0
2023-12-06,Store_4,Product_1,28,125,0
2023-12-06,Store_4,Product_2,17,156,0
2023-12-06,Store_4,Product_3,32,122,0
2023-12-06,Store_4,Product_4,88,94,1
2023-12-06,Store_4,Product_5,88,57,0
2023-12-06,Store_4,Product_6,22,158,0
2023-12-06,Store_4,Product_7,72,136,0
2023-12-06,Store_4,Product_8,85,68,0
2023-12-06,Store_4,Product_9,42,89,0
2023-12-06,Store_4,Product_10,40,107,0
2023-12-06,Store_5,Product_1,70,77,0
2023-12-06,Store_5,Product_2,46,175,0
2023-12-06,Store_5,Product_3,15,50,0
2023-12-06,Store_5,Product_4,63,150,0
2023-12-06,Store_5,Product_5,60,148,0
2023-12-06,Store_5,Product_6,13,148,1
2023-12-06,Store_5,Product_7,94,90,1
2023-12-06,Store_5,Product_8,17,106,0
2023-12-06,Store_5,Product_9,29,117,0
2023-12-06,Store_5,Product_10,68,125,0
2023-12-07,Store_1,Product_1,28,123,0
2023-12-07,Store_1,Product_2,33,55,0
2023-12-07,Store_1,Product_3,29,154,0
2023-12-07,Store_1,Product_4,54,143,1
2023-12-07,Store_1,Product_5,75,65,0
2023-12-07,Store_1,Product_6,57,60,0
2023-12-07,Store_1,Product_7,87,145,0
2023-12-07,Store_1,Product_8,89,73,1
2023-12-07,Store_1,Product_9,37,180,0
2023-12-07,Store_1,Product_10,25,162,1
2023-12-07,Store_2,Product_1,94,74,0
2023-12-07,Store_2,Product_2,56,102,1
2023-12-07,Store_2,Product_3,12,57,0
2023-12-07,Store_2,Product_4,95,190,0
2023-12-07,Store_2,Product_5,55,132,0
2023-12-07,Store_2,Product_6,81,60,1
2023-12-07,Store_2,Product_7,94,51,1
2023-12-07,Store_2,Product_8,108,192,1
2023-12-07,Store_2,Product_9,49,146,0
2023-12-07,Store_2,Product_10,86,113,0
2023-12-07,Store_3,Product_1,41,136,1
2023-12-07,Store_3,Product_2,25,110,0
2023-12-07,Store_3,Product_3,27,85,0
2023-12-07,Store_3,Product_4,94,62,0
2023-12-07,Store_3,Product_5,25,84,0
2023-12-07,Store_3,Product_6,97,199,0
2023-12-07,Store_3,Product_7,31,160,0
2023-12-07,Store_3,Product_8,52,61,0
2023-12-07,Store_3,Product_9,93,66,0
2023-12-07,Store_3,Product_10,53,196,0
2023-12-07,Store_4,Product_1,18,60,0
2023-12-07,Store_4,Product_2,26,148,0
2023-12-07,Store_4,Product_3,70,124,0
2023-12-07,Store_4,Product_4,49,74,0
2023-12-07,Store_4,Product_5,110,76,1
2023-12-07,Store_4,Product_6,52,189,0
2023-12-07,Store_4,Product_7,57,79,0
2023-12-07,Store_4,Product_8,46,56,0
2023-12-07,Store_4,Product_9,58,127,0
2023-12-07,Store_4,Product_10,64,69,1
2023-12-07,Store_5,Product_1,79,170,0
2023-12-07,Store_5,Product_2,40,130,0
2023-12-07,Store_5,Product_3,52,198,0
2023-12-07,Store_5,Product_4,58,191,1
2023-12-07,Store_5,Product_5,77,67,0
2023-12-07,Store_5,Product_6,85,131,0
2023-12-07,Store_5,Product_7,55,145,0
2023-12-07,Store_5,Product_8,53,168,0
2023-12-07,Store_5,Product_9,27,105,1
2023-12-07,Store_5,Product_10,23,167,1
2023-12-08,Store_1,Product_1,35,124,0
2023-12-08,Store_1,Product_2,47,133,0
2023-12-08,Store_1,Product_3,39,59,0
2023-12-08,Store_1,Product_4,73,161,0
2023-12-08,Store_1,Product_5,38,118,0
2023-12-08,Store_1,Product_6,63,66,0
2023-12-08,Store_1,Product_7,92,182,1
2023-12-08,Store_1,Product_8,76,123,0
2023-12-08,Store_1,Product_9,31,148,0
2023-12-08,Store_1,Product_10,82,181,0
2023-12-08,Store_2,Product_1,86,55,0
2023-12-08,Store_2,Product_2,42,187,0
2023-12-08,Store_2,Product_3,108,100,0
2023-12-08,Store_2,Product_4,51,54,0
2023-12-08,Store_2,Product_5,34,64,0
2023-12-08,Store_2,Product_6,34,135,0
2023-12-08,Store_2,Product_7,56,99,0
2023-12-08,Store_2,Product_8,94,95,1
2023-12-08,Store_2,Product_9,44,146,1
2023-12-08,Store_2,Product_10,91,145,0
2023-12-08,Store_3,Product_1,113,166,1
2023-12-08,Store_3,Product_2,25,59,0
2023-12-08,Store_3,Product_3,21,170,0
2023-12-08,Store_3,Product_4,34,110,1
2023-12-08,Store_3,Product_5,34,128,0
2023-12-08,Store_3,Product_6,88,157,0
2023-12-08,Store_3,Product_7,16,132,0
2023-12-08,Store_3,Product_8,23,199,1
2023-12-08,Store_3,Product_9,70,66,0
2023-12-08,Store_3,Product_10,95,60,0
2023-12-08,Store_4,Product_1,41,159,0
2023-12-08,Store_4,Product_2,20,91,0
2023-12-08,Store_4,Product_3,68,160,0
2023-12-08,Store_4,Product_4,35,78,0
2023-12-08,Store_4,Product_5,102,163,1
2023-12-08,Store_4,Product_6,59,167,0
2023-12-08,Store_4,Product_7,31,160,0
2023-12-08,Store_4,Product_8,57,195,0
2023-12-08,Store_4,Product_9,25,181,0
2023-12-08,Store_4,Product_10,47,69,0
2023-12-08,Store_5,Product_1,83,180,1
2023-12-08,Store_5,Product_2,64,74,0
2023-12-08,Store_5,Product_3,87,62,0
2023-12-08,Store_5,Product_4,79,148,0
2023-12-08,Store_5,Product_5,93,130,0
2023-12-08,Store_5,Product_6,41,83,0
2023-12-08,Store_5,Product_7,31,126,0
2023-12-08,Store_5,Product_8,41,167,0
2023-12-08,Store_5,Product_9,89,73,0
2023-12-08,Store_5,Product_10,100,154,0
2023-12-09,Store_1,Product_1,49,80,0
2023-12-09,Store_1,Product_2,23,138,0
2023-12-09,Store_1,Product_3,26,67,0
2023-12-09,Store_1,Product_4,107,90,1
2023-12-09,Store_1,Product_5,50,102,0
2023-12-09,Store_1,Product_6,34,129,1
2023-12-09,Store_1,Product_7,49,165,0
2023-12-09,Store_1,Product_8,96,152,0
2023-12-09,Store_1,Product_9,31,50,1
2023-12-09,Store_1,Product_10,38,198,0
2023-12-09,Store_2,Product_1,51,67,0
2023-12-09,Store_2,Product_2,33,169,0
2023-12-09,Store_2,Product_3,33,103,1
2023-12-09,Store_2,Product_4,60,106,1
2023-12-09,Store_2,Product_5,22,134,0
2023-12-09,Store_2,Product_6,29,182,0
2023-12-09,Store_2,Product_7,32,113,0
2023-12-09,Store_2,Product_8,72,74,0
2023-12-09,Store_2,Product_9,82,184,0
2023-12-09,Store_2,Product_10,84,132,0
2023-12-09,Store_3,Product_1,87,148,0
2023-12-09,Store_3,Product_2,51,150,0
2023-12-09,Store_3,Product_3,80,56,1
2023-12-09,Store_3,Product_4,88,140,0
2023-12-09,Store_3,Product_5,90,174,0
2023-12-09,Store_3,Product_6,81,79,0
2023-12-09,Store_3,Product_7,36,94,0
2023-12-09,Store_3,Product_8,90,164,0
2023-12-09,Store_3,Product_9,29,63,0
2023-12-09,Store_3,Product_10,22,70,0
2023-12-09,Store_4,Product_1,54,196,0
2023-12-09,Store_4,Product_2,43,57,0
2023-12-09,Store_4,Product_3,42,182,0
2023-12-09,Store_4,Product_4,90,105,0
2023-12-09,Store_4,Product_5,83,66,0
2023-12-09,Store_4,Product_6,58,132,0
2023-12-09,Store_4,Product_7,99,162,1
2023-12-09,Store_4,Product_8,33,105,1
2023-12-09,Store_4,Product_9,68,141,0
2023-12-09,Store_4,Product_10,48,178,0
2023-12-09,Store_5,Product_1,77,119,0
2023-12-09,Store_5,Product_2,92,138,0
2023-12-09,Store_5,Product_3,79,86,0
2023-12-09,Store_5,Product_4,92,143,0
2023-12-09,Store_5,Product_5,62,78,0
2023-12-09,Store_5,Product_6,71,71,0
2023-12-09,Store_5,Product_7,75,85,0
2023-12-09,Store_5,Product_8,53,52,0
2023-12-09,Store_5,Product_9,51,60,0
2023-12-09,Store_5,Product_10,45,156,1
2023-12-10,Store_1,Product_1,79,53,0
2023-12-10,Store_1,Product_2,69,119,0
2023-12-10,Store_1,Product_3,56,146,0
2023-12-10,Store_1,Product_4,100,174,0
2023-12-10,Store_1,Product_5,71,139,0
2023-12-10,Store_1,Product_6,48,186,0
2023-12-10,Store_1,Product_7,27,99,0
2023-12-10,Store_1,Product_8,107,130,1
2023-12-10,Store_1,Product_9,111,88,1
2023-12-10,Store_1,Product_10,60,127,1
2023-12-10,Store_2,Product_1,36,75,1
2023-12-10,Store_2,Product_2,88,105,0
2023-12-10,Store_2,Product_3,35,166,0
2023-12-10,Store_2,Product_4,59,154,0
2023-12-10,Store_2,Product_5,47,145,0
2023-12-10,Store_2,Product_6,95,77,1
2023-12-10,Store_2,Product_7,71,59,0
2023-12-10,Store_2,Product_8,82,136,0
2023-12-10,Store_2,Product_9,47,149,0
2023-12-10,Store_2,Product_10,55,177,0
2023-12-10,Store_3,Product_1,79,54,0
2023-12-10,Store_3,Product_2,30,77,0
2023-12-10,Store_3,Product_3,52,151,1
2023-12-10,Store_3,Product_4,51,182,0
2023-12-10,Store_3,Product_5,52,85,0
2023-12-10,Store_3,Product_6,57,61,0
2023-12-10,Store_3,Product_7,39,152,1
2023-12-10,Store_3,Product_8,81,106,0
2023-12-10,Store_3,Product_9,72,129,0
2023-12-10,Store_3,Product_10,40,176,0
2023-12-10,Store_4,Product_1,17,141,0
2023-12-10,Store_4,Product_2,45,137,0
2023-12-10,Store_4,Product_3,44,183,0
2023-12-10,Store_4,Product_4,27,132,0
2023-12-10,Store_4,Product_5,52,146,0
2023-12-10,Store_4,Product_6,40,136,1
2023-12-10,Store_4,Product_7,92,77,0
2023-12-10,Store_4,Product_8,28,52,1
2023-12-10,Store_4,Product_9,77,115,0
2023-12-10,Store_4,Product_10,97,145,0
2023-12-10,Store_5,Product_1,33,56,0
2023-12-10,Store_5,Product_2,20,162,0
2023-12-10,Store_5,Product_3,13,124,0
2023-12-10,Store_5,Product_4,83,50,0
2023-12-10,Store_5,Product_5,20,166,0
2023-12-10,Store_5,Product_6,51,96,0
2023-12-10,Store_5,Product_7,58,164,0
2023-12-10,Store_5,Product_8,24,191,1
2023-12-10,Store_5,Product_9,65,73,0
2023-12-10,Store_5,Product_10,44,68,0
2023-12-11,Store_1,Product_1,20,163,0
2023-12-11,Store_1,Product_2,27,72,1
2023-12-11,Store_1,Product_3,27,183,0
2023-12-11,Store_1,Product_4,16,177,0
2023-12-11,Store_1,Product_5,110,115,1
2023-12-11,Store_1,Product_6,58,72,0
2023-12-11,Store_1,Product_7,31,89,0
2023-12-11,Store_1,Product_8,22,100,0
2023-12-11,Store_1,Product_9,108,116,1
2023-12-11,Store_1,Product_10,24,184,0
2023-12-11,Store_2,Product_1,65,87,0
2023-12-11,Store_2,Product_2,71,154,0
2023-12-11,Store_2,Product_3,51,145,0
2023-12-11,Store_2,Product_4,102,190,1
2023-12-11,Store_2,Product_5,60,155,0
2023-12-11,Store_2,Product_6,34,189,0
2023-12-11,Store_2,Product_7,63,141,0
2023-12-11,Store_2,Product_8,96,166,0
2023-12-11,Store_2,Product_9,32,180,1
2023-12-11,Store_2,Product_10,53,134,0
2023-12-11,Store_3,Product_1,40,95,0
2023-12-11,Store_3,Product_2,25,116,0
2023-12-11,Store_3,Product_3,13,151,0
2023-12-11,Store_3,Product_4,57,176,0
2023-12-11,Store_3,Product_5,24,169,0
2023-12-11,Store_3,Product_6,54,80,0
2023-12-11,Store_3,Product_7,25,188,0
2023-12-11,Store_3,Product_8,92,65,0
2023-12-11,Store_3,Product_9,43,177,1
2023-12-11,Store_3,Product_10,46,114,0
2023-12-11,Store_4,Product_1,53,74,0
2023-12-11,Store_4,Product_2,68,140,1
2023-12-11,Store_4,Product_3,19,64,0
2023-12-11,Store_4,Product_4,20,174,1
2023-12-11,Store_4,Product_5,74,121,0
2023-12-11,Store_4,Product_6,37,151,0
2023-12-11,Store_4,Product_7,66,189,0
2023-12-11,Store_4,Product_8,39,178,0
2023-12-11,Store_4,Product_9,50,96,0
2023-12-11,Store_4,Product_10,24,166,0
2023-12-11,Store_5,Product_1,20,50,0
2023-12-11,Store_5,Product_2,77,161,0
2023-12-11,Store_5,Product_3,83,163,1
2023-12-11,Store_5,Product_4,36,119,0
2023-12-11,Store_5,Product_5,57,137,0
2023-12-11,Store_5,Product_6,9,86,0
2023-12-11,Store_5,Product_7,42,162,1
2023-12-11,Store_5,Product_8,32,182,0
2023-12-11,Store_5,Product_9,22,157,0
2023-12-11,Store_5,Product_10,38,143,0
2023-12-12,Store_1,Product_1,48,133,0
2023-12-12,Store_1,Product_2,44,96,0
2023-12-12,Store_1,Product_3,46,79,0
2023-12-12,Store_1,Product_4,80,165,0
2023-12-12,Store_1,Product_5,37,95,1
2023-12-12,Store_1,Product_6,35,75,0
2023-12-12,Store_1,Product_7,38,175,0
2023-12-12,Store_1,Product_8,24,128,0
2023-12-12,Store_1,Product_9,27,96,0
2023-12-12,Store_1,Product_10,37,128,0
2023-12-12,Store_2,Product_1,73,54,1
2023-12-12,Store_2,Product_2,39,197,1
2023-12-12,Store_2,Product_3,68,153,0
2023-12-12,Store_2,Product_4,34,159,1
2023-12-12,Store_2,Product_5,97,196,0
2023-12-12,Store_2,Product_6,47,176,0
2023-12-12,Store_2,Product_7,53,142,0
2023-12-12,Store_2,Product_8,47,151,0
2023-12-12,Store_2,Product_9,27,184,0
2023-12-12,Store_2,Product_10,94,114,0
2023-12-12,Store_3,Product_1,50,136,0
2023-12-12,Store_3,Product_2,75,127,0
2023-12-12,Store_3,Product_3,53,78,0
2023-12-12,Store_3,Product_4,31,117,0
2023-12-12,Store_3,Product_5,79,160,1
2023-12-12,Store_3,Product_6,56,157,0
2023-12-12,Store_3,Product_7,64,65,0
2023-12-12,Store_3,Product_8,64,197,0
2023-12-12,Store_3,Product_9,121,78,1
2023-12-12,Store_3,Product_10,67,76,0
2023-12-12,Store_4,Product_1,87,98,0
2023-12-12,Store_4,Product_2,76,80,0
2023-12-12,Store_4,Product_3,50,183,0
2023-12-12,Store_4,Product_4,30,153,0
2023-12-12,Store_4,Product_5,45,139,0
2023-12-12,Store_4,Product_6,33,135,0
2023-12-12,Store_4,Product_7,77,137,0
2023-12-12,Store_4,Product_8,25,90,0
2023-12-12,Store_4,Product_9,26,187,0
2023-12-12,Store_4,Product_10,88,197,0
2023-12-12,Store_5,Product_1,34,103,0
2023-12-12,Store_5,Product_2,93,131,0
2023-12-12,Store_5,Product_3,19,113,0
2023-12-12,Store_5,Product_4,60,135,0
2023-12-12,Store_5,Product_5,23,177,0
2023-12-12,Store_5,Product_6,25,157,0
2023-12-12,Store_5,Product_7,31,91,0
2023-12-12,Store_5,Product_8,10,102,0
2023-12-12,Store_5,Product_9,57,119,0
2023-12-12,Store_5,Product_10,60,96,0
2023-12-13,Store_1,Product_1,38,95,1
2023-12-13,Store_1,Product_2,68,198,0
2023-12-13,Store_1,Product_3,91,189,1
2023-12-13,Store_1,Product_4,98,140,0
2023-12-13,Store_1,Product_5,58,198,0
2023-12-13,Store_1,Product_6,73,103,1
2023-12-13,Store_1,Product_7,38,55,0
2023-12-13,Store_1,Product_8,20,115,0
2023-12-13,Store_1,Product_9,67,197,1
2023-12-13,Store_1,Product_10,97,55,0
2023-12-13,Store_2,Product_1,85,189,0
2023-12-13,Store_2,Product_2,63,58,0
2023-12-13,Store_2,Product_3,94,94,1
2023-12-13,Store_2,Product_4,59,160,0
2023-12-13,Store_2,Product_5,45,120,0
2023-12-13,Store_2,Product_6,24,51,0
2023-12-13,Store_2,Product_7,59,171,0
2023-12-13,Store_2,Product_8,18,92,0
2023-12-13,Store_2,Product_9,25,150,0
2023-12-13,Store_2,Product_10,27,55,0
2023-12-13,Store_3,Product_1,87,62,1
2023-12-13,Store_3,Product_2,31,62,0
2023-12-13,Store_3,Product_3,66,95,1
2023-12-13,Store_3,Product_4,59,119,1
2023-12-13,Store_3,Product_5,69,79,0
2023-12-13,Store_3,Product_6,74,179,0
2023-12-13,Store_3,Product_7,84,106,0
2023-12-13,Store_3,Product_8,78,109,0
2023-12-13,Store_3,Product_9,36,198,0
2023-12-13,Store_3,Product_10,23,197,0
2023-12-13,Store_4,Product_1,62,121,0
2023-12-13,Store_4,Product_2,49,96,1
2023-12-13,Store_4,Product_3,41,161,0
2023-12-13,Store_4,Product_4,39,109,1
2023-12-13,Store_4,Product_5,75,101,1
2023-12-13,Store_4,Product_6,96,183,1
2023-12-13,Store_4,Product_7,69,189,0
2023-12-13,Store_4,Product_8,42,54,0
2023-12-13,Store_4,Product_9,53,121,1
2023-12-13,Store_4,Product_10,35,88,0
2023-12-13,Store_5,Product_1,82,94,0
2023-12-13,Store_5,Product_2,64,179,0
2023-12-13,Store_5,Product_3,53,106,0
2023-12-13,Store_5,Product_4,99,121,0
2023-12-13,Store_5,Product_5,39,57,0
2023-12-13,Store_5,Product_6,71,82,1
2023-12-13,Store_5,Product_7,76,164,1
2023-12-13,Store_5,Product_8,28,59,0
2023-12-13,Store_5,Product_9,65,178,0
2023-12-13,Store_5,Product_10,67,57,0
2023-12-14,Store_1,Product_1,66,166,0
2023-12-14,Store_1,Product_2,15,187,1
2023-12-14,Store_1,Product_3,38,159,0
2023-12-14,Store_1,Product_4,80,139,0
2023-12-14,Store_1,Product_5,36,162,0
2023-12-14,Store_1,Product_6,25,52,1
2023-12-14,Store_1,Product_7,76,116,0
2023-12-14,Store_1,Product_8,26,106,0
2023-12-14,Store_1,Product_9,94,105,1
2023-12-14,Store_1,Product_10,63,89,0
2023-12-14,Store_2,Product_1,72,86,0
2023-12-14,Store_2,Product_2,108,148,1
2023-12-14,Store_2,Product_3,65,192,0
2023-12-14,Store_2,Product_4,56,89,1
2023-12-14,Store_2,Product_5,72,175,0
2023-12-14,Store_2,Product_6,62,167,0
2023-12-14,Store_2,Product_7,25,190,0
2023-12-14,Store_2,Product_8,69,156,0
2023-12-14,Store_2,Product_9,65,167,0
2023-12-14,Store_2,Product_10,91,119,0
2023-12-14,Store_3,Product_1,40,114,0
2023-12-14,Store_3,Product_2,57,149,0
2023-12-14,Store_3,Product_3,85,146,0
2023-12-14,Store_3,Product_4,31,178,0
2023-12-14,Store_3,Product_5,46,184,0
2023-12-14,Store_3,Product_6,37,190,0
2023-12-14,Store_3,Product_7,19,160,0
2023-12-14,Store_3,Product_8,26,155,0
2023-12-14,Store_3,Product_9,80,67,1
2023-12-14,Store_3,Product_10,82,193,0
2023-12-14,Store_4,Product_1,92,53,0
2023-12-14,Store_4,Product_2,25,180,0
2023-12-14,Store_4,Product_3,77,159,0
2023-12-14,Store_4,Product_4,52,173,0
2023-12-14,Store_4,Product_5,20,85,0
2023-12-14,Store_4,Product_6,20,84,0
2023-12-14,Store_4,Product_7,93,84,0
2023-12-14,Store_4,Product_8,92,53,0
2023-12-14,Store_4,Product_9,68,194,0
2023-12-14,Store_4,Product_10,68,118,1
2023-12-14,Store_5,Product_1,37,154,0
2023-12-14,Store_5,Product_2,52,90,0
2023-12-14,Store_5,Product_3,51,106,0
2023-12-14,Store_5,Product_4,37,160,0
2023-12-14,Store_5,Product_5,63,135,0
2023-12-14,Store_5,Product_6,31,148,0
2023-12-14,Store_5,Product_7,45,131,0
2023-12-14,Store_5,Product_8,65,60,1
2023-12-14,Store_5,Product_9,48,192,0
2023-12-14,Store_5,Product_10,78,135,0
2023-12-15,Store_1,Product_1,33,79,0
2023-12-15,Store_1,Product_2,37,193,0
2023-12-15,Store_1,Product_3,43,149,0
2023-12-15,Store_1,Product_4,113,181,1
2023-12-15,Store_1,Product_5,51,188,1
2023-12-15,Store_1,Product_6,51,195,0
2023-12-15,Store_1,Product_7,55,169,0
2023-12-15,Store_1,Product_8,47,57,0
2023-12-15,Store_1,Product_9,30,53,0
2023-12-15,Store_1,Product_10,51,158,0
2023-12-15,Store_2,Product_1,83,56,0
2023-12-15,Store_2,Product_2,83,199,0
2023-12-15,Store_2,Product_3,102,174,1
2023-12-15,Store_2,Product_4,47,96,0
2023-12-15,Store_2,Product_5,33,169,0
2023-12-15,Store_2,Product_6,88,73,0
2023-12-15,Store_2,Product_7,92,112,0
2023-12-15,Store_2,Product_8,38,105,0
2023-12-15,Store_2,Product_9,24,148,0
2023-12-15,Store_2,Product_10,40,70,0
2023-12-15,Store_3,Product_1,95,78,1
2023-12-15,Store_3,Product_2,37,154,1
2023-12-15,Store_3,Product_3,71,151,0
2023-12-15,Store_3,Product_4,47,131,0
2023-12-15,Store_3,Product_5,63,86,0
2023-12-15,Store_3,Product_6,38,154,0
2023-12-15,Store_3,Product_7,28,161,0
2023-12-15,Store_3,Product_8,43,168,1
2023-12-15,Store_3,Product_9,75,50,1
2023-12-15,Store_3,Product_10,77,144,0
2023-12-15,Store_4,Product_1,70,184,0
2023-12-15,Store_4,Product_2,18,195,0
2023-12-15,Store_4,Product_3,46,106,1
2023-12-15,Store_4,Product_4,99,66,0
2023-12-15,Store_4,Product_5,96,103,0
2023-12-15,Store_4,Product_6,37,104,0
2023-12-15,Store_4,Product_7,40,169,0
2023-12-15,Store_4,Product_8,42,133,0
2023-12-15,Store_4,Product_9,86,174,0
2023-12-15,Store_4,Product_10,86,122,0
2023-12-15,Store_5,Product_1,86,130,1
2023-12-15,Store_5,Product_2,32,57,0
2023-12-15,Store_5,Product_3,84,196,0
2023-12-15,Store_5,Product_4,79,140,1
2023-12-15,Store_5,Product_5,57,146,0
2023-12-15,Store_5,Product_6,21,165,0
2023-12-15,Store_5,Product_7,62,141,0
2023-12-15,Store_5,Product_8,93,111,0
2023-12-15,Store_5,Product_9,26,119,0
2023-12-15,Store_5,Product_10,59,74,0
2023-12-16,Store_1,Product_1,78,187,0
2023-12-16,Store_1,Product_2,84,122,0
2023-12-16,Store_1,Product_3,24,144,0
2023-12-16,Store_1,Product_4,59,117,0
2023-12-16,Store_1,Product_5,55,118,0
2023-12-16,Store_1,Product_6,89,86,0
2023-12-16,Store_1,Product_7,67,100,0
2023-12-16,Store_1,Product_8,103,77,0
2023-12-16,Store_1,Product_9,90,98,0
2023-12-16,Store_1,Product_10,82,60,0
2023-12-16,Store_2,Product_1,66,170,0
2023-12-16,Store_2,Product_2,65,71,0
2023-12-16,Store_2,Product_3,87,135,0
2023-12-16,Store_2,Product_4,24,157,0
2023-12-16,Store_2,Product_5,48,146,0
2023-12-16,Store_2,Product_6,66,193,0
2023-12-16,Store_2,Product_7,34,82,1
2023-12-16,Store_2,Product_8,36,84,0
2023-12-16,Store_2,Product_9,35,189,0
2023-12-16,Store_2,Product_10,60,169,0
2023-12-16,Store_3,Product_1,47,63,0
2023-12-16,Store_3,Product_2,64,55,1
2023-12-16,Store_3,Product_3,57,60,1
2023-12-16,Store_3,Product_4,100,105,0
2023-12-16,Store_3,Product_5,44,166,0
2023-12-16,Store_3,Product_6,10,154,0
2023-12-16,Store_3,Product_7,50,89,0
2023-12-16,Store_3,Product_8,50,125,0
2023-12-16,Store_3,Product_9,30,69,1
2023-12-16,Store_3,Product_10,30,101,0
2023-12-16,Store_4,Product_1,77,72,0
2023-12-16,Store_4,Product_2,61,65,1
2023-12-16,Store_4,Product_3,85,162,0
2023-12-16,Store_4,Product_4,55,163,0
2023-12-16,Store_4,Product_5,54,76,0
2023-12-16,Store_4,Product_6,21,134,1
2023-12-16,Store_4,Product_7,84,92,0
2023-12-16,Store_4,Product_8,39,155,0
2023-12-16,Store_4,Product_9,76,106,0
2023-12-16,Store_4,Product_10,64,151,0
2023-12-16,Store_5,Product_1,79,113,0
2023-12-16,Store_5,Product_2,50,98,0
2023-12-16,Store_5,Product_3,84,184,0
2023-12-16,Store_5,Product_4,93,118,0
2023-12-16,Store_5,Product_5,84,194,0
2023-12-16,Store_5,Product_6,66,152,0
2023-12-16,Store_5,Product_7,87,60,1
2023-12-16,Store_5,Product_8,99,199,0
2023-12-16,Store_5,Product_9,77,85,0
2023-12-16,Store_5,Product_10,47,113,0
2023-12-17,Store_1,Product_1,74,183,0
2023-12-17,Store_1,Product_2,101,152,1
2023-12-17,Store_1,Product_3,56,142,0
2023-12-17,Store_1,Product_4,82,64,0
2023-12-17,Store_1,Product_5,30,172,1
2023-12-17,Store_1,Product_6,47,117,0
2023-12-17,Store_1,Product_7,40,63,0
2023-12-17,Store_1,Product_8,99,65,1
2023-12-17,Store_1,Product_9,34,75,0
2023-12-17,Store_1,Product_10,85,142,0
2023-12-17,Store_2,Product_1,91,165,0
2023-12-17,Store_2,Product_2,69,96,0
2023-12-17,Store_2,Product_3,93,191,0
2023-12-17,Store_2,Product_4,46,189,0
2023-12-17,Store_2,Product_5,26,69,0
2023-12-17,Store_2,Product_6,62,128,1
2023-12-17,Store_2,Product_7,36,51,0
2023-12-17,Store_2,Product_8,91,140,0
2023-12-17,Store_2,Product_9,45,186,0
2023-12-17,Store_2,Product_10,94,98,0
2023-12-17,Store_3,Product_1,37,186,0
2023-12-17,Store_3,Product_2,73,61,0
2023-12-17,Store_3,Product_3,71,191,0
2023-12-17,Store_3,Product_4,32,52,0
2023-12-17,Store_3,Product_5,86,88,0
2023-12-17,Store_3,Product_6,67,80,0
2023-12-17,Store_3,Product_7,51,154,0
2023-12-17,Store_3,Product_8,87,154,0
2023-12-17,Store_3,Product_9,76,180,1
2023-12-17,Store_3,Product_10,52,101,1
2023-12-17,Store_4,Product_1,70,176,0
2023-12-17,Store_4,Product_2,28,153,0
2023-12-17,Store_4,Product_3,69,158,0
2023-12-17,Store_4,Product_4,80,147,0
2023-12-17,Store_4,Product_5,16,149,0
2023-12-17,Store_4,Product_6,57,174,0
2023-12-17,Store_4,Product_7,18,128,0
2023-12-17,Store_4,Product_8,38,191,1
2023-12-17,Store_4,Product_9,15,184,0
2023-12-17,Store_4,Product_10,62,100,1
2023-12-17,Store_5,Product_1,90,63,0
2023-12-17,Store_5,Product_2,115,137,1
2023-12-17,Store_5,Product_3,39,158,0
2023-12-17,Store_5,Product_4,41,179,0
2023-12-17,Store_5,Product_5,85,86,0
2023-12-17,Store_5,Product_6,31,123,0
2023-12-17,Store_5,Product_7,88,194,0
2023-12-17,Store_5,Product_8,24,194,0
2023-12-17,Store_5,Product_9,52,127,0
2023-12-17,Store_5,Product_10,48,138,0
2023-12-18,Store_1,Product_1,58,176,1
2023-12-18,Store_1,Product_2,23,65,1
2023-12-18,Store_1,Product_3,87,61,1
2023-12-18,Store_1,Product_4,32,109,0
2023-12-18,Store_1,Product_5,93,51,0
2023-12-18,Store_1,Product_6,59,88,0
2023-12-18,Store_1,Product_7,57,175,0
2023-12-18,Store_1,Product_8,32,162,0
2023-12-18,Store_1,Product_9,63,121,1
2023-12-18,Store_1,Product_10,95,88,0
2023-12-18,Store_2,Product_1,103,60,1
2023-12-18,Store_2,Product_2,55,100,0
2023-12-18,Store_2,Product_3,45,63,0
2023-12-18,Store_2,Product_4,61,148,0
2023-12-18,Store_2,Product_5,61,118,0
2023-12-18,Store_2,Product_6,25,89,0
2023-12-18,Store_2,Product_7,88,110,0
2023-12-18,Store_2,Product_8,64,82,0
2023-12-18,Store_2,Product_9,74,197,0
2023-12-18,Store_2,Product_10,52,70,1
2023-12-18,Store_3,Product_1,43,106,0
2023-12-18,Store_3,Product_2,36,156,0
2023-12-18,Store_3,Product_3,96,184,0
2023-12-18,Store_3,Product_4,54,152,0
2023-12-18,Store_3,Product_5,36,99,0
2023-12-18,Store_3,Product_6,46,141,0
2023-12-18,Store_3,Product_7,84,141,0
2023-12-18,Store_3,Product_8,63,193,0
2023-12-18,Store_3,Product_9,109,65,1
2023-12-18,Store_3,Product_10,79,191,0
2023-12-18,Store_4,Product_1,95,160,0
2023-12-18,Store_4,Product_2,39,92,0
2023-12-18,Store_4,Product_3,67,106,1
2023-12-18,Store_4,Product_4,17,103,0
2023-12-18,Store_4,Product_5,36,148,0
2023-12-18,Store_4,Product_6,68,190,0
2023-12-18,Store_4,Product_7,55,74,0
2023-12-18,Store_4,Product_8,39,126,0
2023-12-18,Store_4,Product_9,72,101,0
2023-12-18,Store_4,Product_10,51,74,1
2023-12-18,Store_5,Product_1,102,63,1
2023-12-18,Store_5,Product_2,47,103,0
2023-12-18,Store_5,Product_3,45,192,1
2023-12-18,Store_5,Product_4,53,170,0
2023-12-18,Store_5,Product_5,78,168,1
2023-12-18,Store_5,Product_6,81,171,0
2023-12-18,Store_5,Product_7,115,112,1
2023-12-18,Store_5,Product_8,65,62,0
2023-12-18,Store_5,Product_9,76,72,1
2023-12-18,Store_5,Product_10,28,53,0
2023-12-19,Store_1,Product_1,74,191,0
2023-12-19,Store_1,Product_2,25,59,0
2023-12-19,Store_1,Product_3,58,184,0
2023-12-19,Store_1,Product_4,67,87,0
2023-12-19,Store_1,Product_5,82,177,0
2023-12-19,Store_1,Product_6,75,113,1
2023-12-19,Store_1,Product_7,43,134,0
2023-12-19,Store_1,Product_8,72,104,0
2023-12-19,Store_1,Product_9,91,153,0
2023-12-19,Store_1,Product_10,58,153,0
2023-12-19,Store_2,Product_1,46,165,0
2023-12-19,Store_2,Product_2,93,98,0
2023-12-19,Store_2,Product_3,19,70,0
2023-12-19,Store_2,Product_4,89,73,0
2023-12-19,Store_2,Product_5,40,121,0
2023-12-19,Store_2,Product_6,49,87,0
2023-12-19,Store_2,Product_7,30,67,0
2023-12-19,Store_2,Product_8,29,162,0
2023-12-19,Store_2,Product_9,72,179,0
2023-12-19,Store_2,Product_10,50,198,0
2023-12-19,Store_3,Product_1,19,61,1
2023-12-19,Store_3,Product_2,32,58,0
2023-12-19,Store_3,Product_3,86,76,0
2023-12-19,Store_3,Product_4,50,94,0
2023-12-19,Store_3,Product_5,27,56,0
2023-12-19,Store_3,Product_6,63,56,0
2023-12-19,Store_3,Product_7,34,101,1
2023-12-19,Store_3,Product_8,40,150,1
2023-12-19,Store_3,Product_9,36,115,0
2023-12-19,Store_3,Product_10,55,172,0
2023-12-19,Store_4,Product_1,96,147,0
2023-12-19,Store_4,Product_2,52,177,0
2023-12-19,Store_4,Product_3,26,89,1
2023-12-19,Store_4,Product_4,55,151,0
2023-12-19,Store_4,Product_5,38,77,0
2023-12-19,Store_4,Product_6,63,159,0
2023-12-19,Store_4,Product_7,82,140,0
2023-12-19,Store_4,Product_8,54,54,0
2023-12-19,Store_4,Product_9,23,144,0
2023-12-19,Store_4,Product_10,55,123,0
2023-12-19,Store_5,Product_1,50,83,0
2023-12-19,Store_5,Product_2,74,76,0
2023-12-19,Store_5,Product_3,27,86,0
2023-12-19,Store_5,Product_4,22,108,0
2023-12-19,Store_5,Product_5,112,113,1
2023-12-19,Store_5,Product_6,95,104,0
2023-12-19,Store_5,Product_7,57,173,0
2023-12-19,Store_5,Product_8,77,131,0
2023-12-19,Store_5,Product_9,79,65,0
2023-12-19,Store_5,Product_10,55,110,0
2023-12-20,Store_1,Product_1,47,59,1
2023-12-20,Store_1,Product_2,55,119,1
2023-12-20,Store_1,Product_3,43,97,0
2023-12-20,Store_1,Product_4,24,191,0
2023-12-20,Store_1,Product_5,20,180,0
2023-12-20,Store_1,Product_6,60,196,0
2023-12-20,Store_1,Product_7,20,150,0
2023-12-20,Store_1,Product_8,84,103,0
2023-12-20,Store_1,Product_9,77,173,0
2023-12-20,Store_1,Product_10,78,136,0
2023-12-20,Store_2,Product_1,36,53,1
2023-12-20,Store_2,Product_2,86,193,0
2023-12-20,Store_2,Product_3,62,129,0
2023-12-20,Store_2,Product_4,41,110,0
2023-12-20,Store_2,Product_5,62,85,0
2023-12-20,Store_2,Product_6,74,92,0
2023-12-20,Store_2,Product_7,89,109,0
2023-12-20,Store_2,Product_8,43,146,0
2023-12-20,Store_2,Product_9,22,186,1
2023-12-20,Store_2,Product_10,97,138,1
2023-12-20,Store_3,Product_1,21,133,0
2023-12-20,Store_3,Product_2,31,198,0
2023-12-20,Store_3,Product_3,29,164,0
2023-12-20,Store_3,Product_4,78,103,1
2023-12-20,Store_3,Product_5,55,157,0
2023-12-20,Store_3,Product_6,72,187,0
2023-12-20,Store_3,Product_7,32,103,1
2023-12-20,Store_3,Product_8,70,196,0
2023-12-20,Store_3,Product_9,36,167,0
2023-12-20,Store_3,Product_10,72,134,0
2023-12-20,Store_4,Product_1,31,152,0
2023-12-20,Store_4,Product_2,66,179,0
2023-12-20,Store_4,Product_3,82,115,1
2023-12-20,Store_4,Product_4,38,50,0
2023-12-20,Store_4,Product_5,49,190,0
2023-12-20,Store_4,Product_6,30,70,1
2023-12-20,Store_4,Product_7,30,105,0
2023-12-20,Store_4,Product_8,51,181,0
2023-12-20,Store_4,Product_9,91,100,0
2023-12-20,Store_4,Product_10,91,108,0
2023-12-20,Store_5,Product_1,19,114,0
2023-12-20,Store_5,Product_2,76,173,0
2023-12-20,Store_5,Product_3,112,154,1
2023-12-20,Store_5,Product_4,37,113,0
2023-12-20,Store_5,Product_5,49,135,1
2023-12-20,Store_5,Product_6,16,195,0
2023-12-20,Store_5,Product_7,91,126,0
2023-12-20,Store_5,Product_8,109,125,1
2023-12-20,Store_5,Product_9,32,190,0
2023-12-20,Store_5,Product_10,39,188,0
2023-12-21,Store_1,Product_1,87,157,0
2023-12-21,Store_1,Product_2,35,180,0
2023-12-21,Store_1,Product_3,15,65,0
2023-12-21,Store_1,Product_4,80,105,1
2023-12-21,Store_1,Product_5,41,140,0
2023-12-21,Store_1,Product_6,81,95,0
2023-12-21,Store_1,Product_7,93,120,1
2023-12-21,Store_1,Product_8,92,67,0
2023-12-21,Store_1,Product_9,44,185,1
2023-12-21,Store_1,Product_10,36,165,0
2023-12-21,Store_2,Product_1,56,124,0
2023-12-21,Store_2,Product_2,91,68,1
2023-12-21,Store_2,Product_3,43,53,0
2023-12-21,Store_2,Product_4,114,79,1
2023-12-21,Store_2,Product_5,103,76,0
2023-12-21,Store_2,Product_6,43,74,0
2023-12-21,Store_2,Product_7,23,97,0
2023-12-21,Store_2,Product_8,87,134,0
2023-12-21,Store_2,Product_9,79,187,0
2023-12-21,Store_2,Product_10,92,67,1
2023-12-21,Store_3,Product_1,25,100,0
2023-12-21,Store_3,Product_2,115,144,1
2023-12-21,Store_3,Product_3,61,186,0
2023-12-21,Store_3,Product_4,43,189,0
2023-12-21,Store_3,Product_5,36,143,0
2023-12-21,Store_3,Product_6,68,160,0
2023-12-21,Store_3,Product_7,83,85,0
2023-12-21,Store_3,Product_8,78,106,0
2023-12-21,Store_3,Product_9,61,111,0
2023-12-21,Store_3,Product_10,22,105,0
2023-12-21,Store_4,Product_1,111,66,1
2023-12-21,Store_4,Product_2,84,136,0
2023-12-21,Store_4,Product_3,103,180,1
2023-12-21,Store_4,Product_4,29,167,0
2023-12-21,Store_4,Product_5,88,118,0
2023-12-21,Store_4,Product_6,40,153,0
2023-12-21,Store_4,Product_7,82,92,0
2023-12-21,Store_4,Product_8,33,130,0
2023-12-21,Store_4,Product_9,42,134,0
2023-12-21,Store_4,Product_10,71,121,0
2023-12-21,Store_5,Product_1,63,141,0
2023-12-21,Store_5,Product_2,93,195,0
2023-12-21,Store_5,Product_3,21,144,0
2023-12-21,Store_5,Product_4,44,154,1
2023-12-21,Store_5,Product_5,103,144,1
2023-12-21,Store_5,Product_6,61,89,0
2023-12-21,Store_5,Product_7,52,147,0
2023-12-21,Store_5,Product_8,40,110,0
2023-12-21,Store_5,Product_9,88,70,1
2023-12-21,Store_5,Product_10,76,109,0
2023-12-22,Store_1,Product_1,87,61,0
2023-12-22,Store_1,Product_2,43,192,0
2023-12-22,Store_1,Product_3,83,181,0
2023-12-22,Store_1,Product_4,89,102,0
2023-12-22,Store_1,Product_5,19,195,0
2023-12-22,Store_1,Product_6,62,159,0
2023-12-22,Store_1,Product_7,82,127,0
2023-12-22,Store_1,Product_8,89,187,0
2023-12-22,Store_1,Product_9,66,67,0
2023-12-22,Store_1,Product_10,40,83,0
2023-12-22,Store_2,Product_1,71,192,1
2023-12-22,Store_2,Product_2,51,68,0
2023-12-22,Store_2,Product_3,72,125,0
2023-12-22,Store_2,Product_4,44,199,0
2023-12-22,Store_2,Product_5,22,160,0
2023-12-22,Store_2,Product_6,34,170,0
2023-12-22,Store_2,Product_7,93,189,0
2023-12-22,Store_2,Product_8,95,82,0
2023-12-22,Store_2,Product_9,34,160,1
2023-12-22,Store_2,Product_10,97,184,0
2023-12-22,Store_3,Product_1,83,133,0
2023-12-22,Store_3,Product_2,57,105,1
2023-12-22,Store_3,Product_3,76,83,0
2023-12-22,Store_3,Product_4,60,84,0
2023-12-22,Store_3,Product_5,115,71,1
2023-12-22,Store_3,Product_6,58,132,0
2023-12-22,Store_3,Product_7,90,174,0
2023-12-22,Store_3,Product_8,59,193,1
2023-12-22,Store_3,Product_9,113,99,1
2023-12-22,Store_3,Product_10,31,54,1
2023-12-22,Store_4,Product_1,22,124,0
2023-12-22,Store_4,Product_2,109,168,1
2023-12-22,Store_4,Product_3,60,93,1
2023-12-22,Store_4,Product_4,84,127,1
2023-12-22,Store_4,Product_5,26,100,0
2023-12-22,Store_4,Product_6,85,75,0
2023-12-22,Store_4,Product_7,50,65,0
2023-12-22,Store_4,Product_8,41,111,1
2023-12-22,Store_4,Product_9,112,115,1
2023-12-22,Store_4,Product_10,32,124,0
2023-12-22,Store_5,Product_1,65,145,0
2023-12-22,Store_5,Product_2,94,108,0
2023-12-22,Store_5,Product_3,35,154,0
2023-12-22,Store_5,Product_4,62,116,0
2023-12-22,Store_5,Product_5,90,191,0
2023-12-22,Store_5,Product_6,23,52,0
2023-12-22,Store_5,Product_7,18,150,1
2023-12-22,Store_5,Product_8,39,182,0
2023-12-22,Store_5,Product_9,38,188,1
2023-12-22,Store_5,Product_10,23,55,0
2023-12-23,Store_1,Product_1,79,54,0
2023-12-23,Store_1,Product_2,57,149,1
2023-12-23,Store_1,Product_3,51,95,0
2023-12-23,Store_1,Product_4,70,97,0
2023-12-23,Store_1,Product_5,85,184,0
2023-12-23,Store_1,Product_6,95,126,0
2023-12-23,Store_1,Product_7,71,122,0
2023-12-23,Store_1,Product_8,55,72,0
2023-12-23,Store_1,Product_9,42,83,0
2023-12-23,Store_1,Product_10,54,181,0
2023-12-23,Store_2,Product_1,97,96,0
2023-12-23,Store_2,Product_2,21,90,0
2023-12-23,Store_2,Product_3,66,154,0
2023-12-23,Store_2,Product_4,50,58,0
2023-12-23,Store_2,Product_5,20,62,0
2023-12-23,Store_2,Product_6,69,183,0
2023-12-23,Store_2,Product_7,85,180,0
2023-12-23,Store_2,Product_8,105,89,0
2023-12-23,Store_2,Product_9,76,154,1
2023-12-23,Store_2,Product_10,104,73,1
2023-12-23,Store_3,Product_1,23,179,0
2023-12-23,Store_3,Product_2,50,83,0
2023-12-23,Store_3,Product_3,64,113,1
2023-12-23,Store_3,Product_4,15,176,0
2023-12-23,Store_3,Product_5,60,158,1
2023-12-23,Store_3,Product_6,97,162,1
2023-12-23,Store_3,Product_7,11,161,0
2023-12-23,Store_3,Product_8,27,191,0
2023-12-23,Store_3,Product_9,22,194,0
2023-12-23,Store_3,Product_10,85,173,1
2023-12-23,Store_4,Product_1,40,167,0
2023-12-23,Store_4,Product_2,62,179,0
2023-12-23,Store_4,Product_3,63,91,0
2023-12-23,Store_4,Product_4,36,175,0
2023-12-23,Store_4,Product_5,83,150,0
2023-12-23,Store_4,Product_6,81,125,0
2023-12-23,Store_4,Product_7,23,170,1
2023-12-23,Store_4,Product_8,90,142,0
2023-12-23,Store_4,Product_9,95,153,0
2023-12-23,Store_4,Product_10,64,188,1
2023-12-23,Store_5,Product_1,67,112,1
2023-12-23,Store_5,Product_2,18,107,0
2023-12-23,Store_5,Product_3,101,119,1
2023-12-23,Store_5,Product_4,7,97,0
2023-12-23,Store_5,Product_5,89,65,1
2023-12-23,Store_5,Product_6,31,150,0
2023-12-23,Store_5,Product_7,92,82,0
2023-12-23,Store_5,Product_8,63,178,1
2023-12-23,Store_5,Product_9,67,55,0
2023-12-23,Store_5,Product_10,22,100,0
2023-12-24,Store_1,Product_1,31,184,0
2023-12-24,Store_1,Product_2,43,100,0
2023-12-24,Store_1,Product_3,68,171,0
2023-12-24,Store_1,Product_4,48,68,1
2023-12-24,Store_1,Product_5,35,95,1
2023-12-24,Store_1,Product_6,84,93,0
2023-12-24,Store_1,Product_7,28,129,0
2023-12-24,Store_1,Product_8,42,167,0
2023-12-24,Store_1,Product_9,86,176,0
2023-12-24,Store_1,Product_10,46,146,0
2023-12-24,Store_2,Product_1,36,53,1
2023-12-24,Store_2,Product_2,89,88,0
2023-12-24,Store_2,Product_3,33,174,0
2023-12-24,Store_2,Product_4,63,160,0
2023-12-24,Store_2,Product_5,89,145,0
2023-12-24,Store_2,Product_6,17,54,0
2023-12-24,Store_2,Product_7,91,123,0
2023-12-24,Store_2,Product_8,92,155,1
2023-12-24,Store_2,Product_9,49,83,1
2023-12-24,Store_2,Product_10,91,106,1
2023-12-24,Store_3,Product_1,31,109,0
2023-12-24,Store_3,Product_2,41,86,0
2023-12-24,Store_3,Product_3,83,62,1
2023-12-24,Store_3,Product_4,75,182,0
2023-12-24,Store_3,Product_5,89,168,0
2023-12-24,Store_3,Product_6,76,164,1
2023-12-24,Store_3,Product_7,45,52,0
2023-12-24,Store_3,Product_8,53,97,1
2023-12-24,Store_3,Product_9,90,84,0
2023-12-24,Store_3,Product_10,99,183,0
2023-12-24,Store_4,Product_1,68,165,1
2023-12-24,Store_4,Product_2,100,79,0
2023-12-24,Store_4,Product_3,95,100,0
2023-12-24,Store_4,Product_4,87,174,0
2023-12-24,Store_4,Product_5,78,55,0
2023-12-24,Store_4,Product_6,32,162,0
2023-12-24,Store_4,Product_7,103,111,1
2023-12-24,Store_4,Product_8,75,97,0
2023-12-24,Store_4,Product_9,35,166,0
2023-12-24,Store_4,Product_10,46,56,0
2023-12-24,Store_5,Product_1,25,139,1
2023-12-24,Store_5,Product_2,52,143,0
2023-12-24,Store_5,Product_3,72,117,0
2023-12-24,Store_5,Product_4,21,166,0
2023-12-24,Store_5,Product_5,88,110,1
2023-12-24,Store_5,Product_6,57,72,0
2023-12-24,Store_5,Product_7,89,58,0
2023-12-24,Store_5,Product_8,92,129,0
2023-12-24,Store_5,Product_9,53,162,0
2023-12-24,Store_5,Product_10,78,181,0
2023-12-25,Store_1,Product_1,97,165,0
2023-12-25,Store_1,Product_2,69,159,0
2023-12-25,Store_1,Product_3,65,64,0
2023-12-25,Store_1,Product_4,85,154,0
2023-12-25,Store_1,Product_5,47,112,0
2023-12-25,Store_1,Product_6,100,158,1
2023-12-25,Store_1,Product_7,60,53,0
2023-12-25,Store_1,Product_8,58,121,0
2023-12-25,Store_1,Product_9,35,184,1
2023-12-25,Store_1,Product_10,34,90,1
2023-12-25,Store_2,Product_1,85,52,0
2023-12-25,Store_2,Product_2,56,130,1
2023-12-25,Store_2,Product_3,85,73,0
2023-12-25,Store_2,Product_4,61,190,0
2023-12-25,Store_2,Product_5,25,101,0
2023-12-25,Store_2,Product_6,34,53,0
2023-12-25,Store_2,Product_7,92,80,0
2023-12-25,Store_2,Product_8,69,89,0
2023-12-25,Store_2,Product_9,95,120,0
2023-12-25,Store_2,Product_10,70,155,0
2023-12-25,Store_3,Product_1,68,80,0
2023-12-25,Store_3,Product_2,112,196,1
2023-12-25,Store_3,Product_3,72,111,0
2023-12-25,Store_3,Product_4,35,95,0
2023-12-25,Store_3,Product_5,92,140,0
2023-12-25,Store_3,Product_6,38,75,0
2023-12-25,Store_3,Product_7,37,131,0
2023-12-25,Store_3,Product_8,35,51,0
2023-12-25,Store_3,Product_9,89,114,0
2023-12-25,Store_3,Product_10,29,140,0
2023-12-25,Store_4,Product_1,59,152,0
2023-12-25,Store_4,Product_2,53,166,0
2023-12-25,Store_4,Product_3,63,73,0
2023-12-25,Store_4,Product_4,72,123,0
2023-12-25,Store_4,Product_5,49,168,0
2023-12-25,Store_4,Product_6,30,53,0
2023-12-25,Store_4,Product_7,74,159,0
2023-12-25,Store_4,Product_8,96,149,0
2023-12-25,Store_4,Product_9,33,149,1
2023-12-25,Store_4,Product_10,44,152,0
2023-12-25,Store_5,Product_1,44,59,1
2023-12-25,Store_5,Product_2,103,62,0
2023-12-25,Store_5,Product_3,23,65,0
2023-12-25,Store_5,Product_4,80,127,1
2023-12-25,Store_5,Product_5,63,156,0
2023-12-25,Store_5,Product_6,27,144,0
2023-12-25,Store_5,Product_7,56,77,1
2023-12-25,Store_5,Product_8,31,165,0
2023-12-25,Store_5,Product_9,29,125,0
2023-12-25,Store_5,Product_10,60,156,0
2023-12-26,Store_1,Product_1,87,123,0
2023-12-26,Store_1,Product_2,30,100,0
2023-12-26,Store_1,Product_3,49,196,0
2023-12-26,Store_1,Product_4,86,98,0
2023-12-26,Store_1,Product_5,100,59,1
2023-12-26,Store_1,Product_6,94,184,0
2023-12-26,Store_1,Product_7,73,106,0
2023-12-26,Store_1,Product_8,29,96,0
2023-12-26,Store_1,Product_9,90,140,0
2023-12-26,Store_1,Product_10,34,167,0
2023-12-26,Store_2,Product_1,44,52,0
2023-12-26,Store_2,Product_2,92,65,0
2023-12-26,Store_2,Product_3,92,110,1
2023-12-26,Store_2,Product_4,81,59,0
2023-12-26,Store_2,Product_5,28,177,0
2023-12-26,Store_2,Product_6,76,50,0
2023-12-26,Store_2,Product_7,37,111,0
2023-12-26,Store_2,Product_8,89,179,0
2023-12-26,Store_2,Product_9,46,73,0
2023-12-26,Store_2,Product_10,74,55,0
2023-12-26,Store_3,Product_1,35,75,1
2023-12-26,Store_3,Product_2,50,179,0
2023-12-26,Store_3,Product_3,31,111,0
2023-12-26,Store_3,Product_4,88,52,0
2023-12-26,Store_3,Product_5,57,162,1
2023-12-26,Store_3,Product_6,76,62,1
2023-12-26,Store_3,Product_7,51,92,0
2023-12-26,Store_3,Product_8,59,196,0
2023-12-26,Store_3,Product_9,62,194,0
2023-12-26,Store_3,Product_10,40,129,0
2023-12-26,Store_4,Product_1,41,101,0
2023-12-26,Store_4,Product_2,82,108,0
2023-12-26,Store_4,Product_3,42,91,0
2023-12-26,Store_4,Product_4,95,135,0
2023-12-26,Store_4,Product_5,37,121,0
2023-12-26,Store_4,Product_6,58,116,0
2023-12-26,Store_4,Product_7,89,135,0
2023-12-26,Store_4,Product_8,63,132,1
2023-12-26,Store_4,Product_9,59,97,1
2023-12-26,Store_4,Product_10,41,124,0
2023-12-26,Store_5,Product_1,49,112,0
2023-12-26,Store_5,Product_2,40,193,0
2023-12-26,Store_5,Product_3,72,77,1
2023-12-26,Store_5,Product_4,27,155,0
2023-12-26,Store_5,Product_5,78,118,0
2023-12-26,Store_5,Product_6,100,78,0
2023-12-26,Store_5,Product_7,94,166,0
2023-12-26,Store_5,Product_8,80,165,1
2023-12-26,Store_5,Product_9,101,83,0
2023-12-26,Store_5,Product_10,84,149,0
2023-12-27,Store_1,Product_1,41,61,0
2023-12-27,Store_1,Product_2,41,61,0
2023-12-27,Store_1,Product_3,33,189,0
2023-12-27,Store_1,Product_4,25,106,0
2023-12-27,Store_1,Product_5,19,189,0
2023-12-27,Store_1,Product_6,37,91,0
2023-12-27,Store_1,Product_7,35,82,1
2023-12-27,Store_1,Product_8,69,105,0
2023-12-27,Store_1,Product_9,27,84,0
2023-12-27,Store_1,Product_10,31,136,0
2023-12-27,Store_2,Product_1,44,160,0
2023-12-27,Store_2,Product_2,38,120,1
2023-12-27,Store_2,Product_3,69,174,0
2023-12-27,Store_2,Product_4,18,145,0
2023-12-27,Store_2,Product_5,61,191,0
2023-12-27,Store_2,Product_6,40,162,0
2023-12-27,Store_2,Product_7,108,64,1
2023-12-27,Store_2,Product_8,118,120,1
2023-12-27,Store_2,Product_9,29,118,1
2023-12-27,Store_2,Product_10,119,196,1
2023-12-27,Store_3,Product_1,73,74,0
2023-12-27,Store_3,Product_2,98,51,1
2023-12-27,Store_3,Product_3,72,170,1
2023-12-27,Store_3,Product_4,92,60,1
2023-12-27,Store_3,Product_5,18,125,0
2023-12-27,Store_3,Product_6,100,162,0
2023-12-27,Store_3,Product_7,52,129,0
2023-12-27,Store_3,Product_8,91,129,0
2023-12-27,Store_3,Product_9,54,58,0
2023-12-27,Store_3,Product_10,82,189,0
2023-12-27,Store_4,Product_1,55,191,0
2023-12-27,Store_4,Product_2,25,196,0
2023-12-27,Store_4,Product_3,57,199,0
2023-12-27,Store_4,Product_4,37,56,0
2023-12-27,Store_4,Product_5,29,111,0
2023-12-27,Store_4,Product_6,44,71,1
2023-12-27,Store_4,Product_7,53,111,0
2023-12-27,Store_4,Product_8,46,136,0
2023-12-27,Store_4,Product_9,65,186,0
2023-12-27,Store_4,Product_10,46,56,0
2023-12-27,Store_5,Product_1,54,197,0
2023-12-27,Store_5,Product_2,75,86,0
2023-12-27,Store_5,Product_3,18,167,0
2023-12-27,Store_5,Product_4,45,127,0
2023-12-27,Store_5,Product_5,102,69,1
2023-12-27,Store_5,Product_6,71,94,0
2023-12-27,Store_5,Product_7,94,199,0
2023-12-27,Store_5,Product_8,58,140,0
2023-12-27,Store_5,Product_9,47,133,1
2023-12-27,Store_5,Product_10,84,157,0
2023-12-28,Store_1,Product_1,16,95,0
2023-12-28,Store_1,Product_2,55,53,0
2023-12-28,Store_1,Product_3,52,155,0
2023-12-28,Store_1,Product_4,71,90,0
2023-12-28,Store_1,Product_5,42,157,0
2023-12-28,Store_1,Product_6,42,162,0
2023-12-28,Store_1,Product_7,67,91,1
2023-12-28,Store_1,Product_8,57,151,0
2023-12-28,Store_1,Product_9,60,131,0
2023-12-28,Store_1,Product_10,99,175,0
2023-12-28,Store_2,Product_1,49,115,0
2023-12-28,Store_2,Product_2,47,190,0
2023-12-28,Store_2,Product_3,90,136,0
2023-12-28,Store_2,Product_4,83,91,0
2023-12-28,Store_2,Product_5,98,122,0
2023-12-28,Store_2,Product_6,89,115,1
2023-12-28,Store_2,Product_7,50,170,0
2023-12-28,Store_2,Product_8,97,134,0
2023-12-28,Store_2,Product_9,27,52,0
2023-12-28,Store_2,Product_10,30,133,0
2023-12-28,Store_3,Product_1,97,117,0
2023-12-28,Store_3,Product_2,67,113,1
2023-12-28,Store_3,Product_3,32,104,0
2023-12-28,Store_3,Product_4,9,106,0
2023-12-28,Store_3,Product_5,70,136,0
2023-12-28,Store_3,Product_6,36,153,0
2023-12-28,Store_3,Product_7,93,73,1
2023-12-28,Store_3,Product_8,67,57,0
2023-12-28,Store_3,Product_9,51,134,0
2023-12-28,Store_3,Product_10,26,64,0
2023-12-28,Store_4,Product_1,86,198,0
2023-12-28,Store_4,Product_2,26,55,0
2023-12-28,Store_4,Product_3,80,118,0
2023-12-28,Store_4,Product_4,60,175,0
2023-12-28,Store_4,Product_5,66,164,0
2023-12-28,Store_4,Product_6,60,186,1
2023-12-28,Store_4,Product_7,56,91,0
2023-12-28,Store_4,Product_8,97,196,0
2023-12-28,Store_4,Product_9,93,157,0
2023-12-28,Store_4,Product_10,97,62,1
2023-12-28,Store_5,Product_1,54,194,0
2023-12-28,Store_5,Product_2,32,157,0
2023-12-28,Store_5,Product_3,59,93,1
2023-12-28,Store_5,Product_4,75,162,0
2023-12-28,Store_5,Product_5,68,173,1
2023-12-28,Store_5,Product_6,65,160,0
2023-12-28,Store_5,Product_7,91,84,0
2023-12-28,Store_5,Product_8,122,108,1
2023-12-28,Store_5,Product_9,57,165,0
2023-12-28,Store_5,Product_10,71,193,0
2023-12-29,Store_1,Product_1,43,100,0
2023-12-29,Store_1,Product_2,87,163,0
2023-12-29,Store_1,Product_3,75,178,0
2023-12-29,Store_1,Product_4,66,78,0
2023-12-29,Store_1,Product_5,44,176,0
2023-12-29,Store_1,Product_6,95,166,1
2023-12-29,Store_1,Product_7,94,189,0
2023-12-29,Store_1,Product_8,39,100,0
2023-12-29,Store_1,Product_9,82,94,0
2023-12-29,Store_1,Product_10,35,100,0
2023-12-29,Store_2,Product_1,52,117,0
2023-12-29,Store_2,Product_2,109,199,1
2023-12-29,Store_2,Product_3,93,80,0
2023-12-29,Store_2,Product_4,115,54,1
2023-12-29,Store_2,Product_5,100,104,0
2023-12-29,Store_2,Product_6,107,197,1
2023-12-29,Store_2,Product_7,69,58,0
2023-12-29,Store_2,Product_8,74,132,0
2023-12-29,Store_2,Product_9,27,54,0
2023-12-29,Store_2,Product_10,44,130,1
2023-12-29,Store_3,Product_1,117,184,1
2023-12-29,Store_3,Product_2,69,55,1
2023-12-29,Store_3,Product_3,91,152,0
2023-12-29,Store_3,Product_4,17,164,0
2023-12-29,Store_3,Product_5,32,116,0
2023-12-29,Store_3,Product_6,72,189,0
2023-12-29,Store_3,Product_7,52,137,0
2023-12-29,Store_3,Product_8,35,169,0
2023-12-29,Store_3,Product_9,18,153,0
2023-12-29,Store_3,Product_10,22,193,0
2023-12-29,Store_4,Product_1,20,114,0
2023-12-29,Store_4,Product_2,54,188,1
2023-12-29,Store_4,Product_3,56,73,0
2023-12-29,Store_4,Product_4,88,145,0
2023-12-29,Store_4,Product_5,36,167,0
2023-12-29,Store_4,Product_6,33,191,0
2023-12-29,Store_4,Product_7,21,164,1
2023-12-29,Store_4,Product_8,56,172,0
2023-12-29,Store_4,Product_9,31,123,0
2023-12-29,Store_4,Product_10,32,81,1
2023-12-29,Store_5,Product_1,53,163,0
2023-12-29,Store_5,Product_2,21,61,0
2023-12-29,Store_5,Product_3,116,196,1
2023-12-29,Store_5,Product_4,74,66,0
2023-12-29,Store_5,Product_5,81,101,1
2023-12-29,Store_5,Product_6,78,142,0
2023-12-29,Store_5,Product_7,59,95,1
2023-12-29,Store_5,Product_8,77,101,0
2023-12-29,Store_5,Product_9,59,67,0
2023-12-29,Store_5,Product_10,56,177,0
2023-12-30,Store_1,Product_1,50,197,1
2023-12-30,Store_1,Product_2,83,113,0
2023-12-30,Store_1,Product_3,38,137,0
2023-12-30,Store_1,Product_4,28,54,0
2023-12-30,Store_1,Product_5,41,167,0
2023-12-30,Store_1,Product_6,55,76,0
2023-12-30,Store_1,Product_7,28,77,1
2023-12-30,Store_1,Product_8,29,112,0
2023-12-30,Store_1,Product_9,67,149,0
2023-12-30,Store_1,Product_10,22,94,0
2023-12-30,Store_2,Product_1,43,114,0
2023-12-30,Store_2,Product_2,77,52,0
2023-12-30,Store_2,Product_3,90,147,0
2023-12-30,Store_2,Product_4,79,154,0
2023-12-30,Store_2,Product_5,96,151,1
2023-12-30,Store_2,Product_6,67,178,1
2023-12-30,Store_2,Product_7,25,108,0
2023-12-30,Store_2,Product_8,35,56,0
2023-12-30,Store_2,Product_9,84,152,0
2023-12-30,Store_2,Product_10,40,150,0
2023-12-30,Store_3,Product_1,56,172,0
2023-12-30,Store_3,Product_2,70,115,0
2023-12-30,Store_3,Product_3,74,81,1
2023-12-30,Store_3,Product_4,80,161,0
2023-12-30,Store_3,Product_5,89,58,0
2023-12-30,Store_3,Product_6,83,104,0
2023-12-30,Store_3,Product_7,104,117,0
2023-12-30,Store_3,Product_8,50,67,1
2023-12-30,Store_3,Product_9,70,125,1
2023-12-30,Store_3,Product_10,51,149,0
2023-12-30,Store_4,Product_1,59,142,0
2023-12-30,Store_4,Product_2,37,76,0
2023-12-30,Store_4,Product_3,46,118,0
2023-12-30,Store_4,Product_4,61,118,0
2023-12-30,Store_4,Product_5,31,53,0
2023-12-30,Store_4,Product_6,91,55,0
2023-12-30,Store_4,Product_7,74,76,1
2023-12-30,Store_4,Product_8,15,114,0
2023-12-30,Store_4,Product_9,32,81,0
2023-12-30,Store_4,Product_10,57,132,0
2023-12-30,Store_5,Product_1,85,52,0
2023-12-30,Store_5,Product_2,48,188,0
2023-12-30,Store_5,Product_3,49,119,0
2023-12-30,Store_5,Product_4,79,72,0
2023-12-30,Store_5,Product_5,86,84,0
2023-12-30,Store_5,Product_6,83,117,0
2023-12-30,Store_5,Product_7,54,153,0
2023-12-30,Store_5,Product_8,56,73,0
2023-12-30,Store_5,Product_9,52,83,0
2023-12-30,Store_5,Product_10,50,55,1
2023-12-31,Store_1,Product_1,26,96,0
2023-12-31,Store_1,Product_2,49,137,0
2023-12-31,Store_1,Product_3,98,81,0
2023-12-31,Store_1,Product_4,87,136,0
2023-12-31,Store_1,Product_5,63,120,0
2023-12-31,Store_1,Product_6,46,184,0
2023-12-31,Store_1,Product_7,89,105,0
2023-12-31,Store_1,Product_8,63,138,0
2023-12-31,Store_1,Product_9,53,157,0
2023-12-31,Store_1,Product_10,40,95,0
2023-12-31,Store_2,Product_1,28,151,0
2023-12-31,Store_2,Product_2,38,80,0
2023-12-31,Store_2,Product_3,54,113,1
2023-12-31,Store_2,Product_4,103,148,0
2023-12-31,Store_2,Product_5,75,152,1
2023-12-31,Store_2,Product_6,29,154,0
2023-12-31,Store_2,Product_7,40,86,0
2023-12-31,Store_2,Product_8,72,179,0
2023-12-31,Store_2,Product_9,26,148,0
2023-12-31,Store_2,Product_10,48,199,0
2023-12-31,Store_3,Product_1,99,143,0
2023-12-31,Store_3,Product_2,15,77,0
2023-12-31,Store_3,Product_3,101,107,0
2023-12-31,Store_3,Product_4,97,89,0
2023-12-31,Store_3,Product_5,25,105,0
2023-12-31,Store_3,Product_6,35,185,0
2023-12-31,Store_3,Product_7,97,187,0
2023-12-31,Store_3,Product_8,85,58,0
2023-12-31,Store_3,Product_9,29,58,0
2023-12-31,Store_3,Product_10,32,111,0
2023-12-31,Store_4,Product_1,76,164,0
2023-12-31,Store_4,Product_2,84,191,0
2023-12-31,Store_4,Product_3,51,156,0
2023-12-31,Store_4,Product_4,81,168,0
2023-12-31,Store_4,Product_5,27,150,0
2023-12-31,Store_4,Product_6,92,116,0
2023-12-31,Store_4,Product_7,84,146,0
2023-12-31,Store_4,Product_8,67,91,0
2023-12-31,Store_4,Product_9,88,135,1
2023-12-31,Store_4,Product_10,103,145,0
2023-12-31,Store_5,Product_1,54,178,0
2023-12-31,Store_5,Product_2,42,174,0
2023-12-31,Store_5,Product_3,74,84,0
2023-12-31,Store_5,Product_4,28,177,0
2023-12-31,Store_5,Product_5,74,55,0
2023-12-31,Store_5,Product_6,94,138,0
2023-12-31,Store_5,Product_7,65,132,0
2023-12-31,Store_5,Product_8,78,127,0
2023-12-31,Store_5,Product_9,41,163,0
2023-12-31,Store_5,Product_10,57,78,0
